k,flagged,recall,precision,residual_risk,run_name,dataset,detector
0,0.0,0.0,,0.24907063197026022,zero_shot,dmid,drift
1,0.0037174721189591076,0.0,0.0,0.25,zero_shot,dmid,drift
2,0.007434944237918215,0.0,0.0,0.250936329588015,zero_shot,dmid,drift
3,0.011152416356877323,0.0,0.0,0.2518796992481203,zero_shot,dmid,drift
4,0.01486988847583643,0.014925373134328358,0.25,0.2490566037735849,zero_shot,dmid,drift
5,0.01858736059479554,0.014925373134328358,0.2,0.25,zero_shot,dmid,drift
6,0.022304832713754646,0.014925373134328358,0.16666666666666666,0.2509505703422053,zero_shot,dmid,drift
7,0.026022304832713755,0.014925373134328358,0.14285714285714285,0.25190839694656486,zero_shot,dmid,drift
8,0.02973977695167286,0.014925373134328358,0.125,0.25287356321839083,zero_shot,dmid,drift
9,0.03345724907063197,0.029850746268656716,0.2222222222222222,0.25,zero_shot,dmid,drift
10,0.03717472118959108,0.04477611940298507,0.3,0.2471042471042471,zero_shot,dmid,drift
11,0.040892193308550186,0.04477611940298507,0.2727272727272727,0.24806201550387597,zero_shot,dmid,drift
12,0.04460966542750929,0.04477611940298507,0.25,0.2490272373540856,zero_shot,dmid,drift
13,0.048327137546468404,0.05970149253731343,0.3076923076923077,0.24609375,zero_shot,dmid,drift
14,0.05204460966542751,0.05970149253731343,0.2857142857142857,0.24705882352941178,zero_shot,dmid,drift
15,0.055762081784386616,0.05970149253731343,0.26666666666666666,0.24803149606299213,zero_shot,dmid,drift
16,0.05947955390334572,0.05970149253731343,0.25,0.2490118577075099,zero_shot,dmid,drift
17,0.06319702602230483,0.05970149253731343,0.23529411764705882,0.25,zero_shot,dmid,drift
18,0.06691449814126393,0.05970149253731343,0.2222222222222222,0.250996015936255,zero_shot,dmid,drift
19,0.07063197026022305,0.07462686567164178,0.2631578947368421,0.248,zero_shot,dmid,drift
20,0.07434944237918216,0.07462686567164178,0.25,0.24899598393574296,zero_shot,dmid,drift
21,0.07806691449814127,0.07462686567164178,0.23809523809523808,0.25,zero_shot,dmid,drift
22,0.08178438661710037,0.07462686567164178,0.22727272727272727,0.25101214574898784,zero_shot,dmid,drift
23,0.08550185873605948,0.07462686567164178,0.21739130434782608,0.25203252032520324,zero_shot,dmid,drift
24,0.08921933085501858,0.08955223880597014,0.25,0.24897959183673468,zero_shot,dmid,drift
25,0.09293680297397769,0.08955223880597014,0.24,0.25,zero_shot,dmid,drift
26,0.09665427509293681,0.08955223880597014,0.23076923076923078,0.25102880658436216,zero_shot,dmid,drift
27,0.10037174721189591,0.08955223880597014,0.2222222222222222,0.25206611570247933,zero_shot,dmid,drift
28,0.10408921933085502,0.1044776119402985,0.25,0.24896265560165975,zero_shot,dmid,drift
29,0.10780669144981413,0.11940298507462686,0.27586206896551724,0.24583333333333332,zero_shot,dmid,drift
30,0.11152416356877323,0.13432835820895522,0.3,0.24267782426778242,zero_shot,dmid,drift
31,0.11524163568773234,0.13432835820895522,0.2903225806451613,0.24369747899159663,zero_shot,dmid,drift
32,0.11895910780669144,0.13432835820895522,0.28125,0.24472573839662448,zero_shot,dmid,drift
33,0.12267657992565056,0.13432835820895522,0.2727272727272727,0.2457627118644068,zero_shot,dmid,drift
34,0.12639405204460966,0.13432835820895522,0.2647058823529412,0.24680851063829787,zero_shot,dmid,drift
35,0.13011152416356878,0.13432835820895522,0.2571428571428571,0.24786324786324787,zero_shot,dmid,drift
36,0.13382899628252787,0.14925373134328357,0.2777777777777778,0.2446351931330472,zero_shot,dmid,drift
37,0.137546468401487,0.14925373134328357,0.2702702702702703,0.24568965517241378,zero_shot,dmid,drift
38,0.1412639405204461,0.14925373134328357,0.2631578947368421,0.24675324675324675,zero_shot,dmid,drift
39,0.1449814126394052,0.14925373134328357,0.2564102564102564,0.24782608695652175,zero_shot,dmid,drift
40,0.14869888475836432,0.14925373134328357,0.25,0.24890829694323144,zero_shot,dmid,drift
41,0.1524163568773234,0.14925373134328357,0.24390243902439024,0.25,zero_shot,dmid,drift
42,0.15613382899628253,0.14925373134328357,0.23809523809523808,0.2511013215859031,zero_shot,dmid,drift
43,0.15985130111524162,0.14925373134328357,0.23255813953488372,0.252212389380531,zero_shot,dmid,drift
44,0.16356877323420074,0.16417910447761194,0.25,0.24888888888888888,zero_shot,dmid,drift
45,0.16728624535315986,0.16417910447761194,0.24444444444444444,0.25,zero_shot,dmid,drift
46,0.17100371747211895,0.1791044776119403,0.2608695652173913,0.24663677130044842,zero_shot,dmid,drift
47,0.17472118959107807,0.1791044776119403,0.2553191489361702,0.24774774774774774,zero_shot,dmid,drift
48,0.17843866171003717,0.1791044776119403,0.25,0.248868778280543,zero_shot,dmid,drift
49,0.1821561338289963,0.1791044776119403,0.24489795918367346,0.25,zero_shot,dmid,drift
50,0.18587360594795538,0.19402985074626866,0.26,0.2465753424657534,zero_shot,dmid,drift
51,0.1895910780669145,0.208955223880597,0.27450980392156865,0.24311926605504589,zero_shot,dmid,drift
52,0.19330855018587362,0.208955223880597,0.2692307692307692,0.24423963133640553,zero_shot,dmid,drift
53,0.1970260223048327,0.208955223880597,0.2641509433962264,0.24537037037037038,zero_shot,dmid,drift
54,0.20074349442379183,0.208955223880597,0.25925925925925924,0.24651162790697675,zero_shot,dmid,drift
55,0.20446096654275092,0.208955223880597,0.2545454545454545,0.24766355140186916,zero_shot,dmid,drift
56,0.20817843866171004,0.22388059701492538,0.26785714285714285,0.24413145539906103,zero_shot,dmid,drift
57,0.21189591078066913,0.22388059701492538,0.2631578947368421,0.24528301886792453,zero_shot,dmid,drift
58,0.21561338289962825,0.22388059701492538,0.25862068965517243,0.24644549763033174,zero_shot,dmid,drift
59,0.21933085501858737,0.22388059701492538,0.2542372881355932,0.24761904761904763,zero_shot,dmid,drift
60,0.22304832713754646,0.22388059701492538,0.25,0.24880382775119617,zero_shot,dmid,drift
61,0.22676579925650558,0.22388059701492538,0.2459016393442623,0.25,zero_shot,dmid,drift
62,0.23048327137546468,0.23880597014925373,0.25806451612903225,0.2463768115942029,zero_shot,dmid,drift
63,0.2342007434944238,0.2537313432835821,0.2698412698412698,0.24271844660194175,zero_shot,dmid,drift
64,0.2379182156133829,0.2537313432835821,0.265625,0.24390243902439024,zero_shot,dmid,drift
65,0.241635687732342,0.2537313432835821,0.26153846153846155,0.24509803921568626,zero_shot,dmid,drift
66,0.24535315985130113,0.26865671641791045,0.2727272727272727,0.2413793103448276,zero_shot,dmid,drift
67,0.24907063197026022,0.26865671641791045,0.26865671641791045,0.24257425742574257,zero_shot,dmid,drift
68,0.2527881040892193,0.26865671641791045,0.2647058823529412,0.24378109452736318,zero_shot,dmid,drift
69,0.25650557620817843,0.26865671641791045,0.2608695652173913,0.245,zero_shot,dmid,drift
70,0.26022304832713755,0.26865671641791045,0.2571428571428571,0.24623115577889448,zero_shot,dmid,drift
71,0.26394052044609667,0.26865671641791045,0.2535211267605634,0.2474747474747475,zero_shot,dmid,drift
72,0.26765799256505574,0.2835820895522388,0.2638888888888889,0.2436548223350254,zero_shot,dmid,drift
73,0.27137546468401486,0.2835820895522388,0.2602739726027397,0.24489795918367346,zero_shot,dmid,drift
74,0.275092936802974,0.29850746268656714,0.2702702702702703,0.24102564102564103,zero_shot,dmid,drift
75,0.2788104089219331,0.29850746268656714,0.26666666666666666,0.2422680412371134,zero_shot,dmid,drift
76,0.2825278810408922,0.31343283582089554,0.27631578947368424,0.23834196891191708,zero_shot,dmid,drift
77,0.2862453531598513,0.31343283582089554,0.2727272727272727,0.23958333333333334,zero_shot,dmid,drift
78,0.2899628252788104,0.31343283582089554,0.2692307692307692,0.24083769633507854,zero_shot,dmid,drift
79,0.2936802973977695,0.31343283582089554,0.26582278481012656,0.24210526315789474,zero_shot,dmid,drift
80,0.29739776951672864,0.31343283582089554,0.2625,0.24338624338624337,zero_shot,dmid,drift
81,0.30111524163568776,0.31343283582089554,0.25925925925925924,0.24468085106382978,zero_shot,dmid,drift
82,0.3048327137546468,0.31343283582089554,0.25609756097560976,0.24598930481283424,zero_shot,dmid,drift
83,0.30855018587360594,0.31343283582089554,0.25301204819277107,0.24731182795698925,zero_shot,dmid,drift
84,0.31226765799256506,0.31343283582089554,0.25,0.24864864864864866,zero_shot,dmid,drift
85,0.3159851301115242,0.31343283582089554,0.24705882352941178,0.25,zero_shot,dmid,drift
86,0.31970260223048325,0.31343283582089554,0.2441860465116279,0.25136612021857924,zero_shot,dmid,drift
87,0.32342007434944237,0.3283582089552239,0.25287356321839083,0.24725274725274726,zero_shot,dmid,drift
88,0.3271375464684015,0.3283582089552239,0.25,0.24861878453038674,zero_shot,dmid,drift
89,0.3308550185873606,0.3283582089552239,0.24719101123595505,0.25,zero_shot,dmid,drift
90,0.3345724907063197,0.3283582089552239,0.24444444444444444,0.25139664804469275,zero_shot,dmid,drift
91,0.3382899628252788,0.34328358208955223,0.25274725274725274,0.24719101123595505,zero_shot,dmid,drift
92,0.3420074349442379,0.3582089552238806,0.2608695652173913,0.24293785310734464,zero_shot,dmid,drift
93,0.34572490706319703,0.3582089552238806,0.25806451612903225,0.24431818181818182,zero_shot,dmid,drift
94,0.34944237918215615,0.373134328358209,0.26595744680851063,0.24,zero_shot,dmid,drift
95,0.35315985130111527,0.373134328358209,0.2631578947368421,0.2413793103448276,zero_shot,dmid,drift
96,0.35687732342007433,0.373134328358209,0.2604166666666667,0.24277456647398843,zero_shot,dmid,drift
97,0.36059479553903345,0.3880597014925373,0.26804123711340205,0.23837209302325582,zero_shot,dmid,drift
98,0.3643122676579926,0.3880597014925373,0.2653061224489796,0.23976608187134502,zero_shot,dmid,drift
99,0.3680297397769517,0.40298507462686567,0.2727272727272727,0.23529411764705882,zero_shot,dmid,drift
100,0.37174721189591076,0.417910447761194,0.28,0.23076923076923078,zero_shot,dmid,drift
101,0.3754646840148699,0.43283582089552236,0.2871287128712871,0.2261904761904762,zero_shot,dmid,drift
102,0.379182156133829,0.44776119402985076,0.29411764705882354,0.2215568862275449,zero_shot,dmid,drift
103,0.3828996282527881,0.44776119402985076,0.2912621359223301,0.22289156626506024,zero_shot,dmid,drift
104,0.38661710037174724,0.44776119402985076,0.28846153846153844,0.22424242424242424,zero_shot,dmid,drift
105,0.3903345724907063,0.44776119402985076,0.2857142857142857,0.22560975609756098,zero_shot,dmid,drift
106,0.3940520446096654,0.44776119402985076,0.2830188679245283,0.22699386503067484,zero_shot,dmid,drift
107,0.39776951672862454,0.44776119402985076,0.2803738317757009,0.22839506172839505,zero_shot,dmid,drift
108,0.40148698884758366,0.4626865671641791,0.28703703703703703,0.2236024844720497,zero_shot,dmid,drift
109,0.4052044609665427,0.4626865671641791,0.28440366972477066,0.225,zero_shot,dmid,drift
110,0.40892193308550184,0.47761194029850745,0.2909090909090909,0.22012578616352202,zero_shot,dmid,drift
111,0.41263940520446096,0.47761194029850745,0.2882882882882883,0.22151898734177214,zero_shot,dmid,drift
112,0.4163568773234201,0.4925373134328358,0.29464285714285715,0.21656050955414013,zero_shot,dmid,drift
113,0.4200743494423792,0.4925373134328358,0.2920353982300885,0.21794871794871795,zero_shot,dmid,drift
114,0.42379182156133827,0.4925373134328358,0.2894736842105263,0.21935483870967742,zero_shot,dmid,drift
115,0.4275092936802974,0.4925373134328358,0.28695652173913044,0.22077922077922077,zero_shot,dmid,drift
116,0.4312267657992565,0.5074626865671642,0.29310344827586204,0.21568627450980393,zero_shot,dmid,drift
117,0.4349442379182156,0.5223880597014925,0.29914529914529914,0.21052631578947367,zero_shot,dmid,drift
118,0.43866171003717475,0.5223880597014925,0.2966101694915254,0.2119205298013245,zero_shot,dmid,drift
119,0.4423791821561338,0.5223880597014925,0.29411764705882354,0.21333333333333335,zero_shot,dmid,drift
120,0.44609665427509293,0.5223880597014925,0.2916666666666667,0.21476510067114093,zero_shot,dmid,drift
121,0.44981412639405205,0.5223880597014925,0.2892561983471074,0.21621621621621623,zero_shot,dmid,drift
122,0.45353159851301117,0.5373134328358209,0.29508196721311475,0.2108843537414966,zero_shot,dmid,drift
123,0.45724907063197023,0.5373134328358209,0.2926829268292683,0.21232876712328766,zero_shot,dmid,drift
124,0.46096654275092935,0.5373134328358209,0.2903225806451613,0.21379310344827587,zero_shot,dmid,drift
125,0.4646840148698885,0.5522388059701493,0.296,0.20833333333333334,zero_shot,dmid,drift
126,0.4684014869888476,0.5522388059701493,0.29365079365079366,0.2097902097902098,zero_shot,dmid,drift
127,0.4721189591078067,0.5671641791044776,0.2992125984251969,0.20422535211267606,zero_shot,dmid,drift
128,0.4758364312267658,0.582089552238806,0.3046875,0.19858156028368795,zero_shot,dmid,drift
129,0.4795539033457249,0.582089552238806,0.3023255813953488,0.2,zero_shot,dmid,drift
130,0.483271375464684,0.582089552238806,0.3,0.2014388489208633,zero_shot,dmid,drift
131,0.48698884758364314,0.582089552238806,0.29770992366412213,0.2028985507246377,zero_shot,dmid,drift
132,0.49070631970260226,0.582089552238806,0.29545454545454547,0.20437956204379562,zero_shot,dmid,drift
133,0.4944237918215613,0.582089552238806,0.2932330827067669,0.20588235294117646,zero_shot,dmid,drift
134,0.49814126394052044,0.582089552238806,0.291044776119403,0.2074074074074074,zero_shot,dmid,drift
135,0.5018587360594795,0.582089552238806,0.28888888888888886,0.208955223880597,zero_shot,dmid,drift
136,0.5055762081784386,0.582089552238806,0.2867647058823529,0.21052631578947367,zero_shot,dmid,drift
137,0.5092936802973977,0.582089552238806,0.2846715328467153,0.21212121212121213,zero_shot,dmid,drift
138,0.5130111524163569,0.582089552238806,0.2826086956521739,0.21374045801526717,zero_shot,dmid,drift
139,0.516728624535316,0.5970149253731343,0.28776978417266186,0.2076923076923077,zero_shot,dmid,drift
140,0.5204460966542751,0.5970149253731343,0.2857142857142857,0.20930232558139536,zero_shot,dmid,drift
141,0.5241635687732342,0.5970149253731343,0.28368794326241137,0.2109375,zero_shot,dmid,drift
142,0.5278810408921933,0.5970149253731343,0.28169014084507044,0.2125984251968504,zero_shot,dmid,drift
143,0.5315985130111525,0.5970149253731343,0.27972027972027974,0.21428571428571427,zero_shot,dmid,drift
144,0.5353159851301115,0.6119402985074627,0.2847222222222222,0.208,zero_shot,dmid,drift
145,0.5390334572490706,0.6119402985074627,0.2827586206896552,0.20967741935483872,zero_shot,dmid,drift
146,0.5427509293680297,0.6119402985074627,0.2808219178082192,0.21138211382113822,zero_shot,dmid,drift
147,0.5464684014869888,0.6119402985074627,0.2789115646258503,0.21311475409836064,zero_shot,dmid,drift
148,0.550185873605948,0.6119402985074627,0.27702702702702703,0.21487603305785125,zero_shot,dmid,drift
149,0.5539033457249071,0.6119402985074627,0.2751677852348993,0.21666666666666667,zero_shot,dmid,drift
150,0.5576208178438662,0.6119402985074627,0.2733333333333333,0.2184873949579832,zero_shot,dmid,drift
151,0.5613382899628253,0.6119402985074627,0.271523178807947,0.22033898305084745,zero_shot,dmid,drift
152,0.5650557620817844,0.6268656716417911,0.27631578947368424,0.21367521367521367,zero_shot,dmid,drift
153,0.5687732342007435,0.6268656716417911,0.27450980392156865,0.21551724137931033,zero_shot,dmid,drift
154,0.5724907063197026,0.6417910447761194,0.2792207792207792,0.20869565217391303,zero_shot,dmid,drift
155,0.5762081784386617,0.6417910447761194,0.27741935483870966,0.21052631578947367,zero_shot,dmid,drift
156,0.5799256505576208,0.6417910447761194,0.27564102564102566,0.21238938053097345,zero_shot,dmid,drift
157,0.5836431226765799,0.6417910447761194,0.27388535031847133,0.21428571428571427,zero_shot,dmid,drift
158,0.587360594795539,0.6417910447761194,0.2721518987341772,0.21621621621621623,zero_shot,dmid,drift
159,0.5910780669144982,0.6417910447761194,0.27044025157232704,0.21818181818181817,zero_shot,dmid,drift
160,0.5947955390334573,0.6417910447761194,0.26875,0.22018348623853212,zero_shot,dmid,drift
161,0.5985130111524164,0.6567164179104478,0.2732919254658385,0.21296296296296297,zero_shot,dmid,drift
162,0.6022304832713755,0.6567164179104478,0.2716049382716049,0.21495327102803738,zero_shot,dmid,drift
163,0.6059479553903345,0.6567164179104478,0.26993865030674846,0.2169811320754717,zero_shot,dmid,drift
164,0.6096654275092936,0.6716417910447762,0.27439024390243905,0.20952380952380953,zero_shot,dmid,drift
165,0.6133828996282528,0.6865671641791045,0.2787878787878788,0.20192307692307693,zero_shot,dmid,drift
166,0.6171003717472119,0.7014925373134329,0.28313253012048195,0.1941747572815534,zero_shot,dmid,drift
167,0.620817843866171,0.7164179104477612,0.2874251497005988,0.18627450980392157,zero_shot,dmid,drift
168,0.6245353159851301,0.7164179104477612,0.2857142857142857,0.18811881188118812,zero_shot,dmid,drift
169,0.6282527881040892,0.7164179104477612,0.28402366863905326,0.19,zero_shot,dmid,drift
170,0.6319702602230484,0.7313432835820896,0.28823529411764703,0.18181818181818182,zero_shot,dmid,drift
171,0.6356877323420075,0.746268656716418,0.29239766081871343,0.17346938775510204,zero_shot,dmid,drift
172,0.6394052044609665,0.746268656716418,0.29069767441860467,0.17525773195876287,zero_shot,dmid,drift
173,0.6431226765799256,0.746268656716418,0.28901734104046245,0.17708333333333334,zero_shot,dmid,drift
174,0.6468401486988847,0.746268656716418,0.28735632183908044,0.17894736842105263,zero_shot,dmid,drift
175,0.6505576208178439,0.746268656716418,0.2857142857142857,0.18085106382978725,zero_shot,dmid,drift
176,0.654275092936803,0.746268656716418,0.2840909090909091,0.1827956989247312,zero_shot,dmid,drift
177,0.6579925650557621,0.746268656716418,0.2824858757062147,0.18478260869565216,zero_shot,dmid,drift
178,0.6617100371747212,0.746268656716418,0.2808988764044944,0.18681318681318682,zero_shot,dmid,drift
179,0.6654275092936803,0.746268656716418,0.27932960893854747,0.18888888888888888,zero_shot,dmid,drift
180,0.6691449814126395,0.7611940298507462,0.2833333333333333,0.1797752808988764,zero_shot,dmid,drift
181,0.6728624535315985,0.7611940298507462,0.281767955801105,0.18181818181818182,zero_shot,dmid,drift
182,0.6765799256505576,0.7761194029850746,0.2857142857142857,0.1724137931034483,zero_shot,dmid,drift
183,0.6802973977695167,0.7910447761194029,0.2896174863387978,0.16279069767441862,zero_shot,dmid,drift
184,0.6840148698884758,0.7910447761194029,0.28804347826086957,0.16470588235294117,zero_shot,dmid,drift
185,0.6877323420074349,0.7910447761194029,0.2864864864864865,0.16666666666666666,zero_shot,dmid,drift
186,0.6914498141263941,0.7910447761194029,0.2849462365591398,0.1686746987951807,zero_shot,dmid,drift
187,0.6951672862453532,0.7910447761194029,0.28342245989304815,0.17073170731707318,zero_shot,dmid,drift
188,0.6988847583643123,0.8059701492537313,0.2872340425531915,0.16049382716049382,zero_shot,dmid,drift
189,0.7026022304832714,0.8208955223880597,0.291005291005291,0.15,zero_shot,dmid,drift
190,0.7063197026022305,0.8208955223880597,0.2894736842105263,0.1518987341772152,zero_shot,dmid,drift
191,0.7100371747211895,0.8208955223880597,0.2879581151832461,0.15384615384615385,zero_shot,dmid,drift
192,0.7137546468401487,0.8208955223880597,0.2864583333333333,0.15584415584415584,zero_shot,dmid,drift
193,0.7174721189591078,0.8208955223880597,0.2849740932642487,0.15789473684210525,zero_shot,dmid,drift
194,0.7211895910780669,0.8208955223880597,0.28350515463917525,0.16,zero_shot,dmid,drift
195,0.724907063197026,0.8208955223880597,0.28205128205128205,0.16216216216216217,zero_shot,dmid,drift
196,0.7286245353159851,0.8208955223880597,0.28061224489795916,0.1643835616438356,zero_shot,dmid,drift
197,0.7323420074349443,0.8208955223880597,0.27918781725888325,0.16666666666666666,zero_shot,dmid,drift
198,0.7360594795539034,0.8208955223880597,0.2777777777777778,0.16901408450704225,zero_shot,dmid,drift
199,0.7397769516728625,0.8208955223880597,0.27638190954773867,0.17142857142857143,zero_shot,dmid,drift
200,0.7434944237918215,0.8208955223880597,0.275,0.17391304347826086,zero_shot,dmid,drift
201,0.7472118959107806,0.8208955223880597,0.2736318407960199,0.17647058823529413,zero_shot,dmid,drift
202,0.7509293680297398,0.8208955223880597,0.2722772277227723,0.1791044776119403,zero_shot,dmid,drift
203,0.7546468401486989,0.8208955223880597,0.270935960591133,0.18181818181818182,zero_shot,dmid,drift
204,0.758364312267658,0.8208955223880597,0.2696078431372549,0.18461538461538463,zero_shot,dmid,drift
205,0.7620817843866171,0.8208955223880597,0.2682926829268293,0.1875,zero_shot,dmid,drift
206,0.7657992565055762,0.8208955223880597,0.2669902912621359,0.19047619047619047,zero_shot,dmid,drift
207,0.7695167286245354,0.8208955223880597,0.26570048309178745,0.1935483870967742,zero_shot,dmid,drift
208,0.7732342007434945,0.8208955223880597,0.2644230769230769,0.19672131147540983,zero_shot,dmid,drift
209,0.7769516728624535,0.8208955223880597,0.2631578947368421,0.2,zero_shot,dmid,drift
210,0.7806691449814126,0.8208955223880597,0.2619047619047619,0.2033898305084746,zero_shot,dmid,drift
211,0.7843866171003717,0.8208955223880597,0.26066350710900477,0.20689655172413793,zero_shot,dmid,drift
212,0.7881040892193308,0.8208955223880597,0.25943396226415094,0.21052631578947367,zero_shot,dmid,drift
213,0.79182156133829,0.8208955223880597,0.25821596244131456,0.21428571428571427,zero_shot,dmid,drift
214,0.7955390334572491,0.8208955223880597,0.2570093457943925,0.21818181818181817,zero_shot,dmid,drift
215,0.7992565055762082,0.8208955223880597,0.2558139534883721,0.2222222222222222,zero_shot,dmid,drift
216,0.8029739776951673,0.8208955223880597,0.25462962962962965,0.22641509433962265,zero_shot,dmid,drift
217,0.8066914498141264,0.835820895522388,0.25806451612903225,0.21153846153846154,zero_shot,dmid,drift
218,0.8104089219330854,0.8507462686567164,0.26146788990825687,0.19607843137254902,zero_shot,dmid,drift
219,0.8141263940520446,0.8507462686567164,0.2602739726027397,0.2,zero_shot,dmid,drift
220,0.8178438661710037,0.8507462686567164,0.2590909090909091,0.20408163265306123,zero_shot,dmid,drift
221,0.8215613382899628,0.8656716417910447,0.26244343891402716,0.1875,zero_shot,dmid,drift
222,0.8252788104089219,0.8805970149253731,0.26576576576576577,0.1702127659574468,zero_shot,dmid,drift
223,0.828996282527881,0.8955223880597015,0.26905829596412556,0.15217391304347827,zero_shot,dmid,drift
224,0.8327137546468402,0.8955223880597015,0.26785714285714285,0.15555555555555556,zero_shot,dmid,drift
225,0.8364312267657993,0.8955223880597015,0.26666666666666666,0.1590909090909091,zero_shot,dmid,drift
226,0.8401486988847584,0.8955223880597015,0.26548672566371684,0.16279069767441862,zero_shot,dmid,drift
227,0.8438661710037175,0.8955223880597015,0.2643171806167401,0.16666666666666666,zero_shot,dmid,drift
228,0.8475836431226765,0.8955223880597015,0.2631578947368421,0.17073170731707318,zero_shot,dmid,drift
229,0.8513011152416357,0.8955223880597015,0.26200873362445415,0.175,zero_shot,dmid,drift
230,0.8550185873605948,0.8955223880597015,0.2608695652173913,0.1794871794871795,zero_shot,dmid,drift
231,0.8587360594795539,0.9104477611940298,0.26406926406926406,0.15789473684210525,zero_shot,dmid,drift
232,0.862453531598513,0.9104477611940298,0.2629310344827586,0.16216216216216217,zero_shot,dmid,drift
233,0.8661710037174721,0.9104477611940298,0.26180257510729615,0.16666666666666666,zero_shot,dmid,drift
234,0.8698884758364313,0.9104477611940298,0.2606837606837607,0.17142857142857143,zero_shot,dmid,drift
235,0.8736059479553904,0.9104477611940298,0.25957446808510637,0.17647058823529413,zero_shot,dmid,drift
236,0.8773234200743495,0.9253731343283582,0.2627118644067797,0.15151515151515152,zero_shot,dmid,drift
237,0.8810408921933085,0.9402985074626866,0.26582278481012656,0.125,zero_shot,dmid,drift
238,0.8847583643122676,0.9402985074626866,0.2647058823529412,0.12903225806451613,zero_shot,dmid,drift
239,0.8884758364312267,0.9402985074626866,0.26359832635983266,0.13333333333333333,zero_shot,dmid,drift
240,0.8921933085501859,0.9402985074626866,0.2625,0.13793103448275862,zero_shot,dmid,drift
241,0.895910780669145,0.9402985074626866,0.26141078838174275,0.14285714285714285,zero_shot,dmid,drift
242,0.8996282527881041,0.9552238805970149,0.2644628099173554,0.1111111111111111,zero_shot,dmid,drift
243,0.9033457249070632,0.9552238805970149,0.26337448559670784,0.11538461538461539,zero_shot,dmid,drift
244,0.9070631970260223,0.9552238805970149,0.26229508196721313,0.12,zero_shot,dmid,drift
245,0.9107806691449815,0.9552238805970149,0.2612244897959184,0.125,zero_shot,dmid,drift
246,0.9144981412639405,0.9552238805970149,0.2601626016260163,0.13043478260869565,zero_shot,dmid,drift
247,0.9182156133828996,0.9552238805970149,0.2591093117408907,0.13636363636363635,zero_shot,dmid,drift
248,0.9219330855018587,0.9552238805970149,0.25806451612903225,0.14285714285714285,zero_shot,dmid,drift
249,0.9256505576208178,0.9552238805970149,0.2570281124497992,0.15,zero_shot,dmid,drift
250,0.929368029739777,0.9552238805970149,0.256,0.15789473684210525,zero_shot,dmid,drift
251,0.9330855018587361,0.9552238805970149,0.2549800796812749,0.16666666666666666,zero_shot,dmid,drift
252,0.9368029739776952,0.9552238805970149,0.25396825396825395,0.17647058823529413,zero_shot,dmid,drift
253,0.9405204460966543,0.9552238805970149,0.25296442687747034,0.1875,zero_shot,dmid,drift
254,0.9442379182156134,0.9552238805970149,0.25196850393700787,0.2,zero_shot,dmid,drift
255,0.9479553903345725,0.9552238805970149,0.25098039215686274,0.21428571428571427,zero_shot,dmid,drift
256,0.9516728624535316,0.9552238805970149,0.25,0.23076923076923078,zero_shot,dmid,drift
257,0.9553903345724907,0.9552238805970149,0.2490272373540856,0.25,zero_shot,dmid,drift
258,0.9591078066914498,0.9552238805970149,0.24806201550387597,0.2727272727272727,zero_shot,dmid,drift
259,0.9628252788104089,0.9552238805970149,0.2471042471042471,0.3,zero_shot,dmid,drift
260,0.966542750929368,0.9552238805970149,0.24615384615384617,0.3333333333333333,zero_shot,dmid,drift
261,0.9702602230483272,0.9552238805970149,0.24521072796934865,0.375,zero_shot,dmid,drift
262,0.9739776951672863,0.9552238805970149,0.24427480916030533,0.42857142857142855,zero_shot,dmid,drift
263,0.9776951672862454,0.9552238805970149,0.24334600760456274,0.5,zero_shot,dmid,drift
264,0.9814126394052045,0.9701492537313433,0.24621212121212122,0.4,zero_shot,dmid,drift
265,0.9851301115241635,0.9850746268656716,0.2490566037735849,0.25,zero_shot,dmid,drift
266,0.9888475836431226,0.9850746268656716,0.24812030075187969,0.3333333333333333,zero_shot,dmid,drift
267,0.9925650557620818,1.0,0.250936329588015,0.0,zero_shot,dmid,drift
268,0.9962825278810409,1.0,0.25,0.0,zero_shot,dmid,drift
269,1.0,1.0,0.24907063197026022,,zero_shot,dmid,drift
0,0.0,0.0,,0.24907063197026022,zero_shot,dmid,iou_pred
1,0.0037174721189591076,0.014925373134328358,1.0,0.2462686567164179,zero_shot,dmid,iou_pred
2,0.007434944237918215,0.029850746268656716,1.0,0.24344569288389514,zero_shot,dmid,iou_pred
3,0.011152416356877323,0.029850746268656716,0.6666666666666666,0.24436090225563908,zero_shot,dmid,iou_pred
4,0.01486988847583643,0.029850746268656716,0.5,0.24528301886792453,zero_shot,dmid,iou_pred
5,0.01858736059479554,0.029850746268656716,0.4,0.24621212121212122,zero_shot,dmid,iou_pred
6,0.022304832713754646,0.04477611940298507,0.5,0.24334600760456274,zero_shot,dmid,iou_pred
7,0.026022304832713755,0.04477611940298507,0.42857142857142855,0.24427480916030533,zero_shot,dmid,iou_pred
8,0.02973977695167286,0.04477611940298507,0.375,0.24521072796934865,zero_shot,dmid,iou_pred
9,0.03345724907063197,0.04477611940298507,0.3333333333333333,0.24615384615384617,zero_shot,dmid,iou_pred
10,0.03717472118959108,0.05970149253731343,0.4,0.24324324324324326,zero_shot,dmid,iou_pred
11,0.040892193308550186,0.05970149253731343,0.36363636363636365,0.2441860465116279,zero_shot,dmid,iou_pred
12,0.04460966542750929,0.05970149253731343,0.3333333333333333,0.245136186770428,zero_shot,dmid,iou_pred
13,0.048327137546468404,0.05970149253731343,0.3076923076923077,0.24609375,zero_shot,dmid,iou_pred
14,0.05204460966542751,0.05970149253731343,0.2857142857142857,0.24705882352941178,zero_shot,dmid,iou_pred
15,0.055762081784386616,0.05970149253731343,0.26666666666666666,0.24803149606299213,zero_shot,dmid,iou_pred
16,0.05947955390334572,0.05970149253731343,0.25,0.2490118577075099,zero_shot,dmid,iou_pred
17,0.06319702602230483,0.07462686567164178,0.29411764705882354,0.24603174603174602,zero_shot,dmid,iou_pred
18,0.06691449814126393,0.07462686567164178,0.2777777777777778,0.24701195219123506,zero_shot,dmid,iou_pred
19,0.07063197026022305,0.07462686567164178,0.2631578947368421,0.248,zero_shot,dmid,iou_pred
20,0.07434944237918216,0.08955223880597014,0.3,0.24497991967871485,zero_shot,dmid,iou_pred
21,0.07806691449814127,0.08955223880597014,0.2857142857142857,0.24596774193548387,zero_shot,dmid,iou_pred
22,0.08178438661710037,0.08955223880597014,0.2727272727272727,0.24696356275303644,zero_shot,dmid,iou_pred
23,0.08550185873605948,0.1044776119402985,0.30434782608695654,0.24390243902439024,zero_shot,dmid,iou_pred
24,0.08921933085501858,0.1044776119402985,0.2916666666666667,0.24489795918367346,zero_shot,dmid,iou_pred
25,0.09293680297397769,0.1044776119402985,0.28,0.2459016393442623,zero_shot,dmid,iou_pred
26,0.09665427509293681,0.1044776119402985,0.2692307692307692,0.24691358024691357,zero_shot,dmid,iou_pred
27,0.10037174721189591,0.11940298507462686,0.2962962962962963,0.24380165289256198,zero_shot,dmid,iou_pred
28,0.10408921933085502,0.11940298507462686,0.2857142857142857,0.24481327800829875,zero_shot,dmid,iou_pred
29,0.10780669144981413,0.11940298507462686,0.27586206896551724,0.24583333333333332,zero_shot,dmid,iou_pred
30,0.11152416356877323,0.11940298507462686,0.26666666666666666,0.24686192468619247,zero_shot,dmid,iou_pred
31,0.11524163568773234,0.11940298507462686,0.25806451612903225,0.24789915966386555,zero_shot,dmid,iou_pred
32,0.11895910780669144,0.11940298507462686,0.25,0.2489451476793249,zero_shot,dmid,iou_pred
33,0.12267657992565056,0.11940298507462686,0.24242424242424243,0.25,zero_shot,dmid,iou_pred
34,0.12639405204460966,0.11940298507462686,0.23529411764705882,0.251063829787234,zero_shot,dmid,iou_pred
35,0.13011152416356878,0.11940298507462686,0.22857142857142856,0.25213675213675213,zero_shot,dmid,iou_pred
36,0.13382899628252787,0.13432835820895522,0.25,0.24892703862660945,zero_shot,dmid,iou_pred
37,0.137546468401487,0.13432835820895522,0.24324324324324326,0.25,zero_shot,dmid,iou_pred
38,0.1412639405204461,0.13432835820895522,0.23684210526315788,0.2510822510822511,zero_shot,dmid,iou_pred
39,0.1449814126394052,0.14925373134328357,0.2564102564102564,0.24782608695652175,zero_shot,dmid,iou_pred
40,0.14869888475836432,0.14925373134328357,0.25,0.24890829694323144,zero_shot,dmid,iou_pred
41,0.1524163568773234,0.14925373134328357,0.24390243902439024,0.25,zero_shot,dmid,iou_pred
42,0.15613382899628253,0.14925373134328357,0.23809523809523808,0.2511013215859031,zero_shot,dmid,iou_pred
43,0.15985130111524162,0.14925373134328357,0.23255813953488372,0.252212389380531,zero_shot,dmid,iou_pred
44,0.16356877323420074,0.14925373134328357,0.22727272727272727,0.25333333333333335,zero_shot,dmid,iou_pred
45,0.16728624535315986,0.14925373134328357,0.2222222222222222,0.2544642857142857,zero_shot,dmid,iou_pred
46,0.17100371747211895,0.16417910447761194,0.2391304347826087,0.25112107623318386,zero_shot,dmid,iou_pred
47,0.17472118959107807,0.16417910447761194,0.23404255319148937,0.25225225225225223,zero_shot,dmid,iou_pred
48,0.17843866171003717,0.16417910447761194,0.22916666666666666,0.25339366515837103,zero_shot,dmid,iou_pred
49,0.1821561338289963,0.16417910447761194,0.22448979591836735,0.2545454545454545,zero_shot,dmid,iou_pred
50,0.18587360594795538,0.16417910447761194,0.22,0.2557077625570776,zero_shot,dmid,iou_pred
51,0.1895910780669145,0.16417910447761194,0.21568627450980393,0.25688073394495414,zero_shot,dmid,iou_pred
52,0.19330855018587362,0.1791044776119403,0.23076923076923078,0.2534562211981567,zero_shot,dmid,iou_pred
53,0.1970260223048327,0.1791044776119403,0.22641509433962265,0.25462962962962965,zero_shot,dmid,iou_pred
54,0.20074349442379183,0.19402985074626866,0.24074074074074073,0.25116279069767444,zero_shot,dmid,iou_pred
55,0.20446096654275092,0.19402985074626866,0.23636363636363636,0.2523364485981308,zero_shot,dmid,iou_pred
56,0.20817843866171004,0.19402985074626866,0.23214285714285715,0.2535211267605634,zero_shot,dmid,iou_pred
57,0.21189591078066913,0.19402985074626866,0.22807017543859648,0.25471698113207547,zero_shot,dmid,iou_pred
58,0.21561338289962825,0.19402985074626866,0.22413793103448276,0.2559241706161137,zero_shot,dmid,iou_pred
59,0.21933085501858737,0.208955223880597,0.23728813559322035,0.2523809523809524,zero_shot,dmid,iou_pred
60,0.22304832713754646,0.208955223880597,0.23333333333333334,0.2535885167464115,zero_shot,dmid,iou_pred
61,0.22676579925650558,0.22388059701492538,0.2459016393442623,0.25,zero_shot,dmid,iou_pred
62,0.23048327137546468,0.22388059701492538,0.24193548387096775,0.25120772946859904,zero_shot,dmid,iou_pred
63,0.2342007434944238,0.23880597014925373,0.25396825396825395,0.24757281553398058,zero_shot,dmid,iou_pred
64,0.2379182156133829,0.23880597014925373,0.25,0.24878048780487805,zero_shot,dmid,iou_pred
65,0.241635687732342,0.23880597014925373,0.24615384615384617,0.25,zero_shot,dmid,iou_pred
66,0.24535315985130113,0.2537313432835821,0.25757575757575757,0.24630541871921183,zero_shot,dmid,iou_pred
67,0.24907063197026022,0.2537313432835821,0.2537313432835821,0.24752475247524752,zero_shot,dmid,iou_pred
68,0.2527881040892193,0.2537313432835821,0.25,0.24875621890547264,zero_shot,dmid,iou_pred
69,0.25650557620817843,0.26865671641791045,0.2608695652173913,0.245,zero_shot,dmid,iou_pred
70,0.26022304832713755,0.26865671641791045,0.2571428571428571,0.24623115577889448,zero_shot,dmid,iou_pred
71,0.26394052044609667,0.26865671641791045,0.2535211267605634,0.2474747474747475,zero_shot,dmid,iou_pred
72,0.26765799256505574,0.2835820895522388,0.2638888888888889,0.2436548223350254,zero_shot,dmid,iou_pred
73,0.27137546468401486,0.2835820895522388,0.2602739726027397,0.24489795918367346,zero_shot,dmid,iou_pred
74,0.275092936802974,0.2835820895522388,0.25675675675675674,0.24615384615384617,zero_shot,dmid,iou_pred
75,0.2788104089219331,0.2835820895522388,0.25333333333333335,0.24742268041237114,zero_shot,dmid,iou_pred
76,0.2825278810408922,0.2835820895522388,0.25,0.24870466321243523,zero_shot,dmid,iou_pred
77,0.2862453531598513,0.2835820895522388,0.24675324675324675,0.25,zero_shot,dmid,iou_pred
78,0.2899628252788104,0.2835820895522388,0.24358974358974358,0.2513089005235602,zero_shot,dmid,iou_pred
79,0.2936802973977695,0.2835820895522388,0.24050632911392406,0.25263157894736843,zero_shot,dmid,iou_pred
80,0.29739776951672864,0.2835820895522388,0.2375,0.25396825396825395,zero_shot,dmid,iou_pred
81,0.30111524163568776,0.2835820895522388,0.2345679012345679,0.2553191489361702,zero_shot,dmid,iou_pred
82,0.3048327137546468,0.2835820895522388,0.23170731707317074,0.25668449197860965,zero_shot,dmid,iou_pred
83,0.30855018587360594,0.2835820895522388,0.2289156626506024,0.25806451612903225,zero_shot,dmid,iou_pred
84,0.31226765799256506,0.29850746268656714,0.23809523809523808,0.25405405405405407,zero_shot,dmid,iou_pred
85,0.3159851301115242,0.31343283582089554,0.24705882352941178,0.25,zero_shot,dmid,iou_pred
86,0.31970260223048325,0.31343283582089554,0.2441860465116279,0.25136612021857924,zero_shot,dmid,iou_pred
87,0.32342007434944237,0.31343283582089554,0.2413793103448276,0.25274725274725274,zero_shot,dmid,iou_pred
88,0.3271375464684015,0.31343283582089554,0.23863636363636365,0.2541436464088398,zero_shot,dmid,iou_pred
89,0.3308550185873606,0.31343283582089554,0.23595505617977527,0.25555555555555554,zero_shot,dmid,iou_pred
90,0.3345724907063197,0.31343283582089554,0.23333333333333334,0.2569832402234637,zero_shot,dmid,iou_pred
91,0.3382899628252788,0.31343283582089554,0.23076923076923078,0.25842696629213485,zero_shot,dmid,iou_pred
92,0.3420074349442379,0.3283582089552239,0.2391304347826087,0.2542372881355932,zero_shot,dmid,iou_pred
93,0.34572490706319703,0.3283582089552239,0.23655913978494625,0.2556818181818182,zero_shot,dmid,iou_pred
94,0.34944237918215615,0.3283582089552239,0.23404255319148937,0.2571428571428571,zero_shot,dmid,iou_pred
95,0.35315985130111527,0.3283582089552239,0.23157894736842105,0.25862068965517243,zero_shot,dmid,iou_pred
96,0.35687732342007433,0.3283582089552239,0.22916666666666666,0.26011560693641617,zero_shot,dmid,iou_pred
97,0.36059479553903345,0.34328358208955223,0.23711340206185566,0.2558139534883721,zero_shot,dmid,iou_pred
98,0.3643122676579926,0.34328358208955223,0.23469387755102042,0.2573099415204678,zero_shot,dmid,iou_pred
99,0.3680297397769517,0.34328358208955223,0.23232323232323232,0.25882352941176473,zero_shot,dmid,iou_pred
100,0.37174721189591076,0.34328358208955223,0.23,0.2603550295857988,zero_shot,dmid,iou_pred
101,0.3754646840148699,0.34328358208955223,0.22772277227722773,0.2619047619047619,zero_shot,dmid,iou_pred
102,0.379182156133829,0.34328358208955223,0.22549019607843138,0.2634730538922156,zero_shot,dmid,iou_pred
103,0.3828996282527881,0.34328358208955223,0.22330097087378642,0.26506024096385544,zero_shot,dmid,iou_pred
104,0.38661710037174724,0.3582089552238806,0.23076923076923078,0.2606060606060606,zero_shot,dmid,iou_pred
105,0.3903345724907063,0.3582089552238806,0.22857142857142856,0.2621951219512195,zero_shot,dmid,iou_pred
106,0.3940520446096654,0.3582089552238806,0.22641509433962265,0.26380368098159507,zero_shot,dmid,iou_pred
107,0.39776951672862454,0.373134328358209,0.2336448598130841,0.25925925925925924,zero_shot,dmid,iou_pred
108,0.40148698884758366,0.373134328358209,0.23148148148148148,0.2608695652173913,zero_shot,dmid,iou_pred
109,0.4052044609665427,0.373134328358209,0.22935779816513763,0.2625,zero_shot,dmid,iou_pred
110,0.40892193308550184,0.373134328358209,0.22727272727272727,0.2641509433962264,zero_shot,dmid,iou_pred
111,0.41263940520446096,0.373134328358209,0.22522522522522523,0.26582278481012656,zero_shot,dmid,iou_pred
112,0.4163568773234201,0.373134328358209,0.22321428571428573,0.267515923566879,zero_shot,dmid,iou_pred
113,0.4200743494423792,0.373134328358209,0.22123893805309736,0.2692307692307692,zero_shot,dmid,iou_pred
114,0.42379182156133827,0.3880597014925373,0.22807017543859648,0.2645161290322581,zero_shot,dmid,iou_pred
115,0.4275092936802974,0.3880597014925373,0.22608695652173913,0.2662337662337662,zero_shot,dmid,iou_pred
116,0.4312267657992565,0.3880597014925373,0.22413793103448276,0.2679738562091503,zero_shot,dmid,iou_pred
117,0.4349442379182156,0.40298507462686567,0.23076923076923078,0.2631578947368421,zero_shot,dmid,iou_pred
118,0.43866171003717475,0.40298507462686567,0.2288135593220339,0.26490066225165565,zero_shot,dmid,iou_pred
119,0.4423791821561338,0.40298507462686567,0.226890756302521,0.26666666666666666,zero_shot,dmid,iou_pred
120,0.44609665427509293,0.40298507462686567,0.225,0.2684563758389262,zero_shot,dmid,iou_pred
121,0.44981412639405205,0.417910447761194,0.23140495867768596,0.2635135135135135,zero_shot,dmid,iou_pred
122,0.45353159851301117,0.43283582089552236,0.23770491803278687,0.2585034013605442,zero_shot,dmid,iou_pred
123,0.45724907063197023,0.43283582089552236,0.23577235772357724,0.2602739726027397,zero_shot,dmid,iou_pred
124,0.46096654275092935,0.43283582089552236,0.23387096774193547,0.2620689655172414,zero_shot,dmid,iou_pred
125,0.4646840148698885,0.43283582089552236,0.232,0.2638888888888889,zero_shot,dmid,iou_pred
126,0.4684014869888476,0.43283582089552236,0.23015873015873015,0.26573426573426573,zero_shot,dmid,iou_pred
127,0.4721189591078067,0.44776119402985076,0.23622047244094488,0.2605633802816901,zero_shot,dmid,iou_pred
128,0.4758364312267658,0.44776119402985076,0.234375,0.2624113475177305,zero_shot,dmid,iou_pred
129,0.4795539033457249,0.44776119402985076,0.23255813953488372,0.2642857142857143,zero_shot,dmid,iou_pred
130,0.483271375464684,0.44776119402985076,0.23076923076923078,0.26618705035971224,zero_shot,dmid,iou_pred
131,0.48698884758364314,0.44776119402985076,0.22900763358778625,0.26811594202898553,zero_shot,dmid,iou_pred
132,0.49070631970260226,0.44776119402985076,0.22727272727272727,0.27007299270072993,zero_shot,dmid,iou_pred
133,0.4944237918215613,0.44776119402985076,0.22556390977443608,0.27205882352941174,zero_shot,dmid,iou_pred
134,0.49814126394052044,0.44776119402985076,0.22388059701492538,0.2740740740740741,zero_shot,dmid,iou_pred
135,0.5018587360594795,0.44776119402985076,0.2222222222222222,0.27611940298507465,zero_shot,dmid,iou_pred
136,0.5055762081784386,0.44776119402985076,0.22058823529411764,0.2781954887218045,zero_shot,dmid,iou_pred
137,0.5092936802973977,0.44776119402985076,0.21897810218978103,0.2803030303030303,zero_shot,dmid,iou_pred
138,0.5130111524163569,0.44776119402985076,0.21739130434782608,0.2824427480916031,zero_shot,dmid,iou_pred
139,0.516728624535316,0.44776119402985076,0.2158273381294964,0.2846153846153846,zero_shot,dmid,iou_pred
140,0.5204460966542751,0.44776119402985076,0.21428571428571427,0.2868217054263566,zero_shot,dmid,iou_pred
141,0.5241635687732342,0.44776119402985076,0.2127659574468085,0.2890625,zero_shot,dmid,iou_pred
142,0.5278810408921933,0.44776119402985076,0.2112676056338028,0.29133858267716534,zero_shot,dmid,iou_pred
143,0.5315985130111525,0.4626865671641791,0.21678321678321677,0.2857142857142857,zero_shot,dmid,iou_pred
144,0.5353159851301115,0.47761194029850745,0.2222222222222222,0.28,zero_shot,dmid,iou_pred
145,0.5390334572490706,0.47761194029850745,0.2206896551724138,0.28225806451612906,zero_shot,dmid,iou_pred
146,0.5427509293680297,0.47761194029850745,0.2191780821917808,0.2845528455284553,zero_shot,dmid,iou_pred
147,0.5464684014869888,0.47761194029850745,0.21768707482993196,0.28688524590163933,zero_shot,dmid,iou_pred
148,0.550185873605948,0.47761194029850745,0.21621621621621623,0.2892561983471074,zero_shot,dmid,iou_pred
149,0.5539033457249071,0.47761194029850745,0.21476510067114093,0.2916666666666667,zero_shot,dmid,iou_pred
150,0.5576208178438662,0.47761194029850745,0.21333333333333335,0.29411764705882354,zero_shot,dmid,iou_pred
151,0.5613382899628253,0.47761194029850745,0.2119205298013245,0.2966101694915254,zero_shot,dmid,iou_pred
152,0.5650557620817844,0.47761194029850745,0.21052631578947367,0.29914529914529914,zero_shot,dmid,iou_pred
153,0.5687732342007435,0.47761194029850745,0.20915032679738563,0.3017241379310345,zero_shot,dmid,iou_pred
154,0.5724907063197026,0.47761194029850745,0.2077922077922078,0.30434782608695654,zero_shot,dmid,iou_pred
155,0.5762081784386617,0.4925373134328358,0.2129032258064516,0.2982456140350877,zero_shot,dmid,iou_pred
156,0.5799256505576208,0.4925373134328358,0.21153846153846154,0.3008849557522124,zero_shot,dmid,iou_pred
157,0.5836431226765799,0.5074626865671642,0.21656050955414013,0.29464285714285715,zero_shot,dmid,iou_pred
158,0.587360594795539,0.5223880597014925,0.22151898734177214,0.2882882882882883,zero_shot,dmid,iou_pred
159,0.5910780669144982,0.5223880597014925,0.22012578616352202,0.2909090909090909,zero_shot,dmid,iou_pred
160,0.5947955390334573,0.5223880597014925,0.21875,0.29357798165137616,zero_shot,dmid,iou_pred
161,0.5985130111524164,0.5223880597014925,0.21739130434782608,0.2962962962962963,zero_shot,dmid,iou_pred
162,0.6022304832713755,0.5223880597014925,0.21604938271604937,0.29906542056074764,zero_shot,dmid,iou_pred
163,0.6059479553903345,0.5223880597014925,0.2147239263803681,0.3018867924528302,zero_shot,dmid,iou_pred
164,0.6096654275092936,0.5223880597014925,0.21341463414634146,0.3047619047619048,zero_shot,dmid,iou_pred
165,0.6133828996282528,0.5223880597014925,0.21212121212121213,0.3076923076923077,zero_shot,dmid,iou_pred
166,0.6171003717472119,0.5223880597014925,0.21084337349397592,0.3106796116504854,zero_shot,dmid,iou_pred
167,0.620817843866171,0.5223880597014925,0.20958083832335328,0.3137254901960784,zero_shot,dmid,iou_pred
168,0.6245353159851301,0.5223880597014925,0.20833333333333334,0.31683168316831684,zero_shot,dmid,iou_pred
169,0.6282527881040892,0.5373134328358209,0.21301775147928995,0.31,zero_shot,dmid,iou_pred
170,0.6319702602230484,0.5522388059701493,0.21764705882352942,0.30303030303030304,zero_shot,dmid,iou_pred
171,0.6356877323420075,0.5671641791044776,0.2222222222222222,0.29591836734693877,zero_shot,dmid,iou_pred
172,0.6394052044609665,0.582089552238806,0.22674418604651161,0.28865979381443296,zero_shot,dmid,iou_pred
173,0.6431226765799256,0.5970149253731343,0.23121387283236994,0.28125,zero_shot,dmid,iou_pred
174,0.6468401486988847,0.5970149253731343,0.22988505747126436,0.28421052631578947,zero_shot,dmid,iou_pred
175,0.6505576208178439,0.6119402985074627,0.2342857142857143,0.2765957446808511,zero_shot,dmid,iou_pred
176,0.654275092936803,0.6119402985074627,0.23295454545454544,0.27956989247311825,zero_shot,dmid,iou_pred
177,0.6579925650557621,0.6119402985074627,0.23163841807909605,0.2826086956521739,zero_shot,dmid,iou_pred
178,0.6617100371747212,0.6119402985074627,0.2303370786516854,0.2857142857142857,zero_shot,dmid,iou_pred
179,0.6654275092936803,0.6268656716417911,0.2346368715083799,0.2777777777777778,zero_shot,dmid,iou_pred
180,0.6691449814126395,0.6268656716417911,0.23333333333333334,0.2808988764044944,zero_shot,dmid,iou_pred
181,0.6728624535315985,0.6417910447761194,0.23756906077348067,0.2727272727272727,zero_shot,dmid,iou_pred
182,0.6765799256505576,0.6567164179104478,0.24175824175824176,0.26436781609195403,zero_shot,dmid,iou_pred
183,0.6802973977695167,0.6567164179104478,0.24043715846994534,0.26744186046511625,zero_shot,dmid,iou_pred
184,0.6840148698884758,0.6567164179104478,0.2391304347826087,0.27058823529411763,zero_shot,dmid,iou_pred
185,0.6877323420074349,0.6716417910447762,0.24324324324324326,0.2619047619047619,zero_shot,dmid,iou_pred
186,0.6914498141263941,0.6716417910447762,0.24193548387096775,0.26506024096385544,zero_shot,dmid,iou_pred
187,0.6951672862453532,0.6716417910447762,0.24064171122994651,0.2682926829268293,zero_shot,dmid,iou_pred
188,0.6988847583643123,0.6716417910447762,0.2393617021276596,0.2716049382716049,zero_shot,dmid,iou_pred
189,0.7026022304832714,0.6716417910447762,0.23809523809523808,0.275,zero_shot,dmid,iou_pred
190,0.7063197026022305,0.6716417910447762,0.23684210526315788,0.27848101265822783,zero_shot,dmid,iou_pred
191,0.7100371747211895,0.6865671641791045,0.24083769633507854,0.2692307692307692,zero_shot,dmid,iou_pred
192,0.7137546468401487,0.7014925373134329,0.24479166666666666,0.2597402597402597,zero_shot,dmid,iou_pred
193,0.7174721189591078,0.7014925373134329,0.24352331606217617,0.2631578947368421,zero_shot,dmid,iou_pred
194,0.7211895910780669,0.7164179104477612,0.24742268041237114,0.25333333333333335,zero_shot,dmid,iou_pred
195,0.724907063197026,0.7313432835820896,0.2512820512820513,0.24324324324324326,zero_shot,dmid,iou_pred
196,0.7286245353159851,0.7313432835820896,0.25,0.2465753424657534,zero_shot,dmid,iou_pred
197,0.7323420074349443,0.7313432835820896,0.24873096446700507,0.25,zero_shot,dmid,iou_pred
198,0.7360594795539034,0.7313432835820896,0.2474747474747475,0.2535211267605634,zero_shot,dmid,iou_pred
199,0.7397769516728625,0.7313432835820896,0.24623115577889448,0.2571428571428571,zero_shot,dmid,iou_pred
200,0.7434944237918215,0.7313432835820896,0.245,0.2608695652173913,zero_shot,dmid,iou_pred
201,0.7472118959107806,0.7313432835820896,0.24378109452736318,0.2647058823529412,zero_shot,dmid,iou_pred
202,0.7509293680297398,0.746268656716418,0.24752475247524752,0.2537313432835821,zero_shot,dmid,iou_pred
203,0.7546468401486989,0.746268656716418,0.24630541871921183,0.25757575757575757,zero_shot,dmid,iou_pred
204,0.758364312267658,0.7611940298507462,0.25,0.24615384615384617,zero_shot,dmid,iou_pred
205,0.7620817843866171,0.7611940298507462,0.24878048780487805,0.25,zero_shot,dmid,iou_pred
206,0.7657992565055762,0.7611940298507462,0.24757281553398058,0.25396825396825395,zero_shot,dmid,iou_pred
207,0.7695167286245354,0.7611940298507462,0.2463768115942029,0.25806451612903225,zero_shot,dmid,iou_pred
208,0.7732342007434945,0.7761194029850746,0.25,0.2459016393442623,zero_shot,dmid,iou_pred
209,0.7769516728624535,0.7761194029850746,0.24880382775119617,0.25,zero_shot,dmid,iou_pred
210,0.7806691449814126,0.7761194029850746,0.24761904761904763,0.2542372881355932,zero_shot,dmid,iou_pred
211,0.7843866171003717,0.7761194029850746,0.24644549763033174,0.25862068965517243,zero_shot,dmid,iou_pred
212,0.7881040892193308,0.7910447761194029,0.25,0.24561403508771928,zero_shot,dmid,iou_pred
213,0.79182156133829,0.7910447761194029,0.24882629107981222,0.25,zero_shot,dmid,iou_pred
214,0.7955390334572491,0.7910447761194029,0.24766355140186916,0.2545454545454545,zero_shot,dmid,iou_pred
215,0.7992565055762082,0.7910447761194029,0.24651162790697675,0.25925925925925924,zero_shot,dmid,iou_pred
216,0.8029739776951673,0.7910447761194029,0.24537037037037038,0.2641509433962264,zero_shot,dmid,iou_pred
217,0.8066914498141264,0.8059701492537313,0.2488479262672811,0.25,zero_shot,dmid,iou_pred
218,0.8104089219330854,0.8059701492537313,0.24770642201834864,0.2549019607843137,zero_shot,dmid,iou_pred
219,0.8141263940520446,0.8208955223880597,0.2511415525114155,0.24,zero_shot,dmid,iou_pred
220,0.8178438661710037,0.8208955223880597,0.25,0.24489795918367346,zero_shot,dmid,iou_pred
221,0.8215613382899628,0.8208955223880597,0.248868778280543,0.25,zero_shot,dmid,iou_pred
222,0.8252788104089219,0.835820895522388,0.25225225225225223,0.23404255319148937,zero_shot,dmid,iou_pred
223,0.828996282527881,0.835820895522388,0.25112107623318386,0.2391304347826087,zero_shot,dmid,iou_pred
224,0.8327137546468402,0.835820895522388,0.25,0.24444444444444444,zero_shot,dmid,iou_pred
225,0.8364312267657993,0.835820895522388,0.24888888888888888,0.25,zero_shot,dmid,iou_pred
226,0.8401486988847584,0.8507462686567164,0.252212389380531,0.23255813953488372,zero_shot,dmid,iou_pred
227,0.8438661710037175,0.8507462686567164,0.2511013215859031,0.23809523809523808,zero_shot,dmid,iou_pred
228,0.8475836431226765,0.8507462686567164,0.25,0.24390243902439024,zero_shot,dmid,iou_pred
229,0.8513011152416357,0.8656716417910447,0.25327510917030566,0.225,zero_shot,dmid,iou_pred
230,0.8550185873605948,0.8656716417910447,0.25217391304347825,0.23076923076923078,zero_shot,dmid,iou_pred
231,0.8587360594795539,0.8656716417910447,0.2510822510822511,0.23684210526315788,zero_shot,dmid,iou_pred
232,0.862453531598513,0.8805970149253731,0.2543103448275862,0.21621621621621623,zero_shot,dmid,iou_pred
233,0.8661710037174721,0.8805970149253731,0.2532188841201717,0.2222222222222222,zero_shot,dmid,iou_pred
234,0.8698884758364313,0.8805970149253731,0.25213675213675213,0.22857142857142856,zero_shot,dmid,iou_pred
235,0.8736059479553904,0.8805970149253731,0.251063829787234,0.23529411764705882,zero_shot,dmid,iou_pred
236,0.8773234200743495,0.8955223880597015,0.2542372881355932,0.21212121212121213,zero_shot,dmid,iou_pred
237,0.8810408921933085,0.8955223880597015,0.25316455696202533,0.21875,zero_shot,dmid,iou_pred
238,0.8847583643122676,0.8955223880597015,0.25210084033613445,0.22580645161290322,zero_shot,dmid,iou_pred
239,0.8884758364312267,0.8955223880597015,0.2510460251046025,0.23333333333333334,zero_shot,dmid,iou_pred
240,0.8921933085501859,0.8955223880597015,0.25,0.2413793103448276,zero_shot,dmid,iou_pred
241,0.895910780669145,0.8955223880597015,0.24896265560165975,0.25,zero_shot,dmid,iou_pred
242,0.8996282527881041,0.8955223880597015,0.24793388429752067,0.25925925925925924,zero_shot,dmid,iou_pred
243,0.9033457249070632,0.8955223880597015,0.24691358024691357,0.2692307692307692,zero_shot,dmid,iou_pred
244,0.9070631970260223,0.8955223880597015,0.2459016393442623,0.28,zero_shot,dmid,iou_pred
245,0.9107806691449815,0.8955223880597015,0.24489795918367346,0.2916666666666667,zero_shot,dmid,iou_pred
246,0.9144981412639405,0.8955223880597015,0.24390243902439024,0.30434782608695654,zero_shot,dmid,iou_pred
247,0.9182156133828996,0.8955223880597015,0.242914979757085,0.3181818181818182,zero_shot,dmid,iou_pred
248,0.9219330855018587,0.9104477611940298,0.24596774193548387,0.2857142857142857,zero_shot,dmid,iou_pred
249,0.9256505576208178,0.9104477611940298,0.24497991967871485,0.3,zero_shot,dmid,iou_pred
250,0.929368029739777,0.9253731343283582,0.248,0.2631578947368421,zero_shot,dmid,iou_pred
251,0.9330855018587361,0.9253731343283582,0.24701195219123506,0.2777777777777778,zero_shot,dmid,iou_pred
252,0.9368029739776952,0.9253731343283582,0.24603174603174602,0.29411764705882354,zero_shot,dmid,iou_pred
253,0.9405204460966543,0.9253731343283582,0.2450592885375494,0.3125,zero_shot,dmid,iou_pred
254,0.9442379182156134,0.9253731343283582,0.2440944881889764,0.3333333333333333,zero_shot,dmid,iou_pred
255,0.9479553903345725,0.9253731343283582,0.24313725490196078,0.35714285714285715,zero_shot,dmid,iou_pred
256,0.9516728624535316,0.9253731343283582,0.2421875,0.38461538461538464,zero_shot,dmid,iou_pred
257,0.9553903345724907,0.9253731343283582,0.24124513618677043,0.4166666666666667,zero_shot,dmid,iou_pred
258,0.9591078066914498,0.9253731343283582,0.24031007751937986,0.45454545454545453,zero_shot,dmid,iou_pred
259,0.9628252788104089,0.9402985074626866,0.24324324324324326,0.4,zero_shot,dmid,iou_pred
260,0.966542750929368,0.9402985074626866,0.2423076923076923,0.4444444444444444,zero_shot,dmid,iou_pred
261,0.9702602230483272,0.9552238805970149,0.24521072796934865,0.375,zero_shot,dmid,iou_pred
262,0.9739776951672863,0.9552238805970149,0.24427480916030533,0.42857142857142855,zero_shot,dmid,iou_pred
263,0.9776951672862454,0.9701492537313433,0.24714828897338403,0.3333333333333333,zero_shot,dmid,iou_pred
264,0.9814126394052045,0.9850746268656716,0.25,0.2,zero_shot,dmid,iou_pred
265,0.9851301115241635,0.9850746268656716,0.2490566037735849,0.25,zero_shot,dmid,iou_pred
266,0.9888475836431226,0.9850746268656716,0.24812030075187969,0.3333333333333333,zero_shot,dmid,iou_pred
267,0.9925650557620818,0.9850746268656716,0.24719101123595505,0.5,zero_shot,dmid,iou_pred
268,0.9962825278810409,1.0,0.25,0.0,zero_shot,dmid,iou_pred
269,1.0,1.0,0.24907063197026022,,zero_shot,dmid,iou_pred
0,0.0,0.0,,0.34572490706319703,vpt_shallow_seed0,dmid,drift
1,0.0037174721189591076,0.010752688172043012,1.0,0.34328358208955223,vpt_shallow_seed0,dmid,drift
2,0.007434944237918215,0.021505376344086023,1.0,0.3408239700374532,vpt_shallow_seed0,dmid,drift
3,0.011152416356877323,0.03225806451612903,1.0,0.3383458646616541,vpt_shallow_seed0,dmid,drift
4,0.01486988847583643,0.043010752688172046,1.0,0.33584905660377357,vpt_shallow_seed0,dmid,drift
5,0.01858736059479554,0.053763440860215055,1.0,0.3333333333333333,vpt_shallow_seed0,dmid,drift
6,0.022304832713754646,0.053763440860215055,0.8333333333333334,0.33460076045627374,vpt_shallow_seed0,dmid,drift
7,0.026022304832713755,0.053763440860215055,0.7142857142857143,0.33587786259541985,vpt_shallow_seed0,dmid,drift
8,0.02973977695167286,0.06451612903225806,0.75,0.3333333333333333,vpt_shallow_seed0,dmid,drift
9,0.03345724907063197,0.06451612903225806,0.6666666666666666,0.3346153846153846,vpt_shallow_seed0,dmid,drift
10,0.03717472118959108,0.06451612903225806,0.6,0.3359073359073359,vpt_shallow_seed0,dmid,drift
11,0.040892193308550186,0.07526881720430108,0.6363636363636364,0.3333333333333333,vpt_shallow_seed0,dmid,drift
12,0.04460966542750929,0.08602150537634409,0.6666666666666666,0.33073929961089493,vpt_shallow_seed0,dmid,drift
13,0.048327137546468404,0.0967741935483871,0.6923076923076923,0.328125,vpt_shallow_seed0,dmid,drift
14,0.05204460966542751,0.10752688172043011,0.7142857142857143,0.3254901960784314,vpt_shallow_seed0,dmid,drift
15,0.055762081784386616,0.11827956989247312,0.7333333333333333,0.3228346456692913,vpt_shallow_seed0,dmid,drift
16,0.05947955390334572,0.11827956989247312,0.6875,0.3241106719367589,vpt_shallow_seed0,dmid,drift
17,0.06319702602230483,0.11827956989247312,0.6470588235294118,0.3253968253968254,vpt_shallow_seed0,dmid,drift
18,0.06691449814126393,0.11827956989247312,0.6111111111111112,0.32669322709163345,vpt_shallow_seed0,dmid,drift
19,0.07063197026022305,0.12903225806451613,0.631578947368421,0.324,vpt_shallow_seed0,dmid,drift
20,0.07434944237918216,0.13978494623655913,0.65,0.321285140562249,vpt_shallow_seed0,dmid,drift
21,0.07806691449814127,0.13978494623655913,0.6190476190476191,0.3225806451612903,vpt_shallow_seed0,dmid,drift
22,0.08178438661710037,0.13978494623655913,0.5909090909090909,0.32388663967611336,vpt_shallow_seed0,dmid,drift
23,0.08550185873605948,0.13978494623655913,0.5652173913043478,0.3252032520325203,vpt_shallow_seed0,dmid,drift
24,0.08921933085501858,0.13978494623655913,0.5416666666666666,0.32653061224489793,vpt_shallow_seed0,dmid,drift
25,0.09293680297397769,0.13978494623655913,0.52,0.32786885245901637,vpt_shallow_seed0,dmid,drift
26,0.09665427509293681,0.15053763440860216,0.5384615384615384,0.32510288065843623,vpt_shallow_seed0,dmid,drift
27,0.10037174721189591,0.15053763440860216,0.5185185185185185,0.32644628099173556,vpt_shallow_seed0,dmid,drift
28,0.10408921933085502,0.16129032258064516,0.5357142857142857,0.3236514522821577,vpt_shallow_seed0,dmid,drift
29,0.10780669144981413,0.17204301075268819,0.5517241379310345,0.32083333333333336,vpt_shallow_seed0,dmid,drift
30,0.11152416356877323,0.17204301075268819,0.5333333333333333,0.32217573221757323,vpt_shallow_seed0,dmid,drift
31,0.11524163568773234,0.17204301075268819,0.5161290322580645,0.3235294117647059,vpt_shallow_seed0,dmid,drift
32,0.11895910780669144,0.1827956989247312,0.53125,0.3206751054852321,vpt_shallow_seed0,dmid,drift
33,0.12267657992565056,0.1935483870967742,0.5454545454545454,0.3177966101694915,vpt_shallow_seed0,dmid,drift
34,0.12639405204460966,0.1935483870967742,0.5294117647058824,0.3191489361702128,vpt_shallow_seed0,dmid,drift
35,0.13011152416356878,0.20430107526881722,0.5428571428571428,0.3162393162393162,vpt_shallow_seed0,dmid,drift
36,0.13382899628252787,0.20430107526881722,0.5277777777777778,0.31759656652360513,vpt_shallow_seed0,dmid,drift
37,0.137546468401487,0.20430107526881722,0.5135135135135135,0.31896551724137934,vpt_shallow_seed0,dmid,drift
38,0.1412639405204461,0.20430107526881722,0.5,0.3203463203463203,vpt_shallow_seed0,dmid,drift
39,0.1449814126394052,0.20430107526881722,0.48717948717948717,0.3217391304347826,vpt_shallow_seed0,dmid,drift
40,0.14869888475836432,0.21505376344086022,0.5,0.31877729257641924,vpt_shallow_seed0,dmid,drift
41,0.1524163568773234,0.22580645161290322,0.5121951219512195,0.3157894736842105,vpt_shallow_seed0,dmid,drift
42,0.15613382899628253,0.22580645161290322,0.5,0.31718061674008813,vpt_shallow_seed0,dmid,drift
43,0.15985130111524162,0.23655913978494625,0.5116279069767442,0.3141592920353982,vpt_shallow_seed0,dmid,drift
44,0.16356877323420074,0.24731182795698925,0.5227272727272727,0.3111111111111111,vpt_shallow_seed0,dmid,drift
45,0.16728624535315986,0.24731182795698925,0.5111111111111111,0.3125,vpt_shallow_seed0,dmid,drift
46,0.17100371747211895,0.24731182795698925,0.5,0.31390134529147984,vpt_shallow_seed0,dmid,drift
47,0.17472118959107807,0.24731182795698925,0.48936170212765956,0.3153153153153153,vpt_shallow_seed0,dmid,drift
48,0.17843866171003717,0.24731182795698925,0.4791666666666667,0.3167420814479638,vpt_shallow_seed0,dmid,drift
49,0.1821561338289963,0.24731182795698925,0.46938775510204084,0.3181818181818182,vpt_shallow_seed0,dmid,drift
50,0.18587360594795538,0.24731182795698925,0.46,0.319634703196347,vpt_shallow_seed0,dmid,drift
51,0.1895910780669145,0.24731182795698925,0.45098039215686275,0.3211009174311927,vpt_shallow_seed0,dmid,drift
52,0.19330855018587362,0.25806451612903225,0.46153846153846156,0.31797235023041476,vpt_shallow_seed0,dmid,drift
53,0.1970260223048327,0.26881720430107525,0.4716981132075472,0.3148148148148148,vpt_shallow_seed0,dmid,drift
54,0.20074349442379183,0.26881720430107525,0.46296296296296297,0.31627906976744186,vpt_shallow_seed0,dmid,drift
55,0.20446096654275092,0.26881720430107525,0.45454545454545453,0.3177570093457944,vpt_shallow_seed0,dmid,drift
56,0.20817843866171004,0.26881720430107525,0.44642857142857145,0.3192488262910798,vpt_shallow_seed0,dmid,drift
57,0.21189591078066913,0.26881720430107525,0.43859649122807015,0.32075471698113206,vpt_shallow_seed0,dmid,drift
58,0.21561338289962825,0.26881720430107525,0.43103448275862066,0.3222748815165877,vpt_shallow_seed0,dmid,drift
59,0.21933085501858737,0.26881720430107525,0.423728813559322,0.3238095238095238,vpt_shallow_seed0,dmid,drift
60,0.22304832713754646,0.26881720430107525,0.4166666666666667,0.3253588516746411,vpt_shallow_seed0,dmid,drift
61,0.22676579925650558,0.26881720430107525,0.4098360655737705,0.3269230769230769,vpt_shallow_seed0,dmid,drift
62,0.23048327137546468,0.26881720430107525,0.4032258064516129,0.3285024154589372,vpt_shallow_seed0,dmid,drift
63,0.2342007434944238,0.27956989247311825,0.4126984126984127,0.32524271844660196,vpt_shallow_seed0,dmid,drift
64,0.2379182156133829,0.2903225806451613,0.421875,0.32195121951219513,vpt_shallow_seed0,dmid,drift
65,0.241635687732342,0.2903225806451613,0.4153846153846154,0.3235294117647059,vpt_shallow_seed0,dmid,drift
66,0.24535315985130113,0.3010752688172043,0.42424242424242425,0.32019704433497537,vpt_shallow_seed0,dmid,drift
67,0.24907063197026022,0.3010752688172043,0.417910447761194,0.3217821782178218,vpt_shallow_seed0,dmid,drift
68,0.2527881040892193,0.3010752688172043,0.4117647058823529,0.32338308457711445,vpt_shallow_seed0,dmid,drift
69,0.25650557620817843,0.3010752688172043,0.4057971014492754,0.325,vpt_shallow_seed0,dmid,drift
70,0.26022304832713755,0.3118279569892473,0.4142857142857143,0.32160804020100503,vpt_shallow_seed0,dmid,drift
71,0.26394052044609667,0.3118279569892473,0.4084507042253521,0.32323232323232326,vpt_shallow_seed0,dmid,drift
72,0.26765799256505574,0.3118279569892473,0.4027777777777778,0.3248730964467005,vpt_shallow_seed0,dmid,drift
73,0.27137546468401486,0.3225806451612903,0.410958904109589,0.32142857142857145,vpt_shallow_seed0,dmid,drift
74,0.275092936802974,0.3333333333333333,0.4189189189189189,0.31794871794871793,vpt_shallow_seed0,dmid,drift
75,0.2788104089219331,0.3333333333333333,0.41333333333333333,0.31958762886597936,vpt_shallow_seed0,dmid,drift
76,0.2825278810408922,0.3333333333333333,0.40789473684210525,0.32124352331606215,vpt_shallow_seed0,dmid,drift
77,0.2862453531598513,0.3333333333333333,0.4025974025974026,0.3229166666666667,vpt_shallow_seed0,dmid,drift
78,0.2899628252788104,0.3333333333333333,0.3974358974358974,0.32460732984293195,vpt_shallow_seed0,dmid,drift
79,0.2936802973977695,0.3333333333333333,0.3924050632911392,0.3263157894736842,vpt_shallow_seed0,dmid,drift
80,0.29739776951672864,0.3333333333333333,0.3875,0.328042328042328,vpt_shallow_seed0,dmid,drift
81,0.30111524163568776,0.3333333333333333,0.38271604938271603,0.32978723404255317,vpt_shallow_seed0,dmid,drift
82,0.3048327137546468,0.34408602150537637,0.3902439024390244,0.32620320855614976,vpt_shallow_seed0,dmid,drift
83,0.30855018587360594,0.34408602150537637,0.3855421686746988,0.3279569892473118,vpt_shallow_seed0,dmid,drift
84,0.31226765799256506,0.34408602150537637,0.38095238095238093,0.32972972972972975,vpt_shallow_seed0,dmid,drift
85,0.3159851301115242,0.34408602150537637,0.3764705882352941,0.33152173913043476,vpt_shallow_seed0,dmid,drift
86,0.31970260223048325,0.34408602150537637,0.37209302325581395,0.3333333333333333,vpt_shallow_seed0,dmid,drift
87,0.32342007434944237,0.3548387096774194,0.3793103448275862,0.32967032967032966,vpt_shallow_seed0,dmid,drift
88,0.3271375464684015,0.3655913978494624,0.38636363636363635,0.3259668508287293,vpt_shallow_seed0,dmid,drift
89,0.3308550185873606,0.3655913978494624,0.38202247191011235,0.3277777777777778,vpt_shallow_seed0,dmid,drift
90,0.3345724907063197,0.3763440860215054,0.3888888888888889,0.3240223463687151,vpt_shallow_seed0,dmid,drift
91,0.3382899628252788,0.3763440860215054,0.38461538461538464,0.3258426966292135,vpt_shallow_seed0,dmid,drift
92,0.3420074349442379,0.3763440860215054,0.3804347826086957,0.327683615819209,vpt_shallow_seed0,dmid,drift
93,0.34572490706319703,0.3870967741935484,0.3870967741935484,0.32386363636363635,vpt_shallow_seed0,dmid,drift
94,0.34944237918215615,0.3870967741935484,0.3829787234042553,0.32571428571428573,vpt_shallow_seed0,dmid,drift
95,0.35315985130111527,0.3870967741935484,0.37894736842105264,0.3275862068965517,vpt_shallow_seed0,dmid,drift
96,0.35687732342007433,0.3870967741935484,0.375,0.32947976878612717,vpt_shallow_seed0,dmid,drift
97,0.36059479553903345,0.3870967741935484,0.3711340206185567,0.3313953488372093,vpt_shallow_seed0,dmid,drift
98,0.3643122676579926,0.3870967741935484,0.3673469387755102,0.3333333333333333,vpt_shallow_seed0,dmid,drift
99,0.3680297397769517,0.3978494623655914,0.37373737373737376,0.32941176470588235,vpt_shallow_seed0,dmid,drift
100,0.37174721189591076,0.3978494623655914,0.37,0.33136094674556216,vpt_shallow_seed0,dmid,drift
101,0.3754646840148699,0.3978494623655914,0.36633663366336633,0.3333333333333333,vpt_shallow_seed0,dmid,drift
102,0.379182156133829,0.3978494623655914,0.3627450980392157,0.33532934131736525,vpt_shallow_seed0,dmid,drift
103,0.3828996282527881,0.3978494623655914,0.3592233009708738,0.3373493975903614,vpt_shallow_seed0,dmid,drift
104,0.38661710037174724,0.3978494623655914,0.3557692307692308,0.3393939393939394,vpt_shallow_seed0,dmid,drift
105,0.3903345724907063,0.3978494623655914,0.3523809523809524,0.34146341463414637,vpt_shallow_seed0,dmid,drift
106,0.3940520446096654,0.3978494623655914,0.3490566037735849,0.34355828220858897,vpt_shallow_seed0,dmid,drift
107,0.39776951672862454,0.40860215053763443,0.35514018691588783,0.3395061728395062,vpt_shallow_seed0,dmid,drift
108,0.40148698884758366,0.40860215053763443,0.35185185185185186,0.3416149068322981,vpt_shallow_seed0,dmid,drift
109,0.4052044609665427,0.41935483870967744,0.3577981651376147,0.3375,vpt_shallow_seed0,dmid,drift
110,0.40892193308550184,0.41935483870967744,0.35454545454545455,0.33962264150943394,vpt_shallow_seed0,dmid,drift
111,0.41263940520446096,0.41935483870967744,0.35135135135135137,0.34177215189873417,vpt_shallow_seed0,dmid,drift
112,0.4163568773234201,0.41935483870967744,0.3482142857142857,0.34394904458598724,vpt_shallow_seed0,dmid,drift
113,0.4200743494423792,0.41935483870967744,0.34513274336283184,0.34615384615384615,vpt_shallow_seed0,dmid,drift
114,0.42379182156133827,0.41935483870967744,0.34210526315789475,0.34838709677419355,vpt_shallow_seed0,dmid,drift
115,0.4275092936802974,0.41935483870967744,0.3391304347826087,0.35064935064935066,vpt_shallow_seed0,dmid,drift
116,0.4312267657992565,0.41935483870967744,0.33620689655172414,0.35294117647058826,vpt_shallow_seed0,dmid,drift
117,0.4349442379182156,0.41935483870967744,0.3333333333333333,0.35526315789473684,vpt_shallow_seed0,dmid,drift
118,0.43866171003717475,0.41935483870967744,0.3305084745762712,0.3576158940397351,vpt_shallow_seed0,dmid,drift
119,0.4423791821561338,0.43010752688172044,0.33613445378151263,0.35333333333333333,vpt_shallow_seed0,dmid,drift
120,0.44609665427509293,0.43010752688172044,0.3333333333333333,0.35570469798657717,vpt_shallow_seed0,dmid,drift
121,0.44981412639405205,0.43010752688172044,0.3305785123966942,0.3581081081081081,vpt_shallow_seed0,dmid,drift
122,0.45353159851301117,0.43010752688172044,0.32786885245901637,0.36054421768707484,vpt_shallow_seed0,dmid,drift
123,0.45724907063197023,0.44086021505376344,0.3333333333333333,0.3561643835616438,vpt_shallow_seed0,dmid,drift
124,0.46096654275092935,0.44086021505376344,0.33064516129032256,0.3586206896551724,vpt_shallow_seed0,dmid,drift
125,0.4646840148698885,0.44086021505376344,0.328,0.3611111111111111,vpt_shallow_seed0,dmid,drift
126,0.4684014869888476,0.44086021505376344,0.3253968253968254,0.36363636363636365,vpt_shallow_seed0,dmid,drift
127,0.4721189591078067,0.45161290322580644,0.33070866141732286,0.3591549295774648,vpt_shallow_seed0,dmid,drift
128,0.4758364312267658,0.45161290322580644,0.328125,0.3617021276595745,vpt_shallow_seed0,dmid,drift
129,0.4795539033457249,0.45161290322580644,0.32558139534883723,0.36428571428571427,vpt_shallow_seed0,dmid,drift
130,0.483271375464684,0.45161290322580644,0.3230769230769231,0.3669064748201439,vpt_shallow_seed0,dmid,drift
131,0.48698884758364314,0.45161290322580644,0.32061068702290074,0.3695652173913043,vpt_shallow_seed0,dmid,drift
132,0.49070631970260226,0.46236559139784944,0.32575757575757575,0.36496350364963503,vpt_shallow_seed0,dmid,drift
133,0.4944237918215613,0.46236559139784944,0.3233082706766917,0.36764705882352944,vpt_shallow_seed0,dmid,drift
134,0.49814126394052044,0.46236559139784944,0.3208955223880597,0.37037037037037035,vpt_shallow_seed0,dmid,drift
135,0.5018587360594795,0.46236559139784944,0.31851851851851853,0.373134328358209,vpt_shallow_seed0,dmid,drift
136,0.5055762081784386,0.46236559139784944,0.3161764705882353,0.37593984962406013,vpt_shallow_seed0,dmid,drift
137,0.5092936802973977,0.4731182795698925,0.32116788321167883,0.3712121212121212,vpt_shallow_seed0,dmid,drift
138,0.5130111524163569,0.4731182795698925,0.3188405797101449,0.37404580152671757,vpt_shallow_seed0,dmid,drift
139,0.516728624535316,0.4838709677419355,0.3237410071942446,0.36923076923076925,vpt_shallow_seed0,dmid,drift
140,0.5204460966542751,0.4838709677419355,0.32142857142857145,0.37209302325581395,vpt_shallow_seed0,dmid,drift
141,0.5241635687732342,0.4838709677419355,0.3191489361702128,0.375,vpt_shallow_seed0,dmid,drift
142,0.5278810408921933,0.4838709677419355,0.31690140845070425,0.3779527559055118,vpt_shallow_seed0,dmid,drift
143,0.5315985130111525,0.4838709677419355,0.3146853146853147,0.38095238095238093,vpt_shallow_seed0,dmid,drift
144,0.5353159851301115,0.4838709677419355,0.3125,0.384,vpt_shallow_seed0,dmid,drift
145,0.5390334572490706,0.4838709677419355,0.3103448275862069,0.3870967741935484,vpt_shallow_seed0,dmid,drift
146,0.5427509293680297,0.4838709677419355,0.3082191780821918,0.3902439024390244,vpt_shallow_seed0,dmid,drift
147,0.5464684014869888,0.4946236559139785,0.3129251700680272,0.38524590163934425,vpt_shallow_seed0,dmid,drift
148,0.550185873605948,0.4946236559139785,0.3108108108108108,0.3884297520661157,vpt_shallow_seed0,dmid,drift
149,0.5539033457249071,0.4946236559139785,0.3087248322147651,0.39166666666666666,vpt_shallow_seed0,dmid,drift
150,0.5576208178438662,0.4946236559139785,0.30666666666666664,0.3949579831932773,vpt_shallow_seed0,dmid,drift
151,0.5613382899628253,0.4946236559139785,0.304635761589404,0.3983050847457627,vpt_shallow_seed0,dmid,drift
152,0.5650557620817844,0.4946236559139785,0.3026315789473684,0.4017094017094017,vpt_shallow_seed0,dmid,drift
153,0.5687732342007435,0.4946236559139785,0.3006535947712418,0.4051724137931034,vpt_shallow_seed0,dmid,drift
154,0.5724907063197026,0.4946236559139785,0.2987012987012987,0.40869565217391307,vpt_shallow_seed0,dmid,drift
155,0.5762081784386617,0.4946236559139785,0.2967741935483871,0.41228070175438597,vpt_shallow_seed0,dmid,drift
156,0.5799256505576208,0.4946236559139785,0.2948717948717949,0.415929203539823,vpt_shallow_seed0,dmid,drift
157,0.5836431226765799,0.5053763440860215,0.29936305732484075,0.4107142857142857,vpt_shallow_seed0,dmid,drift
158,0.587360594795539,0.5053763440860215,0.2974683544303797,0.4144144144144144,vpt_shallow_seed0,dmid,drift
159,0.5910780669144982,0.5053763440860215,0.29559748427672955,0.41818181818181815,vpt_shallow_seed0,dmid,drift
160,0.5947955390334573,0.5161290322580645,0.3,0.41284403669724773,vpt_shallow_seed0,dmid,drift
161,0.5985130111524164,0.5161290322580645,0.2981366459627329,0.4166666666666667,vpt_shallow_seed0,dmid,drift
162,0.6022304832713755,0.5161290322580645,0.2962962962962963,0.4205607476635514,vpt_shallow_seed0,dmid,drift
163,0.6059479553903345,0.5161290322580645,0.294478527607362,0.42452830188679247,vpt_shallow_seed0,dmid,drift
164,0.6096654275092936,0.5268817204301075,0.29878048780487804,0.41904761904761906,vpt_shallow_seed0,dmid,drift
165,0.6133828996282528,0.5268817204301075,0.296969696969697,0.4230769230769231,vpt_shallow_seed0,dmid,drift
166,0.6171003717472119,0.5376344086021505,0.30120481927710846,0.4174757281553398,vpt_shallow_seed0,dmid,drift
167,0.620817843866171,0.5376344086021505,0.2994011976047904,0.4215686274509804,vpt_shallow_seed0,dmid,drift
168,0.6245353159851301,0.5483870967741935,0.30357142857142855,0.4158415841584158,vpt_shallow_seed0,dmid,drift
169,0.6282527881040892,0.5483870967741935,0.30177514792899407,0.42,vpt_shallow_seed0,dmid,drift
170,0.6319702602230484,0.5483870967741935,0.3,0.42424242424242425,vpt_shallow_seed0,dmid,drift
171,0.6356877323420075,0.5483870967741935,0.2982456140350877,0.42857142857142855,vpt_shallow_seed0,dmid,drift
172,0.6394052044609665,0.5483870967741935,0.29651162790697677,0.4329896907216495,vpt_shallow_seed0,dmid,drift
173,0.6431226765799256,0.5483870967741935,0.2947976878612717,0.4375,vpt_shallow_seed0,dmid,drift
174,0.6468401486988847,0.5483870967741935,0.29310344827586204,0.4421052631578947,vpt_shallow_seed0,dmid,drift
175,0.6505576208178439,0.5483870967741935,0.2914285714285714,0.44680851063829785,vpt_shallow_seed0,dmid,drift
176,0.654275092936803,0.5591397849462365,0.29545454545454547,0.44086021505376344,vpt_shallow_seed0,dmid,drift
177,0.6579925650557621,0.5591397849462365,0.2937853107344633,0.44565217391304346,vpt_shallow_seed0,dmid,drift
178,0.6617100371747212,0.5698924731182796,0.29775280898876405,0.43956043956043955,vpt_shallow_seed0,dmid,drift
179,0.6654275092936803,0.5698924731182796,0.29608938547486036,0.4444444444444444,vpt_shallow_seed0,dmid,drift
180,0.6691449814126395,0.5698924731182796,0.29444444444444445,0.449438202247191,vpt_shallow_seed0,dmid,drift
181,0.6728624535315985,0.5806451612903226,0.2983425414364641,0.4431818181818182,vpt_shallow_seed0,dmid,drift
182,0.6765799256505576,0.5806451612903226,0.2967032967032967,0.4482758620689655,vpt_shallow_seed0,dmid,drift
183,0.6802973977695167,0.5913978494623656,0.3005464480874317,0.4418604651162791,vpt_shallow_seed0,dmid,drift
184,0.6840148698884758,0.5913978494623656,0.29891304347826086,0.4470588235294118,vpt_shallow_seed0,dmid,drift
185,0.6877323420074349,0.5913978494623656,0.2972972972972973,0.4523809523809524,vpt_shallow_seed0,dmid,drift
186,0.6914498141263941,0.5913978494623656,0.2956989247311828,0.4578313253012048,vpt_shallow_seed0,dmid,drift
187,0.6951672862453532,0.6021505376344086,0.2994652406417112,0.45121951219512196,vpt_shallow_seed0,dmid,drift
188,0.6988847583643123,0.6129032258064516,0.30319148936170215,0.4444444444444444,vpt_shallow_seed0,dmid,drift
189,0.7026022304832714,0.6129032258064516,0.30158730158730157,0.45,vpt_shallow_seed0,dmid,drift
190,0.7063197026022305,0.6129032258064516,0.3,0.45569620253164556,vpt_shallow_seed0,dmid,drift
191,0.7100371747211895,0.6236559139784946,0.3036649214659686,0.44871794871794873,vpt_shallow_seed0,dmid,drift
192,0.7137546468401487,0.6236559139784946,0.3020833333333333,0.45454545454545453,vpt_shallow_seed0,dmid,drift
193,0.7174721189591078,0.6236559139784946,0.3005181347150259,0.4605263157894737,vpt_shallow_seed0,dmid,drift
194,0.7211895910780669,0.6344086021505376,0.30412371134020616,0.4533333333333333,vpt_shallow_seed0,dmid,drift
195,0.724907063197026,0.6344086021505376,0.30256410256410254,0.4594594594594595,vpt_shallow_seed0,dmid,drift
196,0.7286245353159851,0.6344086021505376,0.3010204081632653,0.4657534246575342,vpt_shallow_seed0,dmid,drift
197,0.7323420074349443,0.6451612903225806,0.30456852791878175,0.4583333333333333,vpt_shallow_seed0,dmid,drift
198,0.7360594795539034,0.6451612903225806,0.30303030303030304,0.4647887323943662,vpt_shallow_seed0,dmid,drift
199,0.7397769516728625,0.6559139784946236,0.3065326633165829,0.45714285714285713,vpt_shallow_seed0,dmid,drift
200,0.7434944237918215,0.6666666666666666,0.31,0.4492753623188406,vpt_shallow_seed0,dmid,drift
201,0.7472118959107806,0.6666666666666666,0.30845771144278605,0.45588235294117646,vpt_shallow_seed0,dmid,drift
202,0.7509293680297398,0.6774193548387096,0.3118811881188119,0.44776119402985076,vpt_shallow_seed0,dmid,drift
203,0.7546468401486989,0.6774193548387096,0.3103448275862069,0.45454545454545453,vpt_shallow_seed0,dmid,drift
204,0.758364312267658,0.6881720430107527,0.3137254901960784,0.4461538461538462,vpt_shallow_seed0,dmid,drift
205,0.7620817843866171,0.6881720430107527,0.3121951219512195,0.453125,vpt_shallow_seed0,dmid,drift
206,0.7657992565055762,0.6881720430107527,0.3106796116504854,0.4603174603174603,vpt_shallow_seed0,dmid,drift
207,0.7695167286245354,0.6989247311827957,0.3140096618357488,0.45161290322580644,vpt_shallow_seed0,dmid,drift
208,0.7732342007434945,0.7096774193548387,0.3173076923076923,0.4426229508196721,vpt_shallow_seed0,dmid,drift
209,0.7769516728624535,0.7096774193548387,0.3157894736842105,0.45,vpt_shallow_seed0,dmid,drift
210,0.7806691449814126,0.7096774193548387,0.3142857142857143,0.4576271186440678,vpt_shallow_seed0,dmid,drift
211,0.7843866171003717,0.7204301075268817,0.3175355450236967,0.4482758620689655,vpt_shallow_seed0,dmid,drift
212,0.7881040892193308,0.7204301075268817,0.3160377358490566,0.45614035087719296,vpt_shallow_seed0,dmid,drift
213,0.79182156133829,0.7204301075268817,0.3145539906103286,0.4642857142857143,vpt_shallow_seed0,dmid,drift
214,0.7955390334572491,0.7204301075268817,0.3130841121495327,0.4727272727272727,vpt_shallow_seed0,dmid,drift
215,0.7992565055762082,0.7204301075268817,0.3116279069767442,0.48148148148148145,vpt_shallow_seed0,dmid,drift
216,0.8029739776951673,0.7204301075268817,0.3101851851851852,0.49056603773584906,vpt_shallow_seed0,dmid,drift
217,0.8066914498141264,0.7204301075268817,0.3087557603686636,0.5,vpt_shallow_seed0,dmid,drift
218,0.8104089219330854,0.7311827956989247,0.3119266055045872,0.49019607843137253,vpt_shallow_seed0,dmid,drift
219,0.8141263940520446,0.7419354838709677,0.3150684931506849,0.48,vpt_shallow_seed0,dmid,drift
220,0.8178438661710037,0.7419354838709677,0.31363636363636366,0.4897959183673469,vpt_shallow_seed0,dmid,drift
221,0.8215613382899628,0.7419354838709677,0.31221719457013575,0.5,vpt_shallow_seed0,dmid,drift
222,0.8252788104089219,0.7419354838709677,0.3108108108108108,0.5106382978723404,vpt_shallow_seed0,dmid,drift
223,0.828996282527881,0.7419354838709677,0.3094170403587444,0.5217391304347826,vpt_shallow_seed0,dmid,drift
224,0.8327137546468402,0.7526881720430108,0.3125,0.5111111111111111,vpt_shallow_seed0,dmid,drift
225,0.8364312267657993,0.7526881720430108,0.3111111111111111,0.5227272727272727,vpt_shallow_seed0,dmid,drift
226,0.8401486988847584,0.7634408602150538,0.3141592920353982,0.5116279069767442,vpt_shallow_seed0,dmid,drift
227,0.8438661710037175,0.7741935483870968,0.31718061674008813,0.5,vpt_shallow_seed0,dmid,drift
228,0.8475836431226765,0.7849462365591398,0.3201754385964912,0.4878048780487805,vpt_shallow_seed0,dmid,drift
229,0.8513011152416357,0.7849462365591398,0.31877729257641924,0.5,vpt_shallow_seed0,dmid,drift
230,0.8550185873605948,0.7956989247311828,0.3217391304347826,0.48717948717948717,vpt_shallow_seed0,dmid,drift
231,0.8587360594795539,0.7956989247311828,0.3203463203463203,0.5,vpt_shallow_seed0,dmid,drift
232,0.862453531598513,0.7956989247311828,0.31896551724137934,0.5135135135135135,vpt_shallow_seed0,dmid,drift
233,0.8661710037174721,0.7956989247311828,0.31759656652360513,0.5277777777777778,vpt_shallow_seed0,dmid,drift
234,0.8698884758364313,0.7956989247311828,0.3162393162393162,0.5428571428571428,vpt_shallow_seed0,dmid,drift
235,0.8736059479553904,0.8064516129032258,0.3191489361702128,0.5294117647058824,vpt_shallow_seed0,dmid,drift
236,0.8773234200743495,0.8064516129032258,0.3177966101694915,0.5454545454545454,vpt_shallow_seed0,dmid,drift
237,0.8810408921933085,0.8172043010752689,0.3206751054852321,0.53125,vpt_shallow_seed0,dmid,drift
238,0.8847583643122676,0.8279569892473119,0.3235294117647059,0.5161290322580645,vpt_shallow_seed0,dmid,drift
239,0.8884758364312267,0.8387096774193549,0.3263598326359833,0.5,vpt_shallow_seed0,dmid,drift
240,0.8921933085501859,0.8387096774193549,0.325,0.5172413793103449,vpt_shallow_seed0,dmid,drift
241,0.895910780669145,0.8387096774193549,0.3236514522821577,0.5357142857142857,vpt_shallow_seed0,dmid,drift
242,0.8996282527881041,0.8387096774193549,0.32231404958677684,0.5555555555555556,vpt_shallow_seed0,dmid,drift
243,0.9033457249070632,0.8387096774193549,0.32098765432098764,0.5769230769230769,vpt_shallow_seed0,dmid,drift
244,0.9070631970260223,0.8387096774193549,0.319672131147541,0.6,vpt_shallow_seed0,dmid,drift
245,0.9107806691449815,0.8387096774193549,0.3183673469387755,0.625,vpt_shallow_seed0,dmid,drift
246,0.9144981412639405,0.8387096774193549,0.3170731707317073,0.6521739130434783,vpt_shallow_seed0,dmid,drift
247,0.9182156133828996,0.8494623655913979,0.31983805668016196,0.6363636363636364,vpt_shallow_seed0,dmid,drift
248,0.9219330855018587,0.8602150537634409,0.3225806451612903,0.6190476190476191,vpt_shallow_seed0,dmid,drift
249,0.9256505576208178,0.8709677419354839,0.3253012048192771,0.6,vpt_shallow_seed0,dmid,drift
250,0.929368029739777,0.8709677419354839,0.324,0.631578947368421,vpt_shallow_seed0,dmid,drift
251,0.9330855018587361,0.8709677419354839,0.32270916334661354,0.6666666666666666,vpt_shallow_seed0,dmid,drift
252,0.9368029739776952,0.8709677419354839,0.32142857142857145,0.7058823529411765,vpt_shallow_seed0,dmid,drift
253,0.9405204460966543,0.8817204301075269,0.3241106719367589,0.6875,vpt_shallow_seed0,dmid,drift
254,0.9442379182156134,0.8924731182795699,0.32677165354330706,0.6666666666666666,vpt_shallow_seed0,dmid,drift
255,0.9479553903345725,0.9032258064516129,0.32941176470588235,0.6428571428571429,vpt_shallow_seed0,dmid,drift
256,0.9516728624535316,0.9139784946236559,0.33203125,0.6153846153846154,vpt_shallow_seed0,dmid,drift
257,0.9553903345724907,0.9247311827956989,0.3346303501945525,0.5833333333333334,vpt_shallow_seed0,dmid,drift
258,0.9591078066914498,0.9354838709677419,0.3372093023255814,0.5454545454545454,vpt_shallow_seed0,dmid,drift
259,0.9628252788104089,0.9354838709677419,0.3359073359073359,0.6,vpt_shallow_seed0,dmid,drift
260,0.966542750929368,0.946236559139785,0.3384615384615385,0.5555555555555556,vpt_shallow_seed0,dmid,drift
261,0.9702602230483272,0.946236559139785,0.3371647509578544,0.625,vpt_shallow_seed0,dmid,drift
262,0.9739776951672863,0.946236559139785,0.33587786259541985,0.7142857142857143,vpt_shallow_seed0,dmid,drift
263,0.9776951672862454,0.956989247311828,0.33840304182509506,0.6666666666666666,vpt_shallow_seed0,dmid,drift
264,0.9814126394052045,0.967741935483871,0.3409090909090909,0.6,vpt_shallow_seed0,dmid,drift
265,0.9851301115241635,0.978494623655914,0.3433962264150943,0.5,vpt_shallow_seed0,dmid,drift
266,0.9888475836431226,0.978494623655914,0.34210526315789475,0.6666666666666666,vpt_shallow_seed0,dmid,drift
267,0.9925650557620818,0.989247311827957,0.3445692883895131,0.5,vpt_shallow_seed0,dmid,drift
268,0.9962825278810409,0.989247311827957,0.34328358208955223,1.0,vpt_shallow_seed0,dmid,drift
269,1.0,1.0,0.34572490706319703,,vpt_shallow_seed0,dmid,drift
0,0.0,0.0,,0.34572490706319703,vpt_shallow_seed0,dmid,iou_pred
1,0.0037174721189591076,0.0,0.0,0.34701492537313433,vpt_shallow_seed0,dmid,iou_pred
2,0.007434944237918215,0.010752688172043012,0.5,0.3445692883895131,vpt_shallow_seed0,dmid,iou_pred
3,0.011152416356877323,0.021505376344086023,0.6666666666666666,0.34210526315789475,vpt_shallow_seed0,dmid,iou_pred
4,0.01486988847583643,0.03225806451612903,0.75,0.33962264150943394,vpt_shallow_seed0,dmid,iou_pred
5,0.01858736059479554,0.03225806451612903,0.6,0.3409090909090909,vpt_shallow_seed0,dmid,iou_pred
6,0.022304832713754646,0.03225806451612903,0.5,0.34220532319391633,vpt_shallow_seed0,dmid,iou_pred
7,0.026022304832713755,0.043010752688172046,0.5714285714285714,0.33969465648854963,vpt_shallow_seed0,dmid,iou_pred
8,0.02973977695167286,0.053763440860215055,0.625,0.3371647509578544,vpt_shallow_seed0,dmid,iou_pred
9,0.03345724907063197,0.053763440860215055,0.5555555555555556,0.3384615384615385,vpt_shallow_seed0,dmid,iou_pred
10,0.03717472118959108,0.06451612903225806,0.6,0.3359073359073359,vpt_shallow_seed0,dmid,iou_pred
11,0.040892193308550186,0.07526881720430108,0.6363636363636364,0.3333333333333333,vpt_shallow_seed0,dmid,iou_pred
12,0.04460966542750929,0.08602150537634409,0.6666666666666666,0.33073929961089493,vpt_shallow_seed0,dmid,iou_pred
13,0.048327137546468404,0.08602150537634409,0.6153846153846154,0.33203125,vpt_shallow_seed0,dmid,iou_pred
14,0.05204460966542751,0.08602150537634409,0.5714285714285714,0.3333333333333333,vpt_shallow_seed0,dmid,iou_pred
15,0.055762081784386616,0.0967741935483871,0.6,0.33070866141732286,vpt_shallow_seed0,dmid,iou_pred
16,0.05947955390334572,0.10752688172043011,0.625,0.32806324110671936,vpt_shallow_seed0,dmid,iou_pred
17,0.06319702602230483,0.11827956989247312,0.6470588235294118,0.3253968253968254,vpt_shallow_seed0,dmid,iou_pred
18,0.06691449814126393,0.11827956989247312,0.6111111111111112,0.32669322709163345,vpt_shallow_seed0,dmid,iou_pred
19,0.07063197026022305,0.12903225806451613,0.631578947368421,0.324,vpt_shallow_seed0,dmid,iou_pred
20,0.07434944237918216,0.12903225806451613,0.6,0.3253012048192771,vpt_shallow_seed0,dmid,iou_pred
21,0.07806691449814127,0.12903225806451613,0.5714285714285714,0.32661290322580644,vpt_shallow_seed0,dmid,iou_pred
22,0.08178438661710037,0.12903225806451613,0.5454545454545454,0.32793522267206476,vpt_shallow_seed0,dmid,iou_pred
23,0.08550185873605948,0.12903225806451613,0.5217391304347826,0.32926829268292684,vpt_shallow_seed0,dmid,iou_pred
24,0.08921933085501858,0.12903225806451613,0.5,0.3306122448979592,vpt_shallow_seed0,dmid,iou_pred
25,0.09293680297397769,0.12903225806451613,0.48,0.3319672131147541,vpt_shallow_seed0,dmid,iou_pred
26,0.09665427509293681,0.13978494623655913,0.5,0.3292181069958848,vpt_shallow_seed0,dmid,iou_pred
27,0.10037174721189591,0.13978494623655913,0.48148148148148145,0.3305785123966942,vpt_shallow_seed0,dmid,iou_pred
28,0.10408921933085502,0.13978494623655913,0.4642857142857143,0.33195020746887965,vpt_shallow_seed0,dmid,iou_pred
29,0.10780669144981413,0.15053763440860216,0.4827586206896552,0.32916666666666666,vpt_shallow_seed0,dmid,iou_pred
30,0.11152416356877323,0.15053763440860216,0.4666666666666667,0.3305439330543933,vpt_shallow_seed0,dmid,iou_pred
31,0.11524163568773234,0.15053763440860216,0.45161290322580644,0.3319327731092437,vpt_shallow_seed0,dmid,iou_pred
32,0.11895910780669144,0.16129032258064516,0.46875,0.3291139240506329,vpt_shallow_seed0,dmid,iou_pred
33,0.12267657992565056,0.16129032258064516,0.45454545454545453,0.3305084745762712,vpt_shallow_seed0,dmid,iou_pred
34,0.12639405204460966,0.16129032258064516,0.4411764705882353,0.33191489361702126,vpt_shallow_seed0,dmid,iou_pred
35,0.13011152416356878,0.17204301075268819,0.45714285714285713,0.32905982905982906,vpt_shallow_seed0,dmid,iou_pred
36,0.13382899628252787,0.1827956989247312,0.4722222222222222,0.3261802575107296,vpt_shallow_seed0,dmid,iou_pred
37,0.137546468401487,0.1827956989247312,0.4594594594594595,0.3275862068965517,vpt_shallow_seed0,dmid,iou_pred
38,0.1412639405204461,0.1827956989247312,0.4473684210526316,0.329004329004329,vpt_shallow_seed0,dmid,iou_pred
39,0.1449814126394052,0.1827956989247312,0.4358974358974359,0.33043478260869563,vpt_shallow_seed0,dmid,iou_pred
40,0.14869888475836432,0.1827956989247312,0.425,0.3318777292576419,vpt_shallow_seed0,dmid,iou_pred
41,0.1524163568773234,0.1935483870967742,0.43902439024390244,0.32894736842105265,vpt_shallow_seed0,dmid,iou_pred
42,0.15613382899628253,0.1935483870967742,0.42857142857142855,0.3303964757709251,vpt_shallow_seed0,dmid,iou_pred
43,0.15985130111524162,0.20430107526881722,0.4418604651162791,0.3274336283185841,vpt_shallow_seed0,dmid,iou_pred
44,0.16356877323420074,0.20430107526881722,0.4318181818181818,0.3288888888888889,vpt_shallow_seed0,dmid,iou_pred
45,0.16728624535315986,0.20430107526881722,0.4222222222222222,0.33035714285714285,vpt_shallow_seed0,dmid,iou_pred
46,0.17100371747211895,0.21505376344086022,0.43478260869565216,0.3273542600896861,vpt_shallow_seed0,dmid,iou_pred
47,0.17472118959107807,0.21505376344086022,0.425531914893617,0.32882882882882886,vpt_shallow_seed0,dmid,iou_pred
48,0.17843866171003717,0.21505376344086022,0.4166666666666667,0.33031674208144796,vpt_shallow_seed0,dmid,iou_pred
49,0.1821561338289963,0.21505376344086022,0.40816326530612246,0.33181818181818185,vpt_shallow_seed0,dmid,iou_pred
50,0.18587360594795538,0.22580645161290322,0.42,0.3287671232876712,vpt_shallow_seed0,dmid,iou_pred
51,0.1895910780669145,0.22580645161290322,0.4117647058823529,0.3302752293577982,vpt_shallow_seed0,dmid,iou_pred
52,0.19330855018587362,0.22580645161290322,0.40384615384615385,0.3317972350230415,vpt_shallow_seed0,dmid,iou_pred
53,0.1970260223048327,0.22580645161290322,0.39622641509433965,0.3333333333333333,vpt_shallow_seed0,dmid,iou_pred
54,0.20074349442379183,0.23655913978494625,0.4074074074074074,0.3302325581395349,vpt_shallow_seed0,dmid,iou_pred
55,0.20446096654275092,0.24731182795698925,0.41818181818181815,0.32710280373831774,vpt_shallow_seed0,dmid,iou_pred
56,0.20817843866171004,0.24731182795698925,0.4107142857142857,0.3286384976525822,vpt_shallow_seed0,dmid,iou_pred
57,0.21189591078066913,0.24731182795698925,0.40350877192982454,0.330188679245283,vpt_shallow_seed0,dmid,iou_pred
58,0.21561338289962825,0.25806451612903225,0.41379310344827586,0.32701421800947866,vpt_shallow_seed0,dmid,iou_pred
59,0.21933085501858737,0.25806451612903225,0.4067796610169492,0.32857142857142857,vpt_shallow_seed0,dmid,iou_pred
60,0.22304832713754646,0.26881720430107525,0.4166666666666667,0.3253588516746411,vpt_shallow_seed0,dmid,iou_pred
61,0.22676579925650558,0.26881720430107525,0.4098360655737705,0.3269230769230769,vpt_shallow_seed0,dmid,iou_pred
62,0.23048327137546468,0.26881720430107525,0.4032258064516129,0.3285024154589372,vpt_shallow_seed0,dmid,iou_pred
63,0.2342007434944238,0.26881720430107525,0.3968253968253968,0.3300970873786408,vpt_shallow_seed0,dmid,iou_pred
64,0.2379182156133829,0.27956989247311825,0.40625,0.32682926829268294,vpt_shallow_seed0,dmid,iou_pred
65,0.241635687732342,0.2903225806451613,0.4153846153846154,0.3235294117647059,vpt_shallow_seed0,dmid,iou_pred
66,0.24535315985130113,0.2903225806451613,0.4090909090909091,0.3251231527093596,vpt_shallow_seed0,dmid,iou_pred
67,0.24907063197026022,0.2903225806451613,0.40298507462686567,0.32673267326732675,vpt_shallow_seed0,dmid,iou_pred
68,0.2527881040892193,0.2903225806451613,0.39705882352941174,0.3283582089552239,vpt_shallow_seed0,dmid,iou_pred
69,0.25650557620817843,0.3010752688172043,0.4057971014492754,0.325,vpt_shallow_seed0,dmid,iou_pred
70,0.26022304832713755,0.3010752688172043,0.4,0.32663316582914576,vpt_shallow_seed0,dmid,iou_pred
71,0.26394052044609667,0.3118279569892473,0.4084507042253521,0.32323232323232326,vpt_shallow_seed0,dmid,iou_pred
72,0.26765799256505574,0.3118279569892473,0.4027777777777778,0.3248730964467005,vpt_shallow_seed0,dmid,iou_pred
73,0.27137546468401486,0.3118279569892473,0.3972602739726027,0.32653061224489793,vpt_shallow_seed0,dmid,iou_pred
74,0.275092936802974,0.3225806451612903,0.40540540540540543,0.3230769230769231,vpt_shallow_seed0,dmid,iou_pred
75,0.2788104089219331,0.3333333333333333,0.41333333333333333,0.31958762886597936,vpt_shallow_seed0,dmid,iou_pred
76,0.2825278810408922,0.34408602150537637,0.42105263157894735,0.3160621761658031,vpt_shallow_seed0,dmid,iou_pred
77,0.2862453531598513,0.3548387096774194,0.42857142857142855,0.3125,vpt_shallow_seed0,dmid,iou_pred
78,0.2899628252788104,0.3548387096774194,0.4230769230769231,0.31413612565445026,vpt_shallow_seed0,dmid,iou_pred
79,0.2936802973977695,0.3548387096774194,0.4177215189873418,0.3157894736842105,vpt_shallow_seed0,dmid,iou_pred
80,0.29739776951672864,0.3655913978494624,0.425,0.31216931216931215,vpt_shallow_seed0,dmid,iou_pred
81,0.30111524163568776,0.3763440860215054,0.43209876543209874,0.30851063829787234,vpt_shallow_seed0,dmid,iou_pred
82,0.3048327137546468,0.3763440860215054,0.4268292682926829,0.31016042780748665,vpt_shallow_seed0,dmid,iou_pred
83,0.30855018587360594,0.3870967741935484,0.43373493975903615,0.3064516129032258,vpt_shallow_seed0,dmid,iou_pred
84,0.31226765799256506,0.3870967741935484,0.42857142857142855,0.3081081081081081,vpt_shallow_seed0,dmid,iou_pred
85,0.3159851301115242,0.3870967741935484,0.4235294117647059,0.30978260869565216,vpt_shallow_seed0,dmid,iou_pred
86,0.31970260223048325,0.3978494623655914,0.43023255813953487,0.30601092896174864,vpt_shallow_seed0,dmid,iou_pred
87,0.32342007434944237,0.3978494623655914,0.42528735632183906,0.3076923076923077,vpt_shallow_seed0,dmid,iou_pred
88,0.3271375464684015,0.40860215053763443,0.4318181818181818,0.30386740331491713,vpt_shallow_seed0,dmid,iou_pred
89,0.3308550185873606,0.40860215053763443,0.42696629213483145,0.3055555555555556,vpt_shallow_seed0,dmid,iou_pred
90,0.3345724907063197,0.41935483870967744,0.43333333333333335,0.3016759776536313,vpt_shallow_seed0,dmid,iou_pred
91,0.3382899628252788,0.41935483870967744,0.42857142857142855,0.30337078651685395,vpt_shallow_seed0,dmid,iou_pred
92,0.3420074349442379,0.43010752688172044,0.43478260869565216,0.2994350282485876,vpt_shallow_seed0,dmid,iou_pred
93,0.34572490706319703,0.44086021505376344,0.44086021505376344,0.29545454545454547,vpt_shallow_seed0,dmid,iou_pred
94,0.34944237918215615,0.45161290322580644,0.44680851063829785,0.2914285714285714,vpt_shallow_seed0,dmid,iou_pred
95,0.35315985130111527,0.46236559139784944,0.45263157894736844,0.28735632183908044,vpt_shallow_seed0,dmid,iou_pred
96,0.35687732342007433,0.4731182795698925,0.4583333333333333,0.2832369942196532,vpt_shallow_seed0,dmid,iou_pred
97,0.36059479553903345,0.4731182795698925,0.4536082474226804,0.28488372093023256,vpt_shallow_seed0,dmid,iou_pred
98,0.3643122676579926,0.4731182795698925,0.4489795918367347,0.28654970760233917,vpt_shallow_seed0,dmid,iou_pred
99,0.3680297397769517,0.4838709677419355,0.45454545454545453,0.2823529411764706,vpt_shallow_seed0,dmid,iou_pred
100,0.37174721189591076,0.4946236559139785,0.46,0.2781065088757396,vpt_shallow_seed0,dmid,iou_pred
101,0.3754646840148699,0.4946236559139785,0.45544554455445546,0.27976190476190477,vpt_shallow_seed0,dmid,iou_pred
102,0.379182156133829,0.5053763440860215,0.46078431372549017,0.2754491017964072,vpt_shallow_seed0,dmid,iou_pred
103,0.3828996282527881,0.5053763440860215,0.4563106796116505,0.27710843373493976,vpt_shallow_seed0,dmid,iou_pred
104,0.38661710037174724,0.5053763440860215,0.4519230769230769,0.2787878787878788,vpt_shallow_seed0,dmid,iou_pred
105,0.3903345724907063,0.5053763440860215,0.44761904761904764,0.2804878048780488,vpt_shallow_seed0,dmid,iou_pred
106,0.3940520446096654,0.5161290322580645,0.4528301886792453,0.27607361963190186,vpt_shallow_seed0,dmid,iou_pred
107,0.39776951672862454,0.5268817204301075,0.45794392523364486,0.2716049382716049,vpt_shallow_seed0,dmid,iou_pred
108,0.40148698884758366,0.5268817204301075,0.4537037037037037,0.2732919254658385,vpt_shallow_seed0,dmid,iou_pred
109,0.4052044609665427,0.5376344086021505,0.45871559633027525,0.26875,vpt_shallow_seed0,dmid,iou_pred
110,0.40892193308550184,0.5483870967741935,0.4636363636363636,0.2641509433962264,vpt_shallow_seed0,dmid,iou_pred
111,0.41263940520446096,0.5483870967741935,0.4594594594594595,0.26582278481012656,vpt_shallow_seed0,dmid,iou_pred
112,0.4163568773234201,0.5483870967741935,0.45535714285714285,0.267515923566879,vpt_shallow_seed0,dmid,iou_pred
113,0.4200743494423792,0.5483870967741935,0.45132743362831856,0.2692307692307692,vpt_shallow_seed0,dmid,iou_pred
114,0.42379182156133827,0.5483870967741935,0.4473684210526316,0.2709677419354839,vpt_shallow_seed0,dmid,iou_pred
115,0.4275092936802974,0.5483870967741935,0.4434782608695652,0.2727272727272727,vpt_shallow_seed0,dmid,iou_pred
116,0.4312267657992565,0.5591397849462365,0.4482758620689655,0.2679738562091503,vpt_shallow_seed0,dmid,iou_pred
117,0.4349442379182156,0.5591397849462365,0.4444444444444444,0.26973684210526316,vpt_shallow_seed0,dmid,iou_pred
118,0.43866171003717475,0.5591397849462365,0.4406779661016949,0.271523178807947,vpt_shallow_seed0,dmid,iou_pred
119,0.4423791821561338,0.5591397849462365,0.4369747899159664,0.2733333333333333,vpt_shallow_seed0,dmid,iou_pred
120,0.44609665427509293,0.5591397849462365,0.43333333333333335,0.2751677852348993,vpt_shallow_seed0,dmid,iou_pred
121,0.44981412639405205,0.5591397849462365,0.4297520661157025,0.27702702702702703,vpt_shallow_seed0,dmid,iou_pred
122,0.45353159851301117,0.5698924731182796,0.4344262295081967,0.272108843537415,vpt_shallow_seed0,dmid,iou_pred
123,0.45724907063197023,0.5698924731182796,0.43089430894308944,0.273972602739726,vpt_shallow_seed0,dmid,iou_pred
124,0.46096654275092935,0.5806451612903226,0.43548387096774194,0.2689655172413793,vpt_shallow_seed0,dmid,iou_pred
125,0.4646840148698885,0.5806451612903226,0.432,0.2708333333333333,vpt_shallow_seed0,dmid,iou_pred
126,0.4684014869888476,0.5806451612903226,0.42857142857142855,0.2727272727272727,vpt_shallow_seed0,dmid,iou_pred
127,0.4721189591078067,0.5806451612903226,0.4251968503937008,0.2746478873239437,vpt_shallow_seed0,dmid,iou_pred
128,0.4758364312267658,0.5913978494623656,0.4296875,0.2695035460992908,vpt_shallow_seed0,dmid,iou_pred
129,0.4795539033457249,0.5913978494623656,0.4263565891472868,0.2714285714285714,vpt_shallow_seed0,dmid,iou_pred
130,0.483271375464684,0.5913978494623656,0.4230769230769231,0.2733812949640288,vpt_shallow_seed0,dmid,iou_pred
131,0.48698884758364314,0.5913978494623656,0.4198473282442748,0.2753623188405797,vpt_shallow_seed0,dmid,iou_pred
132,0.49070631970260226,0.5913978494623656,0.4166666666666667,0.2773722627737226,vpt_shallow_seed0,dmid,iou_pred
133,0.4944237918215613,0.5913978494623656,0.41353383458646614,0.27941176470588236,vpt_shallow_seed0,dmid,iou_pred
134,0.49814126394052044,0.5913978494623656,0.41044776119402987,0.2814814814814815,vpt_shallow_seed0,dmid,iou_pred
135,0.5018587360594795,0.5913978494623656,0.4074074074074074,0.2835820895522388,vpt_shallow_seed0,dmid,iou_pred
136,0.5055762081784386,0.6021505376344086,0.4117647058823529,0.2781954887218045,vpt_shallow_seed0,dmid,iou_pred
137,0.5092936802973977,0.6129032258064516,0.41605839416058393,0.2727272727272727,vpt_shallow_seed0,dmid,iou_pred
138,0.5130111524163569,0.6236559139784946,0.42028985507246375,0.26717557251908397,vpt_shallow_seed0,dmid,iou_pred
139,0.516728624535316,0.6236559139784946,0.4172661870503597,0.2692307692307692,vpt_shallow_seed0,dmid,iou_pred
140,0.5204460966542751,0.6236559139784946,0.4142857142857143,0.2713178294573643,vpt_shallow_seed0,dmid,iou_pred
141,0.5241635687732342,0.6236559139784946,0.41134751773049644,0.2734375,vpt_shallow_seed0,dmid,iou_pred
142,0.5278810408921933,0.6344086021505376,0.4154929577464789,0.2677165354330709,vpt_shallow_seed0,dmid,iou_pred
143,0.5315985130111525,0.6344086021505376,0.4125874125874126,0.2698412698412698,vpt_shallow_seed0,dmid,iou_pred
144,0.5353159851301115,0.6344086021505376,0.4097222222222222,0.272,vpt_shallow_seed0,dmid,iou_pred
145,0.5390334572490706,0.6344086021505376,0.4068965517241379,0.27419354838709675,vpt_shallow_seed0,dmid,iou_pred
146,0.5427509293680297,0.6451612903225806,0.410958904109589,0.2682926829268293,vpt_shallow_seed0,dmid,iou_pred
147,0.5464684014869888,0.6559139784946236,0.41496598639455784,0.26229508196721313,vpt_shallow_seed0,dmid,iou_pred
148,0.550185873605948,0.6559139784946236,0.41216216216216217,0.2644628099173554,vpt_shallow_seed0,dmid,iou_pred
149,0.5539033457249071,0.6559139784946236,0.40939597315436244,0.26666666666666666,vpt_shallow_seed0,dmid,iou_pred
150,0.5576208178438662,0.6559139784946236,0.4066666666666667,0.2689075630252101,vpt_shallow_seed0,dmid,iou_pred
151,0.5613382899628253,0.6559139784946236,0.40397350993377484,0.2711864406779661,vpt_shallow_seed0,dmid,iou_pred
152,0.5650557620817844,0.6559139784946236,0.40131578947368424,0.27350427350427353,vpt_shallow_seed0,dmid,iou_pred
153,0.5687732342007435,0.6559139784946236,0.39869281045751637,0.27586206896551724,vpt_shallow_seed0,dmid,iou_pred
154,0.5724907063197026,0.6559139784946236,0.3961038961038961,0.2782608695652174,vpt_shallow_seed0,dmid,iou_pred
155,0.5762081784386617,0.6666666666666666,0.4,0.2719298245614035,vpt_shallow_seed0,dmid,iou_pred
156,0.5799256505576208,0.6774193548387096,0.40384615384615385,0.26548672566371684,vpt_shallow_seed0,dmid,iou_pred
157,0.5836431226765799,0.6881720430107527,0.40764331210191085,0.25892857142857145,vpt_shallow_seed0,dmid,iou_pred
158,0.587360594795539,0.6881720430107527,0.4050632911392405,0.26126126126126126,vpt_shallow_seed0,dmid,iou_pred
159,0.5910780669144982,0.6881720430107527,0.4025157232704403,0.2636363636363636,vpt_shallow_seed0,dmid,iou_pred
160,0.5947955390334573,0.6881720430107527,0.4,0.26605504587155965,vpt_shallow_seed0,dmid,iou_pred
161,0.5985130111524164,0.6989247311827957,0.40372670807453415,0.25925925925925924,vpt_shallow_seed0,dmid,iou_pred
162,0.6022304832713755,0.7096774193548387,0.4074074074074074,0.2523364485981308,vpt_shallow_seed0,dmid,iou_pred
163,0.6059479553903345,0.7096774193548387,0.4049079754601227,0.25471698113207547,vpt_shallow_seed0,dmid,iou_pred
164,0.6096654275092936,0.7096774193548387,0.4024390243902439,0.2571428571428571,vpt_shallow_seed0,dmid,iou_pred
165,0.6133828996282528,0.7096774193548387,0.4,0.25961538461538464,vpt_shallow_seed0,dmid,iou_pred
166,0.6171003717472119,0.7096774193548387,0.39759036144578314,0.2621359223300971,vpt_shallow_seed0,dmid,iou_pred
167,0.620817843866171,0.7204301075268817,0.40119760479041916,0.2549019607843137,vpt_shallow_seed0,dmid,iou_pred
168,0.6245353159851301,0.7204301075268817,0.39880952380952384,0.25742574257425743,vpt_shallow_seed0,dmid,iou_pred
169,0.6282527881040892,0.7204301075268817,0.39644970414201186,0.26,vpt_shallow_seed0,dmid,iou_pred
170,0.6319702602230484,0.7311827956989247,0.4,0.25252525252525254,vpt_shallow_seed0,dmid,iou_pred
171,0.6356877323420075,0.7419354838709677,0.40350877192982454,0.24489795918367346,vpt_shallow_seed0,dmid,iou_pred
172,0.6394052044609665,0.7419354838709677,0.4011627906976744,0.24742268041237114,vpt_shallow_seed0,dmid,iou_pred
173,0.6431226765799256,0.7419354838709677,0.3988439306358382,0.25,vpt_shallow_seed0,dmid,iou_pred
174,0.6468401486988847,0.7419354838709677,0.39655172413793105,0.25263157894736843,vpt_shallow_seed0,dmid,iou_pred
175,0.6505576208178439,0.7419354838709677,0.3942857142857143,0.2553191489361702,vpt_shallow_seed0,dmid,iou_pred
176,0.654275092936803,0.7419354838709677,0.39204545454545453,0.25806451612903225,vpt_shallow_seed0,dmid,iou_pred
177,0.6579925650557621,0.7419354838709677,0.3898305084745763,0.2608695652173913,vpt_shallow_seed0,dmid,iou_pred
178,0.6617100371747212,0.7526881720430108,0.39325842696629215,0.25274725274725274,vpt_shallow_seed0,dmid,iou_pred
179,0.6654275092936803,0.7634408602150538,0.39664804469273746,0.24444444444444444,vpt_shallow_seed0,dmid,iou_pred
180,0.6691449814126395,0.7634408602150538,0.39444444444444443,0.24719101123595505,vpt_shallow_seed0,dmid,iou_pred
181,0.6728624535315985,0.7741935483870968,0.39779005524861877,0.23863636363636365,vpt_shallow_seed0,dmid,iou_pred
182,0.6765799256505576,0.7741935483870968,0.3956043956043956,0.2413793103448276,vpt_shallow_seed0,dmid,iou_pred
183,0.6802973977695167,0.7741935483870968,0.39344262295081966,0.2441860465116279,vpt_shallow_seed0,dmid,iou_pred
184,0.6840148698884758,0.7849462365591398,0.3967391304347826,0.23529411764705882,vpt_shallow_seed0,dmid,iou_pred
185,0.6877323420074349,0.7849462365591398,0.3945945945945946,0.23809523809523808,vpt_shallow_seed0,dmid,iou_pred
186,0.6914498141263941,0.7849462365591398,0.3924731182795699,0.24096385542168675,vpt_shallow_seed0,dmid,iou_pred
187,0.6951672862453532,0.7849462365591398,0.39037433155080214,0.24390243902439024,vpt_shallow_seed0,dmid,iou_pred
188,0.6988847583643123,0.7849462365591398,0.3882978723404255,0.24691358024691357,vpt_shallow_seed0,dmid,iou_pred
189,0.7026022304832714,0.7849462365591398,0.3862433862433862,0.25,vpt_shallow_seed0,dmid,iou_pred
190,0.7063197026022305,0.7849462365591398,0.38421052631578945,0.25316455696202533,vpt_shallow_seed0,dmid,iou_pred
191,0.7100371747211895,0.7849462365591398,0.38219895287958117,0.2564102564102564,vpt_shallow_seed0,dmid,iou_pred
192,0.7137546468401487,0.7849462365591398,0.3802083333333333,0.2597402597402597,vpt_shallow_seed0,dmid,iou_pred
193,0.7174721189591078,0.7849462365591398,0.37823834196891193,0.2631578947368421,vpt_shallow_seed0,dmid,iou_pred
194,0.7211895910780669,0.7956989247311828,0.38144329896907214,0.25333333333333335,vpt_shallow_seed0,dmid,iou_pred
195,0.724907063197026,0.7956989247311828,0.37948717948717947,0.25675675675675674,vpt_shallow_seed0,dmid,iou_pred
196,0.7286245353159851,0.7956989247311828,0.37755102040816324,0.2602739726027397,vpt_shallow_seed0,dmid,iou_pred
197,0.7323420074349443,0.7956989247311828,0.3756345177664975,0.2638888888888889,vpt_shallow_seed0,dmid,iou_pred
198,0.7360594795539034,0.7956989247311828,0.37373737373737376,0.2676056338028169,vpt_shallow_seed0,dmid,iou_pred
199,0.7397769516728625,0.8064516129032258,0.3768844221105528,0.2571428571428571,vpt_shallow_seed0,dmid,iou_pred
200,0.7434944237918215,0.8172043010752689,0.38,0.2463768115942029,vpt_shallow_seed0,dmid,iou_pred
201,0.7472118959107806,0.8172043010752689,0.3781094527363184,0.25,vpt_shallow_seed0,dmid,iou_pred
202,0.7509293680297398,0.8279569892473119,0.3811881188118812,0.23880597014925373,vpt_shallow_seed0,dmid,iou_pred
203,0.7546468401486989,0.8279569892473119,0.3793103448275862,0.24242424242424243,vpt_shallow_seed0,dmid,iou_pred
204,0.758364312267658,0.8279569892473119,0.37745098039215685,0.24615384615384617,vpt_shallow_seed0,dmid,iou_pred
205,0.7620817843866171,0.8279569892473119,0.375609756097561,0.25,vpt_shallow_seed0,dmid,iou_pred
206,0.7657992565055762,0.8279569892473119,0.3737864077669903,0.25396825396825395,vpt_shallow_seed0,dmid,iou_pred
207,0.7695167286245354,0.8279569892473119,0.3719806763285024,0.25806451612903225,vpt_shallow_seed0,dmid,iou_pred
208,0.7732342007434945,0.8279569892473119,0.3701923076923077,0.26229508196721313,vpt_shallow_seed0,dmid,iou_pred
209,0.7769516728624535,0.8387096774193549,0.37320574162679426,0.25,vpt_shallow_seed0,dmid,iou_pred
210,0.7806691449814126,0.8387096774193549,0.37142857142857144,0.2542372881355932,vpt_shallow_seed0,dmid,iou_pred
211,0.7843866171003717,0.8387096774193549,0.3696682464454976,0.25862068965517243,vpt_shallow_seed0,dmid,iou_pred
212,0.7881040892193308,0.8387096774193549,0.36792452830188677,0.2631578947368421,vpt_shallow_seed0,dmid,iou_pred
213,0.79182156133829,0.8387096774193549,0.36619718309859156,0.26785714285714285,vpt_shallow_seed0,dmid,iou_pred
214,0.7955390334572491,0.8387096774193549,0.3644859813084112,0.2727272727272727,vpt_shallow_seed0,dmid,iou_pred
215,0.7992565055762082,0.8387096774193549,0.3627906976744186,0.2777777777777778,vpt_shallow_seed0,dmid,iou_pred
216,0.8029739776951673,0.8387096774193549,0.3611111111111111,0.2830188679245283,vpt_shallow_seed0,dmid,iou_pred
217,0.8066914498141264,0.8387096774193549,0.35944700460829493,0.28846153846153844,vpt_shallow_seed0,dmid,iou_pred
218,0.8104089219330854,0.8387096774193549,0.3577981651376147,0.29411764705882354,vpt_shallow_seed0,dmid,iou_pred
219,0.8141263940520446,0.8494623655913979,0.3607305936073059,0.28,vpt_shallow_seed0,dmid,iou_pred
220,0.8178438661710037,0.8494623655913979,0.35909090909090907,0.2857142857142857,vpt_shallow_seed0,dmid,iou_pred
221,0.8215613382899628,0.8602150537634409,0.36199095022624433,0.2708333333333333,vpt_shallow_seed0,dmid,iou_pred
222,0.8252788104089219,0.8602150537634409,0.36036036036036034,0.2765957446808511,vpt_shallow_seed0,dmid,iou_pred
223,0.828996282527881,0.8602150537634409,0.35874439461883406,0.2826086956521739,vpt_shallow_seed0,dmid,iou_pred
224,0.8327137546468402,0.8602150537634409,0.35714285714285715,0.28888888888888886,vpt_shallow_seed0,dmid,iou_pred
225,0.8364312267657993,0.8709677419354839,0.36,0.2727272727272727,vpt_shallow_seed0,dmid,iou_pred
226,0.8401486988847584,0.8709677419354839,0.3584070796460177,0.27906976744186046,vpt_shallow_seed0,dmid,iou_pred
227,0.8438661710037175,0.8709677419354839,0.3568281938325991,0.2857142857142857,vpt_shallow_seed0,dmid,iou_pred
228,0.8475836431226765,0.8817204301075269,0.35964912280701755,0.2682926829268293,vpt_shallow_seed0,dmid,iou_pred
229,0.8513011152416357,0.8817204301075269,0.35807860262008734,0.275,vpt_shallow_seed0,dmid,iou_pred
230,0.8550185873605948,0.8924731182795699,0.36086956521739133,0.2564102564102564,vpt_shallow_seed0,dmid,iou_pred
231,0.8587360594795539,0.9032258064516129,0.36363636363636365,0.23684210526315788,vpt_shallow_seed0,dmid,iou_pred
232,0.862453531598513,0.9032258064516129,0.3620689655172414,0.24324324324324326,vpt_shallow_seed0,dmid,iou_pred
233,0.8661710037174721,0.9032258064516129,0.3605150214592275,0.25,vpt_shallow_seed0,dmid,iou_pred
234,0.8698884758364313,0.9032258064516129,0.358974358974359,0.2571428571428571,vpt_shallow_seed0,dmid,iou_pred
235,0.8736059479553904,0.9139784946236559,0.3617021276595745,0.23529411764705882,vpt_shallow_seed0,dmid,iou_pred
236,0.8773234200743495,0.9139784946236559,0.3601694915254237,0.24242424242424243,vpt_shallow_seed0,dmid,iou_pred
237,0.8810408921933085,0.9139784946236559,0.35864978902953587,0.25,vpt_shallow_seed0,dmid,iou_pred
238,0.8847583643122676,0.9247311827956989,0.36134453781512604,0.22580645161290322,vpt_shallow_seed0,dmid,iou_pred
239,0.8884758364312267,0.9247311827956989,0.3598326359832636,0.23333333333333334,vpt_shallow_seed0,dmid,iou_pred
240,0.8921933085501859,0.9247311827956989,0.35833333333333334,0.2413793103448276,vpt_shallow_seed0,dmid,iou_pred
241,0.895910780669145,0.9354838709677419,0.36099585062240663,0.21428571428571427,vpt_shallow_seed0,dmid,iou_pred
242,0.8996282527881041,0.9354838709677419,0.359504132231405,0.2222222222222222,vpt_shallow_seed0,dmid,iou_pred
243,0.9033457249070632,0.946236559139785,0.36213991769547327,0.19230769230769232,vpt_shallow_seed0,dmid,iou_pred
244,0.9070631970260223,0.956989247311828,0.36475409836065575,0.16,vpt_shallow_seed0,dmid,iou_pred
245,0.9107806691449815,0.956989247311828,0.363265306122449,0.16666666666666666,vpt_shallow_seed0,dmid,iou_pred
246,0.9144981412639405,0.956989247311828,0.3617886178861789,0.17391304347826086,vpt_shallow_seed0,dmid,iou_pred
247,0.9182156133828996,0.956989247311828,0.3603238866396761,0.18181818181818182,vpt_shallow_seed0,dmid,iou_pred
248,0.9219330855018587,0.956989247311828,0.3588709677419355,0.19047619047619047,vpt_shallow_seed0,dmid,iou_pred
249,0.9256505576208178,0.967741935483871,0.3614457831325301,0.15,vpt_shallow_seed0,dmid,iou_pred
250,0.929368029739777,0.967741935483871,0.36,0.15789473684210525,vpt_shallow_seed0,dmid,iou_pred
251,0.9330855018587361,0.967741935483871,0.35856573705179284,0.16666666666666666,vpt_shallow_seed0,dmid,iou_pred
252,0.9368029739776952,0.978494623655914,0.3611111111111111,0.11764705882352941,vpt_shallow_seed0,dmid,iou_pred
253,0.9405204460966543,0.978494623655914,0.35968379446640314,0.125,vpt_shallow_seed0,dmid,iou_pred
254,0.9442379182156134,0.978494623655914,0.35826771653543305,0.13333333333333333,vpt_shallow_seed0,dmid,iou_pred
255,0.9479553903345725,0.989247311827957,0.3607843137254902,0.07142857142857142,vpt_shallow_seed0,dmid,iou_pred
256,0.9516728624535316,0.989247311827957,0.359375,0.07692307692307693,vpt_shallow_seed0,dmid,iou_pred
257,0.9553903345724907,0.989247311827957,0.35797665369649806,0.08333333333333333,vpt_shallow_seed0,dmid,iou_pred
258,0.9591078066914498,0.989247311827957,0.35658914728682173,0.09090909090909091,vpt_shallow_seed0,dmid,iou_pred
259,0.9628252788104089,0.989247311827957,0.3552123552123552,0.1,vpt_shallow_seed0,dmid,iou_pred
260,0.966542750929368,0.989247311827957,0.35384615384615387,0.1111111111111111,vpt_shallow_seed0,dmid,iou_pred
261,0.9702602230483272,0.989247311827957,0.3524904214559387,0.125,vpt_shallow_seed0,dmid,iou_pred
262,0.9739776951672863,0.989247311827957,0.3511450381679389,0.14285714285714285,vpt_shallow_seed0,dmid,iou_pred
263,0.9776951672862454,0.989247311827957,0.34980988593155893,0.16666666666666666,vpt_shallow_seed0,dmid,iou_pred
264,0.9814126394052045,0.989247311827957,0.3484848484848485,0.2,vpt_shallow_seed0,dmid,iou_pred
265,0.9851301115241635,0.989247311827957,0.3471698113207547,0.25,vpt_shallow_seed0,dmid,iou_pred
266,0.9888475836431226,0.989247311827957,0.3458646616541353,0.3333333333333333,vpt_shallow_seed0,dmid,iou_pred
267,0.9925650557620818,1.0,0.34831460674157305,0.0,vpt_shallow_seed0,dmid,iou_pred
268,0.9962825278810409,1.0,0.34701492537313433,0.0,vpt_shallow_seed0,dmid,iou_pred
269,1.0,1.0,0.34572490706319703,,vpt_shallow_seed0,dmid,iou_pred
0,0.0,0.0,,0.40892193308550184,vpt_deep_seed0,dmid,drift
1,0.0037174721189591076,0.00909090909090909,1.0,0.40671641791044777,vpt_deep_seed0,dmid,drift
2,0.007434944237918215,0.01818181818181818,1.0,0.4044943820224719,vpt_deep_seed0,dmid,drift
3,0.011152416356877323,0.02727272727272727,1.0,0.40225563909774437,vpt_deep_seed0,dmid,drift
4,0.01486988847583643,0.03636363636363636,1.0,0.4,vpt_deep_seed0,dmid,drift
5,0.01858736059479554,0.045454545454545456,1.0,0.3977272727272727,vpt_deep_seed0,dmid,drift
6,0.022304832713754646,0.05454545454545454,1.0,0.39543726235741444,vpt_deep_seed0,dmid,drift
7,0.026022304832713755,0.06363636363636363,1.0,0.3931297709923664,vpt_deep_seed0,dmid,drift
8,0.02973977695167286,0.07272727272727272,1.0,0.39080459770114945,vpt_deep_seed0,dmid,drift
9,0.03345724907063197,0.08181818181818182,1.0,0.38846153846153847,vpt_deep_seed0,dmid,drift
10,0.03717472118959108,0.08181818181818182,0.9,0.38996138996138996,vpt_deep_seed0,dmid,drift
11,0.040892193308550186,0.08181818181818182,0.8181818181818182,0.39147286821705424,vpt_deep_seed0,dmid,drift
12,0.04460966542750929,0.08181818181818182,0.75,0.39299610894941633,vpt_deep_seed0,dmid,drift
13,0.048327137546468404,0.08181818181818182,0.6923076923076923,0.39453125,vpt_deep_seed0,dmid,drift
14,0.05204460966542751,0.08181818181818182,0.6428571428571429,0.396078431372549,vpt_deep_seed0,dmid,drift
15,0.055762081784386616,0.08181818181818182,0.6,0.39763779527559057,vpt_deep_seed0,dmid,drift
16,0.05947955390334572,0.08181818181818182,0.5625,0.39920948616600793,vpt_deep_seed0,dmid,drift
17,0.06319702602230483,0.08181818181818182,0.5294117647058824,0.4007936507936508,vpt_deep_seed0,dmid,drift
18,0.06691449814126393,0.09090909090909091,0.5555555555555556,0.398406374501992,vpt_deep_seed0,dmid,drift
19,0.07063197026022305,0.09090909090909091,0.5263157894736842,0.4,vpt_deep_seed0,dmid,drift
20,0.07434944237918216,0.09090909090909091,0.5,0.40160642570281124,vpt_deep_seed0,dmid,drift
21,0.07806691449814127,0.09090909090909091,0.47619047619047616,0.4032258064516129,vpt_deep_seed0,dmid,drift
22,0.08178438661710037,0.09090909090909091,0.45454545454545453,0.4048582995951417,vpt_deep_seed0,dmid,drift
23,0.08550185873605948,0.09090909090909091,0.43478260869565216,0.4065040650406504,vpt_deep_seed0,dmid,drift
24,0.08921933085501858,0.1,0.4583333333333333,0.40408163265306124,vpt_deep_seed0,dmid,drift
25,0.09293680297397769,0.10909090909090909,0.48,0.4016393442622951,vpt_deep_seed0,dmid,drift
26,0.09665427509293681,0.10909090909090909,0.46153846153846156,0.40329218106995884,vpt_deep_seed0,dmid,drift
27,0.10037174721189591,0.11818181818181818,0.48148148148148145,0.40082644628099173,vpt_deep_seed0,dmid,drift
28,0.10408921933085502,0.12727272727272726,0.5,0.3983402489626556,vpt_deep_seed0,dmid,drift
29,0.10780669144981413,0.12727272727272726,0.4827586206896552,0.4,vpt_deep_seed0,dmid,drift
30,0.11152416356877323,0.12727272727272726,0.4666666666666667,0.401673640167364,vpt_deep_seed0,dmid,drift
31,0.11524163568773234,0.13636363636363635,0.4838709677419355,0.39915966386554624,vpt_deep_seed0,dmid,drift
32,0.11895910780669144,0.14545454545454545,0.5,0.39662447257383965,vpt_deep_seed0,dmid,drift
33,0.12267657992565056,0.15454545454545454,0.5151515151515151,0.3940677966101695,vpt_deep_seed0,dmid,drift
34,0.12639405204460966,0.16363636363636364,0.5294117647058824,0.39148936170212767,vpt_deep_seed0,dmid,drift
35,0.13011152416356878,0.16363636363636364,0.5142857142857142,0.39316239316239315,vpt_deep_seed0,dmid,drift
36,0.13382899628252787,0.16363636363636364,0.5,0.3948497854077253,vpt_deep_seed0,dmid,drift
37,0.137546468401487,0.16363636363636364,0.4864864864864865,0.39655172413793105,vpt_deep_seed0,dmid,drift
38,0.1412639405204461,0.17272727272727273,0.5,0.3939393939393939,vpt_deep_seed0,dmid,drift
39,0.1449814126394052,0.17272727272727273,0.48717948717948717,0.39565217391304347,vpt_deep_seed0,dmid,drift
40,0.14869888475836432,0.18181818181818182,0.5,0.3930131004366812,vpt_deep_seed0,dmid,drift
41,0.1524163568773234,0.18181818181818182,0.4878048780487805,0.39473684210526316,vpt_deep_seed0,dmid,drift
42,0.15613382899628253,0.18181818181818182,0.47619047619047616,0.3964757709251101,vpt_deep_seed0,dmid,drift
43,0.15985130111524162,0.19090909090909092,0.4883720930232558,0.3938053097345133,vpt_deep_seed0,dmid,drift
44,0.16356877323420074,0.2,0.5,0.39111111111111113,vpt_deep_seed0,dmid,drift
45,0.16728624535315986,0.20909090909090908,0.5111111111111111,0.38839285714285715,vpt_deep_seed0,dmid,drift
46,0.17100371747211895,0.20909090909090908,0.5,0.3901345291479821,vpt_deep_seed0,dmid,drift
47,0.17472118959107807,0.20909090909090908,0.48936170212765956,0.3918918918918919,vpt_deep_seed0,dmid,drift
48,0.17843866171003717,0.21818181818181817,0.5,0.3891402714932127,vpt_deep_seed0,dmid,drift
49,0.1821561338289963,0.21818181818181817,0.4897959183673469,0.39090909090909093,vpt_deep_seed0,dmid,drift
50,0.18587360594795538,0.22727272727272727,0.5,0.3881278538812785,vpt_deep_seed0,dmid,drift
51,0.1895910780669145,0.22727272727272727,0.49019607843137253,0.38990825688073394,vpt_deep_seed0,dmid,drift
52,0.19330855018587362,0.22727272727272727,0.4807692307692308,0.391705069124424,vpt_deep_seed0,dmid,drift
53,0.1970260223048327,0.22727272727272727,0.4716981132075472,0.39351851851851855,vpt_deep_seed0,dmid,drift
54,0.20074349442379183,0.22727272727272727,0.46296296296296297,0.3953488372093023,vpt_deep_seed0,dmid,drift
55,0.20446096654275092,0.22727272727272727,0.45454545454545453,0.397196261682243,vpt_deep_seed0,dmid,drift
56,0.20817843866171004,0.22727272727272727,0.44642857142857145,0.39906103286384975,vpt_deep_seed0,dmid,drift
57,0.21189591078066913,0.22727272727272727,0.43859649122807015,0.4009433962264151,vpt_deep_seed0,dmid,drift
58,0.21561338289962825,0.22727272727272727,0.43103448275862066,0.4028436018957346,vpt_deep_seed0,dmid,drift
59,0.21933085501858737,0.22727272727272727,0.423728813559322,0.40476190476190477,vpt_deep_seed0,dmid,drift
60,0.22304832713754646,0.22727272727272727,0.4166666666666667,0.40669856459330145,vpt_deep_seed0,dmid,drift
61,0.22676579925650558,0.22727272727272727,0.4098360655737705,0.40865384615384615,vpt_deep_seed0,dmid,drift
62,0.23048327137546468,0.22727272727272727,0.4032258064516129,0.4106280193236715,vpt_deep_seed0,dmid,drift
63,0.2342007434944238,0.22727272727272727,0.3968253968253968,0.41262135922330095,vpt_deep_seed0,dmid,drift
64,0.2379182156133829,0.22727272727272727,0.390625,0.4146341463414634,vpt_deep_seed0,dmid,drift
65,0.241635687732342,0.23636363636363636,0.4,0.4117647058823529,vpt_deep_seed0,dmid,drift
66,0.24535315985130113,0.23636363636363636,0.3939393939393939,0.41379310344827586,vpt_deep_seed0,dmid,drift
67,0.24907063197026022,0.23636363636363636,0.3880597014925373,0.4158415841584158,vpt_deep_seed0,dmid,drift
68,0.2527881040892193,0.23636363636363636,0.38235294117647056,0.417910447761194,vpt_deep_seed0,dmid,drift
69,0.25650557620817843,0.23636363636363636,0.37681159420289856,0.42,vpt_deep_seed0,dmid,drift
70,0.26022304832713755,0.23636363636363636,0.37142857142857144,0.4221105527638191,vpt_deep_seed0,dmid,drift
71,0.26394052044609667,0.23636363636363636,0.36619718309859156,0.42424242424242425,vpt_deep_seed0,dmid,drift
72,0.26765799256505574,0.24545454545454545,0.375,0.4213197969543147,vpt_deep_seed0,dmid,drift
73,0.27137546468401486,0.24545454545454545,0.3698630136986301,0.42346938775510207,vpt_deep_seed0,dmid,drift
74,0.275092936802974,0.24545454545454545,0.36486486486486486,0.4256410256410256,vpt_deep_seed0,dmid,drift
75,0.2788104089219331,0.24545454545454545,0.36,0.42783505154639173,vpt_deep_seed0,dmid,drift
76,0.2825278810408922,0.24545454545454545,0.35526315789473684,0.43005181347150256,vpt_deep_seed0,dmid,drift
77,0.2862453531598513,0.24545454545454545,0.35064935064935066,0.4322916666666667,vpt_deep_seed0,dmid,drift
78,0.2899628252788104,0.24545454545454545,0.34615384615384615,0.43455497382198954,vpt_deep_seed0,dmid,drift
79,0.2936802973977695,0.24545454545454545,0.34177215189873417,0.4368421052631579,vpt_deep_seed0,dmid,drift
80,0.29739776951672864,0.24545454545454545,0.3375,0.43915343915343913,vpt_deep_seed0,dmid,drift
81,0.30111524163568776,0.2545454545454545,0.345679012345679,0.43617021276595747,vpt_deep_seed0,dmid,drift
82,0.3048327137546468,0.2545454545454545,0.34146341463414637,0.4385026737967914,vpt_deep_seed0,dmid,drift
83,0.30855018587360594,0.2636363636363636,0.3493975903614458,0.43548387096774194,vpt_deep_seed0,dmid,drift
84,0.31226765799256506,0.2727272727272727,0.35714285714285715,0.43243243243243246,vpt_deep_seed0,dmid,drift
85,0.3159851301115242,0.2818181818181818,0.36470588235294116,0.42934782608695654,vpt_deep_seed0,dmid,drift
86,0.31970260223048325,0.2818181818181818,0.36046511627906974,0.43169398907103823,vpt_deep_seed0,dmid,drift
87,0.32342007434944237,0.2818181818181818,0.3563218390804598,0.4340659340659341,vpt_deep_seed0,dmid,drift
88,0.3271375464684015,0.2818181818181818,0.3522727272727273,0.43646408839779005,vpt_deep_seed0,dmid,drift
89,0.3308550185873606,0.2818181818181818,0.34831460674157305,0.4388888888888889,vpt_deep_seed0,dmid,drift
90,0.3345724907063197,0.2909090909090909,0.35555555555555557,0.43575418994413406,vpt_deep_seed0,dmid,drift
91,0.3382899628252788,0.2909090909090909,0.3516483516483517,0.43820224719101125,vpt_deep_seed0,dmid,drift
92,0.3420074349442379,0.2909090909090909,0.34782608695652173,0.4406779661016949,vpt_deep_seed0,dmid,drift
93,0.34572490706319703,0.2909090909090909,0.34408602150537637,0.4431818181818182,vpt_deep_seed0,dmid,drift
94,0.34944237918215615,0.2909090909090909,0.3404255319148936,0.44571428571428573,vpt_deep_seed0,dmid,drift
95,0.35315985130111527,0.3,0.3473684210526316,0.4425287356321839,vpt_deep_seed0,dmid,drift
96,0.35687732342007433,0.3090909090909091,0.3541666666666667,0.4393063583815029,vpt_deep_seed0,dmid,drift
97,0.36059479553903345,0.3181818181818182,0.36082474226804123,0.436046511627907,vpt_deep_seed0,dmid,drift
98,0.3643122676579926,0.32727272727272727,0.3673469387755102,0.4327485380116959,vpt_deep_seed0,dmid,drift
99,0.3680297397769517,0.32727272727272727,0.36363636363636365,0.43529411764705883,vpt_deep_seed0,dmid,drift
100,0.37174721189591076,0.32727272727272727,0.36,0.4378698224852071,vpt_deep_seed0,dmid,drift
101,0.3754646840148699,0.33636363636363636,0.36633663366336633,0.43452380952380953,vpt_deep_seed0,dmid,drift
102,0.379182156133829,0.34545454545454546,0.37254901960784315,0.4311377245508982,vpt_deep_seed0,dmid,drift
103,0.3828996282527881,0.35454545454545455,0.3786407766990291,0.42771084337349397,vpt_deep_seed0,dmid,drift
104,0.38661710037174724,0.36363636363636365,0.38461538461538464,0.42424242424242425,vpt_deep_seed0,dmid,drift
105,0.3903345724907063,0.37272727272727274,0.3904761904761905,0.42073170731707316,vpt_deep_seed0,dmid,drift
106,0.3940520446096654,0.38181818181818183,0.39622641509433965,0.4171779141104294,vpt_deep_seed0,dmid,drift
107,0.39776951672862454,0.39090909090909093,0.40186915887850466,0.41358024691358025,vpt_deep_seed0,dmid,drift
108,0.40148698884758366,0.39090909090909093,0.39814814814814814,0.4161490683229814,vpt_deep_seed0,dmid,drift
109,0.4052044609665427,0.4,0.4036697247706422,0.4125,vpt_deep_seed0,dmid,drift
110,0.40892193308550184,0.4,0.4,0.41509433962264153,vpt_deep_seed0,dmid,drift
111,0.41263940520446096,0.4,0.3963963963963964,0.4177215189873418,vpt_deep_seed0,dmid,drift
112,0.4163568773234201,0.4,0.39285714285714285,0.42038216560509556,vpt_deep_seed0,dmid,drift
113,0.4200743494423792,0.4,0.3893805309734513,0.4230769230769231,vpt_deep_seed0,dmid,drift
114,0.42379182156133827,0.4,0.38596491228070173,0.4258064516129032,vpt_deep_seed0,dmid,drift
115,0.4275092936802974,0.4,0.3826086956521739,0.42857142857142855,vpt_deep_seed0,dmid,drift
116,0.4312267657992565,0.4,0.3793103448275862,0.43137254901960786,vpt_deep_seed0,dmid,drift
117,0.4349442379182156,0.4090909090909091,0.38461538461538464,0.4276315789473684,vpt_deep_seed0,dmid,drift
118,0.43866171003717475,0.4090909090909091,0.3813559322033898,0.4304635761589404,vpt_deep_seed0,dmid,drift
119,0.4423791821561338,0.41818181818181815,0.3865546218487395,0.4266666666666667,vpt_deep_seed0,dmid,drift
120,0.44609665427509293,0.41818181818181815,0.38333333333333336,0.42953020134228187,vpt_deep_seed0,dmid,drift
121,0.44981412639405205,0.41818181818181815,0.38016528925619836,0.43243243243243246,vpt_deep_seed0,dmid,drift
122,0.45353159851301117,0.42727272727272725,0.38524590163934425,0.42857142857142855,vpt_deep_seed0,dmid,drift
123,0.45724907063197023,0.42727272727272725,0.3821138211382114,0.4315068493150685,vpt_deep_seed0,dmid,drift
124,0.46096654275092935,0.42727272727272725,0.3790322580645161,0.43448275862068964,vpt_deep_seed0,dmid,drift
125,0.4646840148698885,0.43636363636363634,0.384,0.4305555555555556,vpt_deep_seed0,dmid,drift
126,0.4684014869888476,0.43636363636363634,0.38095238095238093,0.43356643356643354,vpt_deep_seed0,dmid,drift
127,0.4721189591078067,0.44545454545454544,0.3858267716535433,0.4295774647887324,vpt_deep_seed0,dmid,drift
128,0.4758364312267658,0.44545454545454544,0.3828125,0.4326241134751773,vpt_deep_seed0,dmid,drift
129,0.4795539033457249,0.45454545454545453,0.3875968992248062,0.42857142857142855,vpt_deep_seed0,dmid,drift
130,0.483271375464684,0.45454545454545453,0.38461538461538464,0.4316546762589928,vpt_deep_seed0,dmid,drift
131,0.48698884758364314,0.4636363636363636,0.3893129770992366,0.427536231884058,vpt_deep_seed0,dmid,drift
132,0.49070631970260226,0.4727272727272727,0.3939393939393939,0.4233576642335766,vpt_deep_seed0,dmid,drift
133,0.4944237918215613,0.4818181818181818,0.39849624060150374,0.41911764705882354,vpt_deep_seed0,dmid,drift
134,0.49814126394052044,0.4818181818181818,0.39552238805970147,0.4222222222222222,vpt_deep_seed0,dmid,drift
135,0.5018587360594795,0.4818181818181818,0.3925925925925926,0.4253731343283582,vpt_deep_seed0,dmid,drift
136,0.5055762081784386,0.4818181818181818,0.3897058823529412,0.42857142857142855,vpt_deep_seed0,dmid,drift
137,0.5092936802973977,0.4909090909090909,0.39416058394160586,0.42424242424242425,vpt_deep_seed0,dmid,drift
138,0.5130111524163569,0.4909090909090909,0.391304347826087,0.42748091603053434,vpt_deep_seed0,dmid,drift
139,0.516728624535316,0.5,0.39568345323741005,0.4230769230769231,vpt_deep_seed0,dmid,drift
140,0.5204460966542751,0.5,0.39285714285714285,0.4263565891472868,vpt_deep_seed0,dmid,drift
141,0.5241635687732342,0.5,0.3900709219858156,0.4296875,vpt_deep_seed0,dmid,drift
142,0.5278810408921933,0.509090909090909,0.39436619718309857,0.4251968503937008,vpt_deep_seed0,dmid,drift
143,0.5315985130111525,0.509090909090909,0.3916083916083916,0.42857142857142855,vpt_deep_seed0,dmid,drift
144,0.5353159851301115,0.509090909090909,0.3888888888888889,0.432,vpt_deep_seed0,dmid,drift
145,0.5390334572490706,0.509090909090909,0.38620689655172413,0.43548387096774194,vpt_deep_seed0,dmid,drift
146,0.5427509293680297,0.509090909090909,0.3835616438356164,0.43902439024390244,vpt_deep_seed0,dmid,drift
147,0.5464684014869888,0.509090909090909,0.38095238095238093,0.4426229508196721,vpt_deep_seed0,dmid,drift
148,0.550185873605948,0.509090909090909,0.3783783783783784,0.4462809917355372,vpt_deep_seed0,dmid,drift
149,0.5539033457249071,0.509090909090909,0.37583892617449666,0.45,vpt_deep_seed0,dmid,drift
150,0.5576208178438662,0.509090909090909,0.37333333333333335,0.453781512605042,vpt_deep_seed0,dmid,drift
151,0.5613382899628253,0.509090909090909,0.3708609271523179,0.4576271186440678,vpt_deep_seed0,dmid,drift
152,0.5650557620817844,0.509090909090909,0.3684210526315789,0.46153846153846156,vpt_deep_seed0,dmid,drift
153,0.5687732342007435,0.5181818181818182,0.37254901960784315,0.45689655172413796,vpt_deep_seed0,dmid,drift
154,0.5724907063197026,0.5181818181818182,0.37012987012987014,0.4608695652173913,vpt_deep_seed0,dmid,drift
155,0.5762081784386617,0.5181818181818182,0.36774193548387096,0.4649122807017544,vpt_deep_seed0,dmid,drift
156,0.5799256505576208,0.5181818181818182,0.36538461538461536,0.4690265486725664,vpt_deep_seed0,dmid,drift
157,0.5836431226765799,0.5272727272727272,0.36942675159235666,0.4642857142857143,vpt_deep_seed0,dmid,drift
158,0.587360594795539,0.5272727272727272,0.3670886075949367,0.46846846846846846,vpt_deep_seed0,dmid,drift
159,0.5910780669144982,0.5272727272727272,0.36477987421383645,0.4727272727272727,vpt_deep_seed0,dmid,drift
160,0.5947955390334573,0.5272727272727272,0.3625,0.47706422018348627,vpt_deep_seed0,dmid,drift
161,0.5985130111524164,0.5363636363636364,0.36645962732919257,0.4722222222222222,vpt_deep_seed0,dmid,drift
162,0.6022304832713755,0.5363636363636364,0.36419753086419754,0.4766355140186916,vpt_deep_seed0,dmid,drift
163,0.6059479553903345,0.5363636363636364,0.3619631901840491,0.4811320754716981,vpt_deep_seed0,dmid,drift
164,0.6096654275092936,0.5454545454545454,0.36585365853658536,0.47619047619047616,vpt_deep_seed0,dmid,drift
165,0.6133828996282528,0.5545454545454546,0.3696969696969697,0.47115384615384615,vpt_deep_seed0,dmid,drift
166,0.6171003717472119,0.5636363636363636,0.37349397590361444,0.46601941747572817,vpt_deep_seed0,dmid,drift
167,0.620817843866171,0.5636363636363636,0.3712574850299401,0.47058823529411764,vpt_deep_seed0,dmid,drift
168,0.6245353159851301,0.5727272727272728,0.375,0.46534653465346537,vpt_deep_seed0,dmid,drift
169,0.6282527881040892,0.5818181818181818,0.378698224852071,0.46,vpt_deep_seed0,dmid,drift
170,0.6319702602230484,0.5818181818181818,0.3764705882352941,0.46464646464646464,vpt_deep_seed0,dmid,drift
171,0.6356877323420075,0.5818181818181818,0.3742690058479532,0.46938775510204084,vpt_deep_seed0,dmid,drift
172,0.6394052044609665,0.5818181818181818,0.37209302325581395,0.4742268041237113,vpt_deep_seed0,dmid,drift
173,0.6431226765799256,0.5909090909090909,0.37572254335260113,0.46875,vpt_deep_seed0,dmid,drift
174,0.6468401486988847,0.5909090909090909,0.3735632183908046,0.47368421052631576,vpt_deep_seed0,dmid,drift
175,0.6505576208178439,0.5909090909090909,0.37142857142857144,0.4787234042553192,vpt_deep_seed0,dmid,drift
176,0.654275092936803,0.5909090909090909,0.3693181818181818,0.4838709677419355,vpt_deep_seed0,dmid,drift
177,0.6579925650557621,0.5909090909090909,0.3672316384180791,0.4891304347826087,vpt_deep_seed0,dmid,drift
178,0.6617100371747212,0.5909090909090909,0.3651685393258427,0.4945054945054945,vpt_deep_seed0,dmid,drift
179,0.6654275092936803,0.5909090909090909,0.36312849162011174,0.5,vpt_deep_seed0,dmid,drift
180,0.6691449814126395,0.5909090909090909,0.3611111111111111,0.5056179775280899,vpt_deep_seed0,dmid,drift
181,0.6728624535315985,0.5909090909090909,0.35911602209944754,0.5113636363636364,vpt_deep_seed0,dmid,drift
182,0.6765799256505576,0.6,0.3626373626373626,0.5057471264367817,vpt_deep_seed0,dmid,drift
183,0.6802973977695167,0.6,0.36065573770491804,0.5116279069767442,vpt_deep_seed0,dmid,drift
184,0.6840148698884758,0.6,0.358695652173913,0.5176470588235295,vpt_deep_seed0,dmid,drift
185,0.6877323420074349,0.6,0.3567567567567568,0.5238095238095238,vpt_deep_seed0,dmid,drift
186,0.6914498141263941,0.6090909090909091,0.3602150537634409,0.5180722891566265,vpt_deep_seed0,dmid,drift
187,0.6951672862453532,0.6090909090909091,0.3582887700534759,0.524390243902439,vpt_deep_seed0,dmid,drift
188,0.6988847583643123,0.6090909090909091,0.35638297872340424,0.5308641975308642,vpt_deep_seed0,dmid,drift
189,0.7026022304832714,0.6181818181818182,0.35978835978835977,0.525,vpt_deep_seed0,dmid,drift
190,0.7063197026022305,0.6181818181818182,0.35789473684210527,0.5316455696202531,vpt_deep_seed0,dmid,drift
191,0.7100371747211895,0.6181818181818182,0.35602094240837695,0.5384615384615384,vpt_deep_seed0,dmid,drift
192,0.7137546468401487,0.6181818181818182,0.3541666666666667,0.5454545454545454,vpt_deep_seed0,dmid,drift
193,0.7174721189591078,0.6181818181818182,0.35233160621761656,0.5526315789473685,vpt_deep_seed0,dmid,drift
194,0.7211895910780669,0.6272727272727273,0.3556701030927835,0.5466666666666666,vpt_deep_seed0,dmid,drift
195,0.724907063197026,0.6363636363636364,0.358974358974359,0.5405405405405406,vpt_deep_seed0,dmid,drift
196,0.7286245353159851,0.6454545454545455,0.3622448979591837,0.5342465753424658,vpt_deep_seed0,dmid,drift
197,0.7323420074349443,0.6545454545454545,0.36548223350253806,0.5277777777777778,vpt_deep_seed0,dmid,drift
198,0.7360594795539034,0.6545454545454545,0.36363636363636365,0.5352112676056338,vpt_deep_seed0,dmid,drift
199,0.7397769516728625,0.6545454545454545,0.36180904522613067,0.5428571428571428,vpt_deep_seed0,dmid,drift
200,0.7434944237918215,0.6636363636363637,0.365,0.5362318840579711,vpt_deep_seed0,dmid,drift
201,0.7472118959107806,0.6727272727272727,0.3681592039800995,0.5294117647058824,vpt_deep_seed0,dmid,drift
202,0.7509293680297398,0.6727272727272727,0.36633663366336633,0.5373134328358209,vpt_deep_seed0,dmid,drift
203,0.7546468401486989,0.6727272727272727,0.3645320197044335,0.5454545454545454,vpt_deep_seed0,dmid,drift
204,0.758364312267658,0.6818181818181818,0.36764705882352944,0.5384615384615384,vpt_deep_seed0,dmid,drift
205,0.7620817843866171,0.6909090909090909,0.37073170731707317,0.53125,vpt_deep_seed0,dmid,drift
206,0.7657992565055762,0.7,0.3737864077669903,0.5238095238095238,vpt_deep_seed0,dmid,drift
207,0.7695167286245354,0.7,0.3719806763285024,0.532258064516129,vpt_deep_seed0,dmid,drift
208,0.7732342007434945,0.7090909090909091,0.375,0.5245901639344263,vpt_deep_seed0,dmid,drift
209,0.7769516728624535,0.7090909090909091,0.37320574162679426,0.5333333333333333,vpt_deep_seed0,dmid,drift
210,0.7806691449814126,0.7181818181818181,0.3761904761904762,0.5254237288135594,vpt_deep_seed0,dmid,drift
211,0.7843866171003717,0.7272727272727273,0.3791469194312796,0.5172413793103449,vpt_deep_seed0,dmid,drift
212,0.7881040892193308,0.7272727272727273,0.37735849056603776,0.5263157894736842,vpt_deep_seed0,dmid,drift
213,0.79182156133829,0.7272727272727273,0.3755868544600939,0.5357142857142857,vpt_deep_seed0,dmid,drift
214,0.7955390334572491,0.7272727272727273,0.37383177570093457,0.5454545454545454,vpt_deep_seed0,dmid,drift
215,0.7992565055762082,0.7363636363636363,0.3767441860465116,0.5370370370370371,vpt_deep_seed0,dmid,drift
216,0.8029739776951673,0.7363636363636363,0.375,0.5471698113207547,vpt_deep_seed0,dmid,drift
217,0.8066914498141264,0.7363636363636363,0.37327188940092165,0.5576923076923077,vpt_deep_seed0,dmid,drift
218,0.8104089219330854,0.7363636363636363,0.37155963302752293,0.5686274509803921,vpt_deep_seed0,dmid,drift
219,0.8141263940520446,0.7454545454545455,0.3744292237442922,0.56,vpt_deep_seed0,dmid,drift
220,0.8178438661710037,0.7454545454545455,0.37272727272727274,0.5714285714285714,vpt_deep_seed0,dmid,drift
221,0.8215613382899628,0.7454545454545455,0.37104072398190047,0.5833333333333334,vpt_deep_seed0,dmid,drift
222,0.8252788104089219,0.7545454545454545,0.3738738738738739,0.574468085106383,vpt_deep_seed0,dmid,drift
223,0.828996282527881,0.7636363636363637,0.37668161434977576,0.5652173913043478,vpt_deep_seed0,dmid,drift
224,0.8327137546468402,0.7727272727272727,0.3794642857142857,0.5555555555555556,vpt_deep_seed0,dmid,drift
225,0.8364312267657993,0.7727272727272727,0.37777777777777777,0.5681818181818182,vpt_deep_seed0,dmid,drift
226,0.8401486988847584,0.7727272727272727,0.37610619469026546,0.5813953488372093,vpt_deep_seed0,dmid,drift
227,0.8438661710037175,0.7727272727272727,0.3744493392070485,0.5952380952380952,vpt_deep_seed0,dmid,drift
228,0.8475836431226765,0.7727272727272727,0.37280701754385964,0.6097560975609756,vpt_deep_seed0,dmid,drift
229,0.8513011152416357,0.7818181818181819,0.37554585152838427,0.6,vpt_deep_seed0,dmid,drift
230,0.8550185873605948,0.7818181818181819,0.3739130434782609,0.6153846153846154,vpt_deep_seed0,dmid,drift
231,0.8587360594795539,0.7818181818181819,0.3722943722943723,0.631578947368421,vpt_deep_seed0,dmid,drift
232,0.862453531598513,0.7909090909090909,0.375,0.6216216216216216,vpt_deep_seed0,dmid,drift
233,0.8661710037174721,0.7909090909090909,0.37339055793991416,0.6388888888888888,vpt_deep_seed0,dmid,drift
234,0.8698884758364313,0.8,0.37606837606837606,0.6285714285714286,vpt_deep_seed0,dmid,drift
235,0.8736059479553904,0.8090909090909091,0.37872340425531914,0.6176470588235294,vpt_deep_seed0,dmid,drift
236,0.8773234200743495,0.8181818181818182,0.3813559322033898,0.6060606060606061,vpt_deep_seed0,dmid,drift
237,0.8810408921933085,0.8181818181818182,0.379746835443038,0.625,vpt_deep_seed0,dmid,drift
238,0.8847583643122676,0.8272727272727273,0.38235294117647056,0.6129032258064516,vpt_deep_seed0,dmid,drift
239,0.8884758364312267,0.8363636363636363,0.38493723849372385,0.6,vpt_deep_seed0,dmid,drift
240,0.8921933085501859,0.8454545454545455,0.3875,0.5862068965517241,vpt_deep_seed0,dmid,drift
241,0.895910780669145,0.8454545454545455,0.38589211618257263,0.6071428571428571,vpt_deep_seed0,dmid,drift
242,0.8996282527881041,0.8545454545454545,0.3884297520661157,0.5925925925925926,vpt_deep_seed0,dmid,drift
243,0.9033457249070632,0.8636363636363636,0.39094650205761317,0.5769230769230769,vpt_deep_seed0,dmid,drift
244,0.9070631970260223,0.8636363636363636,0.38934426229508196,0.6,vpt_deep_seed0,dmid,drift
245,0.9107806691449815,0.8727272727272727,0.39183673469387753,0.5833333333333334,vpt_deep_seed0,dmid,drift
246,0.9144981412639405,0.8818181818181818,0.3943089430894309,0.5652173913043478,vpt_deep_seed0,dmid,drift
247,0.9182156133828996,0.8909090909090909,0.3967611336032389,0.5454545454545454,vpt_deep_seed0,dmid,drift
248,0.9219330855018587,0.8909090909090909,0.3951612903225806,0.5714285714285714,vpt_deep_seed0,dmid,drift
249,0.9256505576208178,0.9,0.39759036144578314,0.55,vpt_deep_seed0,dmid,drift
250,0.929368029739777,0.9090909090909091,0.4,0.5263157894736842,vpt_deep_seed0,dmid,drift
251,0.9330855018587361,0.9090909090909091,0.398406374501992,0.5555555555555556,vpt_deep_seed0,dmid,drift
252,0.9368029739776952,0.9090909090909091,0.3968253968253968,0.5882352941176471,vpt_deep_seed0,dmid,drift
253,0.9405204460966543,0.9181818181818182,0.39920948616600793,0.5625,vpt_deep_seed0,dmid,drift
254,0.9442379182156134,0.9181818181818182,0.39763779527559057,0.6,vpt_deep_seed0,dmid,drift
255,0.9479553903345725,0.9272727272727272,0.4,0.5714285714285714,vpt_deep_seed0,dmid,drift
256,0.9516728624535316,0.9363636363636364,0.40234375,0.5384615384615384,vpt_deep_seed0,dmid,drift
257,0.9553903345724907,0.9363636363636364,0.40077821011673154,0.5833333333333334,vpt_deep_seed0,dmid,drift
258,0.9591078066914498,0.9363636363636364,0.3992248062015504,0.6363636363636364,vpt_deep_seed0,dmid,drift
259,0.9628252788104089,0.9454545454545454,0.4015444015444015,0.6,vpt_deep_seed0,dmid,drift
260,0.966542750929368,0.9545454545454546,0.40384615384615385,0.5555555555555556,vpt_deep_seed0,dmid,drift
261,0.9702602230483272,0.9636363636363636,0.4061302681992337,0.5,vpt_deep_seed0,dmid,drift
262,0.9739776951672863,0.9636363636363636,0.40458015267175573,0.5714285714285714,vpt_deep_seed0,dmid,drift
263,0.9776951672862454,0.9636363636363636,0.40304182509505704,0.6666666666666666,vpt_deep_seed0,dmid,drift
264,0.9814126394052045,0.9727272727272728,0.4053030303030303,0.6,vpt_deep_seed0,dmid,drift
265,0.9851301115241635,0.9818181818181818,0.4075471698113208,0.5,vpt_deep_seed0,dmid,drift
266,0.9888475836431226,0.990909090909091,0.40977443609022557,0.3333333333333333,vpt_deep_seed0,dmid,drift
267,0.9925650557620818,0.990909090909091,0.40823970037453183,0.5,vpt_deep_seed0,dmid,drift
268,0.9962825278810409,1.0,0.41044776119402987,0.0,vpt_deep_seed0,dmid,drift
269,1.0,1.0,0.40892193308550184,,vpt_deep_seed0,dmid,drift
0,0.0,0.0,,0.40892193308550184,vpt_deep_seed0,dmid,iou_pred
1,0.0037174721189591076,0.00909090909090909,1.0,0.40671641791044777,vpt_deep_seed0,dmid,iou_pred
2,0.007434944237918215,0.00909090909090909,0.5,0.40823970037453183,vpt_deep_seed0,dmid,iou_pred
3,0.011152416356877323,0.01818181818181818,0.6666666666666666,0.40601503759398494,vpt_deep_seed0,dmid,iou_pred
4,0.01486988847583643,0.01818181818181818,0.5,0.4075471698113208,vpt_deep_seed0,dmid,iou_pred
5,0.01858736059479554,0.01818181818181818,0.4,0.4090909090909091,vpt_deep_seed0,dmid,iou_pred
6,0.022304832713754646,0.01818181818181818,0.3333333333333333,0.41064638783269963,vpt_deep_seed0,dmid,iou_pred
7,0.026022304832713755,0.02727272727272727,0.42857142857142855,0.4083969465648855,vpt_deep_seed0,dmid,iou_pred
8,0.02973977695167286,0.02727272727272727,0.375,0.4099616858237548,vpt_deep_seed0,dmid,iou_pred
9,0.03345724907063197,0.02727272727272727,0.3333333333333333,0.4115384615384615,vpt_deep_seed0,dmid,iou_pred
10,0.03717472118959108,0.02727272727272727,0.3,0.41312741312741313,vpt_deep_seed0,dmid,iou_pred
11,0.040892193308550186,0.02727272727272727,0.2727272727272727,0.41472868217054265,vpt_deep_seed0,dmid,iou_pred
12,0.04460966542750929,0.03636363636363636,0.3333333333333333,0.41245136186770426,vpt_deep_seed0,dmid,iou_pred
13,0.048327137546468404,0.045454545454545456,0.38461538461538464,0.41015625,vpt_deep_seed0,dmid,iou_pred
14,0.05204460966542751,0.045454545454545456,0.35714285714285715,0.4117647058823529,vpt_deep_seed0,dmid,iou_pred
15,0.055762081784386616,0.05454545454545454,0.4,0.4094488188976378,vpt_deep_seed0,dmid,iou_pred
16,0.05947955390334572,0.05454545454545454,0.375,0.41106719367588934,vpt_deep_seed0,dmid,iou_pred
17,0.06319702602230483,0.06363636363636363,0.4117647058823529,0.4087301587301587,vpt_deep_seed0,dmid,iou_pred
18,0.06691449814126393,0.07272727272727272,0.4444444444444444,0.4063745019920319,vpt_deep_seed0,dmid,iou_pred
19,0.07063197026022305,0.07272727272727272,0.42105263157894735,0.408,vpt_deep_seed0,dmid,iou_pred
20,0.07434944237918216,0.08181818181818182,0.45,0.40562248995983935,vpt_deep_seed0,dmid,iou_pred
21,0.07806691449814127,0.08181818181818182,0.42857142857142855,0.40725806451612906,vpt_deep_seed0,dmid,iou_pred
22,0.08178438661710037,0.08181818181818182,0.4090909090909091,0.4089068825910931,vpt_deep_seed0,dmid,iou_pred
23,0.08550185873605948,0.08181818181818182,0.391304347826087,0.4105691056910569,vpt_deep_seed0,dmid,iou_pred
24,0.08921933085501858,0.08181818181818182,0.375,0.4122448979591837,vpt_deep_seed0,dmid,iou_pred
25,0.09293680297397769,0.08181818181818182,0.36,0.4139344262295082,vpt_deep_seed0,dmid,iou_pred
26,0.09665427509293681,0.08181818181818182,0.34615384615384615,0.4156378600823045,vpt_deep_seed0,dmid,iou_pred
27,0.10037174721189591,0.08181818181818182,0.3333333333333333,0.41735537190082644,vpt_deep_seed0,dmid,iou_pred
28,0.10408921933085502,0.08181818181818182,0.32142857142857145,0.4190871369294606,vpt_deep_seed0,dmid,iou_pred
29,0.10780669144981413,0.08181818181818182,0.3103448275862069,0.42083333333333334,vpt_deep_seed0,dmid,iou_pred
30,0.11152416356877323,0.08181818181818182,0.3,0.4225941422594142,vpt_deep_seed0,dmid,iou_pred
31,0.11524163568773234,0.08181818181818182,0.2903225806451613,0.42436974789915966,vpt_deep_seed0,dmid,iou_pred
32,0.11895910780669144,0.08181818181818182,0.28125,0.42616033755274263,vpt_deep_seed0,dmid,iou_pred
33,0.12267657992565056,0.09090909090909091,0.30303030303030304,0.423728813559322,vpt_deep_seed0,dmid,iou_pred
34,0.12639405204460966,0.09090909090909091,0.29411764705882354,0.425531914893617,vpt_deep_seed0,dmid,iou_pred
35,0.13011152416356878,0.09090909090909091,0.2857142857142857,0.42735042735042733,vpt_deep_seed0,dmid,iou_pred
36,0.13382899628252787,0.1,0.3055555555555556,0.4248927038626609,vpt_deep_seed0,dmid,iou_pred
37,0.137546468401487,0.1,0.2972972972972973,0.4267241379310345,vpt_deep_seed0,dmid,iou_pred
38,0.1412639405204461,0.1,0.2894736842105263,0.42857142857142855,vpt_deep_seed0,dmid,iou_pred
39,0.1449814126394052,0.10909090909090909,0.3076923076923077,0.4260869565217391,vpt_deep_seed0,dmid,iou_pred
40,0.14869888475836432,0.10909090909090909,0.3,0.4279475982532751,vpt_deep_seed0,dmid,iou_pred
41,0.1524163568773234,0.11818181818181818,0.3170731707317073,0.42543859649122806,vpt_deep_seed0,dmid,iou_pred
42,0.15613382899628253,0.12727272727272726,0.3333333333333333,0.42290748898678415,vpt_deep_seed0,dmid,iou_pred
43,0.15985130111524162,0.12727272727272726,0.32558139534883723,0.4247787610619469,vpt_deep_seed0,dmid,iou_pred
44,0.16356877323420074,0.12727272727272726,0.3181818181818182,0.4266666666666667,vpt_deep_seed0,dmid,iou_pred
45,0.16728624535315986,0.12727272727272726,0.3111111111111111,0.42857142857142855,vpt_deep_seed0,dmid,iou_pred
46,0.17100371747211895,0.12727272727272726,0.30434782608695654,0.4304932735426009,vpt_deep_seed0,dmid,iou_pred
47,0.17472118959107807,0.13636363636363635,0.3191489361702128,0.42792792792792794,vpt_deep_seed0,dmid,iou_pred
48,0.17843866171003717,0.14545454545454545,0.3333333333333333,0.4253393665158371,vpt_deep_seed0,dmid,iou_pred
49,0.1821561338289963,0.15454545454545454,0.3469387755102041,0.42272727272727273,vpt_deep_seed0,dmid,iou_pred
50,0.18587360594795538,0.15454545454545454,0.34,0.4246575342465753,vpt_deep_seed0,dmid,iou_pred
51,0.1895910780669145,0.15454545454545454,0.3333333333333333,0.42660550458715596,vpt_deep_seed0,dmid,iou_pred
52,0.19330855018587362,0.15454545454545454,0.3269230769230769,0.42857142857142855,vpt_deep_seed0,dmid,iou_pred
53,0.1970260223048327,0.16363636363636364,0.33962264150943394,0.42592592592592593,vpt_deep_seed0,dmid,iou_pred
54,0.20074349442379183,0.17272727272727273,0.35185185185185186,0.4232558139534884,vpt_deep_seed0,dmid,iou_pred
55,0.20446096654275092,0.17272727272727273,0.34545454545454546,0.4252336448598131,vpt_deep_seed0,dmid,iou_pred
56,0.20817843866171004,0.18181818181818182,0.35714285714285715,0.4225352112676056,vpt_deep_seed0,dmid,iou_pred
57,0.21189591078066913,0.19090909090909092,0.3684210526315789,0.419811320754717,vpt_deep_seed0,dmid,iou_pred
58,0.21561338289962825,0.19090909090909092,0.3620689655172414,0.4218009478672986,vpt_deep_seed0,dmid,iou_pred
59,0.21933085501858737,0.19090909090909092,0.3559322033898305,0.4238095238095238,vpt_deep_seed0,dmid,iou_pred
60,0.22304832713754646,0.2,0.36666666666666664,0.42105263157894735,vpt_deep_seed0,dmid,iou_pred
61,0.22676579925650558,0.20909090909090908,0.3770491803278688,0.4182692307692308,vpt_deep_seed0,dmid,iou_pred
62,0.23048327137546468,0.20909090909090908,0.3709677419354839,0.42028985507246375,vpt_deep_seed0,dmid,iou_pred
63,0.2342007434944238,0.21818181818181817,0.38095238095238093,0.4174757281553398,vpt_deep_seed0,dmid,iou_pred
64,0.2379182156133829,0.22727272727272727,0.390625,0.4146341463414634,vpt_deep_seed0,dmid,iou_pred
65,0.241635687732342,0.22727272727272727,0.38461538461538464,0.4166666666666667,vpt_deep_seed0,dmid,iou_pred
66,0.24535315985130113,0.23636363636363636,0.3939393939393939,0.41379310344827586,vpt_deep_seed0,dmid,iou_pred
67,0.24907063197026022,0.24545454545454545,0.40298507462686567,0.41089108910891087,vpt_deep_seed0,dmid,iou_pred
68,0.2527881040892193,0.24545454545454545,0.39705882352941174,0.4129353233830846,vpt_deep_seed0,dmid,iou_pred
69,0.25650557620817843,0.24545454545454545,0.391304347826087,0.415,vpt_deep_seed0,dmid,iou_pred
70,0.26022304832713755,0.24545454545454545,0.38571428571428573,0.41708542713567837,vpt_deep_seed0,dmid,iou_pred
71,0.26394052044609667,0.2545454545454545,0.39436619718309857,0.41414141414141414,vpt_deep_seed0,dmid,iou_pred
72,0.26765799256505574,0.2545454545454545,0.3888888888888889,0.41624365482233505,vpt_deep_seed0,dmid,iou_pred
73,0.27137546468401486,0.2636363636363636,0.3972602739726027,0.413265306122449,vpt_deep_seed0,dmid,iou_pred
74,0.275092936802974,0.2636363636363636,0.3918918918918919,0.4153846153846154,vpt_deep_seed0,dmid,iou_pred
75,0.2788104089219331,0.2636363636363636,0.38666666666666666,0.4175257731958763,vpt_deep_seed0,dmid,iou_pred
76,0.2825278810408922,0.2727272727272727,0.39473684210526316,0.41450777202072536,vpt_deep_seed0,dmid,iou_pred
77,0.2862453531598513,0.2818181818181818,0.4025974025974026,0.4114583333333333,vpt_deep_seed0,dmid,iou_pred
78,0.2899628252788104,0.2909090909090909,0.41025641025641024,0.4083769633507853,vpt_deep_seed0,dmid,iou_pred
79,0.2936802973977695,0.2909090909090909,0.4050632911392405,0.4105263157894737,vpt_deep_seed0,dmid,iou_pred
80,0.29739776951672864,0.2909090909090909,0.4,0.4126984126984127,vpt_deep_seed0,dmid,iou_pred
81,0.30111524163568776,0.3,0.4074074074074074,0.4095744680851064,vpt_deep_seed0,dmid,iou_pred
82,0.3048327137546468,0.3,0.4024390243902439,0.4117647058823529,vpt_deep_seed0,dmid,iou_pred
83,0.30855018587360594,0.3090909090909091,0.40963855421686746,0.40860215053763443,vpt_deep_seed0,dmid,iou_pred
84,0.31226765799256506,0.3181818181818182,0.4166666666666667,0.40540540540540543,vpt_deep_seed0,dmid,iou_pred
85,0.3159851301115242,0.32727272727272727,0.4235294117647059,0.40217391304347827,vpt_deep_seed0,dmid,iou_pred
86,0.31970260223048325,0.32727272727272727,0.4186046511627907,0.40437158469945356,vpt_deep_seed0,dmid,iou_pred
87,0.32342007434944237,0.33636363636363636,0.42528735632183906,0.4010989010989011,vpt_deep_seed0,dmid,iou_pred
88,0.3271375464684015,0.33636363636363636,0.42045454545454547,0.40331491712707185,vpt_deep_seed0,dmid,iou_pred
89,0.3308550185873606,0.34545454545454546,0.42696629213483145,0.4,vpt_deep_seed0,dmid,iou_pred
90,0.3345724907063197,0.35454545454545455,0.43333333333333335,0.39664804469273746,vpt_deep_seed0,dmid,iou_pred
91,0.3382899628252788,0.36363636363636365,0.43956043956043955,0.39325842696629215,vpt_deep_seed0,dmid,iou_pred
92,0.3420074349442379,0.37272727272727274,0.44565217391304346,0.3898305084745763,vpt_deep_seed0,dmid,iou_pred
93,0.34572490706319703,0.37272727272727274,0.44086021505376344,0.39204545454545453,vpt_deep_seed0,dmid,iou_pred
94,0.34944237918215615,0.37272727272727274,0.43617021276595747,0.3942857142857143,vpt_deep_seed0,dmid,iou_pred
95,0.35315985130111527,0.38181818181818183,0.4421052631578947,0.39080459770114945,vpt_deep_seed0,dmid,iou_pred
96,0.35687732342007433,0.39090909090909093,0.4479166666666667,0.3872832369942196,vpt_deep_seed0,dmid,iou_pred
97,0.36059479553903345,0.39090909090909093,0.44329896907216493,0.38953488372093026,vpt_deep_seed0,dmid,iou_pred
98,0.3643122676579926,0.39090909090909093,0.4387755102040816,0.391812865497076,vpt_deep_seed0,dmid,iou_pred
99,0.3680297397769517,0.39090909090909093,0.43434343434343436,0.3941176470588235,vpt_deep_seed0,dmid,iou_pred
100,0.37174721189591076,0.4,0.44,0.3905325443786982,vpt_deep_seed0,dmid,iou_pred
101,0.3754646840148699,0.4090909090909091,0.44554455445544555,0.3869047619047619,vpt_deep_seed0,dmid,iou_pred
102,0.379182156133829,0.41818181818181815,0.45098039215686275,0.38323353293413176,vpt_deep_seed0,dmid,iou_pred
103,0.3828996282527881,0.41818181818181815,0.44660194174757284,0.3855421686746988,vpt_deep_seed0,dmid,iou_pred
104,0.38661710037174724,0.41818181818181815,0.4423076923076923,0.3878787878787879,vpt_deep_seed0,dmid,iou_pred
105,0.3903345724907063,0.41818181818181815,0.4380952380952381,0.3902439024390244,vpt_deep_seed0,dmid,iou_pred
106,0.3940520446096654,0.41818181818181815,0.4339622641509434,0.39263803680981596,vpt_deep_seed0,dmid,iou_pred
107,0.39776951672862454,0.42727272727272725,0.4392523364485981,0.3888888888888889,vpt_deep_seed0,dmid,iou_pred
108,0.40148698884758366,0.42727272727272725,0.4351851851851852,0.391304347826087,vpt_deep_seed0,dmid,iou_pred
109,0.4052044609665427,0.42727272727272725,0.43119266055045874,0.39375,vpt_deep_seed0,dmid,iou_pred
110,0.40892193308550184,0.42727272727272725,0.42727272727272725,0.39622641509433965,vpt_deep_seed0,dmid,iou_pred
111,0.41263940520446096,0.43636363636363634,0.43243243243243246,0.3924050632911392,vpt_deep_seed0,dmid,iou_pred
112,0.4163568773234201,0.43636363636363634,0.42857142857142855,0.39490445859872614,vpt_deep_seed0,dmid,iou_pred
113,0.4200743494423792,0.44545454545454544,0.4336283185840708,0.391025641025641,vpt_deep_seed0,dmid,iou_pred
114,0.42379182156133827,0.44545454545454544,0.4298245614035088,0.3935483870967742,vpt_deep_seed0,dmid,iou_pred
115,0.4275092936802974,0.44545454545454544,0.4260869565217391,0.3961038961038961,vpt_deep_seed0,dmid,iou_pred
116,0.4312267657992565,0.45454545454545453,0.43103448275862066,0.39215686274509803,vpt_deep_seed0,dmid,iou_pred
117,0.4349442379182156,0.45454545454545453,0.42735042735042733,0.39473684210526316,vpt_deep_seed0,dmid,iou_pred
118,0.43866171003717475,0.4636363636363636,0.4322033898305085,0.39072847682119205,vpt_deep_seed0,dmid,iou_pred
119,0.4423791821561338,0.4727272727272727,0.4369747899159664,0.38666666666666666,vpt_deep_seed0,dmid,iou_pred
120,0.44609665427509293,0.4818181818181818,0.44166666666666665,0.3825503355704698,vpt_deep_seed0,dmid,iou_pred
121,0.44981412639405205,0.4818181818181818,0.4380165289256198,0.38513513513513514,vpt_deep_seed0,dmid,iou_pred
122,0.45353159851301117,0.4909090909090909,0.4426229508196721,0.38095238095238093,vpt_deep_seed0,dmid,iou_pred
123,0.45724907063197023,0.5,0.44715447154471544,0.3767123287671233,vpt_deep_seed0,dmid,iou_pred
124,0.46096654275092935,0.509090909090909,0.45161290322580644,0.3724137931034483,vpt_deep_seed0,dmid,iou_pred
125,0.4646840148698885,0.5181818181818182,0.456,0.3680555555555556,vpt_deep_seed0,dmid,iou_pred
126,0.4684014869888476,0.5181818181818182,0.4523809523809524,0.3706293706293706,vpt_deep_seed0,dmid,iou_pred
127,0.4721189591078067,0.5181818181818182,0.44881889763779526,0.3732394366197183,vpt_deep_seed0,dmid,iou_pred
128,0.4758364312267658,0.5272727272727272,0.453125,0.36879432624113473,vpt_deep_seed0,dmid,iou_pred
129,0.4795539033457249,0.5272727272727272,0.4496124031007752,0.37142857142857144,vpt_deep_seed0,dmid,iou_pred
130,0.483271375464684,0.5272727272727272,0.4461538461538462,0.37410071942446044,vpt_deep_seed0,dmid,iou_pred
131,0.48698884758364314,0.5272727272727272,0.44274809160305345,0.37681159420289856,vpt_deep_seed0,dmid,iou_pred
132,0.49070631970260226,0.5272727272727272,0.4393939393939394,0.3795620437956204,vpt_deep_seed0,dmid,iou_pred
133,0.4944237918215613,0.5272727272727272,0.43609022556390975,0.38235294117647056,vpt_deep_seed0,dmid,iou_pred
134,0.49814126394052044,0.5272727272727272,0.43283582089552236,0.3851851851851852,vpt_deep_seed0,dmid,iou_pred
135,0.5018587360594795,0.5272727272727272,0.42962962962962964,0.3880597014925373,vpt_deep_seed0,dmid,iou_pred
136,0.5055762081784386,0.5363636363636364,0.4338235294117647,0.38345864661654133,vpt_deep_seed0,dmid,iou_pred
137,0.5092936802973977,0.5454545454545454,0.43795620437956206,0.3787878787878788,vpt_deep_seed0,dmid,iou_pred
138,0.5130111524163569,0.5454545454545454,0.43478260869565216,0.3816793893129771,vpt_deep_seed0,dmid,iou_pred
139,0.516728624535316,0.5454545454545454,0.4316546762589928,0.38461538461538464,vpt_deep_seed0,dmid,iou_pred
140,0.5204460966542751,0.5454545454545454,0.42857142857142855,0.3875968992248062,vpt_deep_seed0,dmid,iou_pred
141,0.5241635687732342,0.5454545454545454,0.425531914893617,0.390625,vpt_deep_seed0,dmid,iou_pred
142,0.5278810408921933,0.5545454545454546,0.4295774647887324,0.3858267716535433,vpt_deep_seed0,dmid,iou_pred
143,0.5315985130111525,0.5545454545454546,0.42657342657342656,0.3888888888888889,vpt_deep_seed0,dmid,iou_pred
144,0.5353159851301115,0.5545454545454546,0.4236111111111111,0.392,vpt_deep_seed0,dmid,iou_pred
145,0.5390334572490706,0.5636363636363636,0.42758620689655175,0.3870967741935484,vpt_deep_seed0,dmid,iou_pred
146,0.5427509293680297,0.5727272727272728,0.4315068493150685,0.3821138211382114,vpt_deep_seed0,dmid,iou_pred
147,0.5464684014869888,0.5818181818181818,0.43537414965986393,0.3770491803278688,vpt_deep_seed0,dmid,iou_pred
148,0.550185873605948,0.5909090909090909,0.4391891891891892,0.371900826446281,vpt_deep_seed0,dmid,iou_pred
149,0.5539033457249071,0.5909090909090909,0.436241610738255,0.375,vpt_deep_seed0,dmid,iou_pred
150,0.5576208178438662,0.6,0.44,0.3697478991596639,vpt_deep_seed0,dmid,iou_pred
151,0.5613382899628253,0.6,0.4370860927152318,0.3728813559322034,vpt_deep_seed0,dmid,iou_pred
152,0.5650557620817844,0.6,0.4342105263157895,0.37606837606837606,vpt_deep_seed0,dmid,iou_pred
153,0.5687732342007435,0.6090909090909091,0.43790849673202614,0.3706896551724138,vpt_deep_seed0,dmid,iou_pred
154,0.5724907063197026,0.6090909090909091,0.43506493506493504,0.3739130434782609,vpt_deep_seed0,dmid,iou_pred
155,0.5762081784386617,0.6181818181818182,0.43870967741935485,0.3684210526315789,vpt_deep_seed0,dmid,iou_pred
156,0.5799256505576208,0.6272727272727273,0.4423076923076923,0.36283185840707965,vpt_deep_seed0,dmid,iou_pred
157,0.5836431226765799,0.6363636363636364,0.445859872611465,0.35714285714285715,vpt_deep_seed0,dmid,iou_pred
158,0.587360594795539,0.6363636363636364,0.4430379746835443,0.36036036036036034,vpt_deep_seed0,dmid,iou_pred
159,0.5910780669144982,0.6454545454545455,0.44654088050314467,0.35454545454545455,vpt_deep_seed0,dmid,iou_pred
160,0.5947955390334573,0.6454545454545455,0.44375,0.3577981651376147,vpt_deep_seed0,dmid,iou_pred
161,0.5985130111524164,0.6545454545454545,0.4472049689440994,0.35185185185185186,vpt_deep_seed0,dmid,iou_pred
162,0.6022304832713755,0.6545454545454545,0.4444444444444444,0.35514018691588783,vpt_deep_seed0,dmid,iou_pred
163,0.6059479553903345,0.6545454545454545,0.44171779141104295,0.3584905660377358,vpt_deep_seed0,dmid,iou_pred
164,0.6096654275092936,0.6545454545454545,0.43902439024390244,0.3619047619047619,vpt_deep_seed0,dmid,iou_pred
165,0.6133828996282528,0.6636363636363637,0.44242424242424244,0.3557692307692308,vpt_deep_seed0,dmid,iou_pred
166,0.6171003717472119,0.6636363636363637,0.4397590361445783,0.3592233009708738,vpt_deep_seed0,dmid,iou_pred
167,0.620817843866171,0.6636363636363637,0.437125748502994,0.3627450980392157,vpt_deep_seed0,dmid,iou_pred
168,0.6245353159851301,0.6636363636363637,0.43452380952380953,0.36633663366336633,vpt_deep_seed0,dmid,iou_pred
169,0.6282527881040892,0.6636363636363637,0.4319526627218935,0.37,vpt_deep_seed0,dmid,iou_pred
170,0.6319702602230484,0.6727272727272727,0.43529411764705883,0.36363636363636365,vpt_deep_seed0,dmid,iou_pred
171,0.6356877323420075,0.6727272727272727,0.4327485380116959,0.3673469387755102,vpt_deep_seed0,dmid,iou_pred
172,0.6394052044609665,0.6818181818181818,0.436046511627907,0.36082474226804123,vpt_deep_seed0,dmid,iou_pred
173,0.6431226765799256,0.6818181818181818,0.43352601156069365,0.3645833333333333,vpt_deep_seed0,dmid,iou_pred
174,0.6468401486988847,0.6909090909090909,0.4367816091954023,0.35789473684210527,vpt_deep_seed0,dmid,iou_pred
175,0.6505576208178439,0.7,0.44,0.35106382978723405,vpt_deep_seed0,dmid,iou_pred
176,0.654275092936803,0.7090909090909091,0.4431818181818182,0.34408602150537637,vpt_deep_seed0,dmid,iou_pred
177,0.6579925650557621,0.7090909090909091,0.4406779661016949,0.34782608695652173,vpt_deep_seed0,dmid,iou_pred
178,0.6617100371747212,0.7181818181818181,0.4438202247191011,0.34065934065934067,vpt_deep_seed0,dmid,iou_pred
179,0.6654275092936803,0.7272727272727273,0.44692737430167595,0.3333333333333333,vpt_deep_seed0,dmid,iou_pred
180,0.6691449814126395,0.7272727272727273,0.4444444444444444,0.33707865168539325,vpt_deep_seed0,dmid,iou_pred
181,0.6728624535315985,0.7272727272727273,0.4419889502762431,0.3409090909090909,vpt_deep_seed0,dmid,iou_pred
182,0.6765799256505576,0.7363636363636363,0.44505494505494503,0.3333333333333333,vpt_deep_seed0,dmid,iou_pred
183,0.6802973977695167,0.7454545454545455,0.44808743169398907,0.32558139534883723,vpt_deep_seed0,dmid,iou_pred
184,0.6840148698884758,0.7454545454545455,0.44565217391304346,0.32941176470588235,vpt_deep_seed0,dmid,iou_pred
185,0.6877323420074349,0.7454545454545455,0.44324324324324327,0.3333333333333333,vpt_deep_seed0,dmid,iou_pred
186,0.6914498141263941,0.7545454545454545,0.44623655913978494,0.3253012048192771,vpt_deep_seed0,dmid,iou_pred
187,0.6951672862453532,0.7545454545454545,0.44385026737967914,0.32926829268292684,vpt_deep_seed0,dmid,iou_pred
188,0.6988847583643123,0.7545454545454545,0.44148936170212766,0.3333333333333333,vpt_deep_seed0,dmid,iou_pred
189,0.7026022304832714,0.7636363636363637,0.4444444444444444,0.325,vpt_deep_seed0,dmid,iou_pred
190,0.7063197026022305,0.7636363636363637,0.4421052631578947,0.3291139240506329,vpt_deep_seed0,dmid,iou_pred
191,0.7100371747211895,0.7636363636363637,0.4397905759162304,0.3333333333333333,vpt_deep_seed0,dmid,iou_pred
192,0.7137546468401487,0.7636363636363637,0.4375,0.33766233766233766,vpt_deep_seed0,dmid,iou_pred
193,0.7174721189591078,0.7727272727272727,0.44041450777202074,0.32894736842105265,vpt_deep_seed0,dmid,iou_pred
194,0.7211895910780669,0.7727272727272727,0.4381443298969072,0.3333333333333333,vpt_deep_seed0,dmid,iou_pred
195,0.724907063197026,0.7727272727272727,0.4358974358974359,0.33783783783783783,vpt_deep_seed0,dmid,iou_pred
196,0.7286245353159851,0.7727272727272727,0.4336734693877551,0.3424657534246575,vpt_deep_seed0,dmid,iou_pred
197,0.7323420074349443,0.7727272727272727,0.43147208121827413,0.3472222222222222,vpt_deep_seed0,dmid,iou_pred
198,0.7360594795539034,0.7727272727272727,0.4292929292929293,0.352112676056338,vpt_deep_seed0,dmid,iou_pred
199,0.7397769516728625,0.7727272727272727,0.4271356783919598,0.35714285714285715,vpt_deep_seed0,dmid,iou_pred
200,0.7434944237918215,0.7818181818181819,0.43,0.34782608695652173,vpt_deep_seed0,dmid,iou_pred
201,0.7472118959107806,0.7818181818181819,0.42786069651741293,0.35294117647058826,vpt_deep_seed0,dmid,iou_pred
202,0.7509293680297398,0.7818181818181819,0.42574257425742573,0.3582089552238806,vpt_deep_seed0,dmid,iou_pred
203,0.7546468401486989,0.7818181818181819,0.4236453201970443,0.36363636363636365,vpt_deep_seed0,dmid,iou_pred
204,0.758364312267658,0.7909090909090909,0.4264705882352941,0.35384615384615387,vpt_deep_seed0,dmid,iou_pred
205,0.7620817843866171,0.7909090909090909,0.424390243902439,0.359375,vpt_deep_seed0,dmid,iou_pred
206,0.7657992565055762,0.7909090909090909,0.4223300970873786,0.36507936507936506,vpt_deep_seed0,dmid,iou_pred
207,0.7695167286245354,0.7909090909090909,0.42028985507246375,0.3709677419354839,vpt_deep_seed0,dmid,iou_pred
208,0.7732342007434945,0.7909090909090909,0.4182692307692308,0.3770491803278688,vpt_deep_seed0,dmid,iou_pred
209,0.7769516728624535,0.7909090909090909,0.41626794258373206,0.38333333333333336,vpt_deep_seed0,dmid,iou_pred
210,0.7806691449814126,0.7909090909090909,0.4142857142857143,0.3898305084745763,vpt_deep_seed0,dmid,iou_pred
211,0.7843866171003717,0.7909090909090909,0.41232227488151657,0.39655172413793105,vpt_deep_seed0,dmid,iou_pred
212,0.7881040892193308,0.7909090909090909,0.41037735849056606,0.40350877192982454,vpt_deep_seed0,dmid,iou_pred
213,0.79182156133829,0.8,0.4131455399061033,0.39285714285714285,vpt_deep_seed0,dmid,iou_pred
214,0.7955390334572491,0.8,0.411214953271028,0.4,vpt_deep_seed0,dmid,iou_pred
215,0.7992565055762082,0.8,0.40930232558139534,0.4074074074074074,vpt_deep_seed0,dmid,iou_pred
216,0.8029739776951673,0.8,0.4074074074074074,0.41509433962264153,vpt_deep_seed0,dmid,iou_pred
217,0.8066914498141264,0.8090909090909091,0.41013824884792627,0.40384615384615385,vpt_deep_seed0,dmid,iou_pred
218,0.8104089219330854,0.8181818181818182,0.41284403669724773,0.39215686274509803,vpt_deep_seed0,dmid,iou_pred
219,0.8141263940520446,0.8272727272727273,0.4155251141552511,0.38,vpt_deep_seed0,dmid,iou_pred
220,0.8178438661710037,0.8363636363636363,0.41818181818181815,0.3673469387755102,vpt_deep_seed0,dmid,iou_pred
221,0.8215613382899628,0.8363636363636363,0.416289592760181,0.375,vpt_deep_seed0,dmid,iou_pred
222,0.8252788104089219,0.8363636363636363,0.4144144144144144,0.3829787234042553,vpt_deep_seed0,dmid,iou_pred
223,0.828996282527881,0.8363636363636363,0.4125560538116592,0.391304347826087,vpt_deep_seed0,dmid,iou_pred
224,0.8327137546468402,0.8454545454545455,0.41517857142857145,0.37777777777777777,vpt_deep_seed0,dmid,iou_pred
225,0.8364312267657993,0.8545454545454545,0.4177777777777778,0.36363636363636365,vpt_deep_seed0,dmid,iou_pred
226,0.8401486988847584,0.8545454545454545,0.415929203539823,0.37209302325581395,vpt_deep_seed0,dmid,iou_pred
227,0.8438661710037175,0.8636363636363636,0.4185022026431718,0.35714285714285715,vpt_deep_seed0,dmid,iou_pred
228,0.8475836431226765,0.8636363636363636,0.4166666666666667,0.36585365853658536,vpt_deep_seed0,dmid,iou_pred
229,0.8513011152416357,0.8727272727272727,0.4192139737991266,0.35,vpt_deep_seed0,dmid,iou_pred
230,0.8550185873605948,0.8727272727272727,0.41739130434782606,0.358974358974359,vpt_deep_seed0,dmid,iou_pred
231,0.8587360594795539,0.8727272727272727,0.4155844155844156,0.3684210526315789,vpt_deep_seed0,dmid,iou_pred
232,0.862453531598513,0.8818181818181818,0.41810344827586204,0.35135135135135137,vpt_deep_seed0,dmid,iou_pred
233,0.8661710037174721,0.8909090909090909,0.4206008583690987,0.3333333333333333,vpt_deep_seed0,dmid,iou_pred
234,0.8698884758364313,0.8909090909090909,0.4188034188034188,0.34285714285714286,vpt_deep_seed0,dmid,iou_pred
235,0.8736059479553904,0.8909090909090909,0.41702127659574467,0.35294117647058826,vpt_deep_seed0,dmid,iou_pred
236,0.8773234200743495,0.8909090909090909,0.4152542372881356,0.36363636363636365,vpt_deep_seed0,dmid,iou_pred
237,0.8810408921933085,0.9,0.4177215189873418,0.34375,vpt_deep_seed0,dmid,iou_pred
238,0.8847583643122676,0.9,0.41596638655462187,0.3548387096774194,vpt_deep_seed0,dmid,iou_pred
239,0.8884758364312267,0.9,0.41422594142259417,0.36666666666666664,vpt_deep_seed0,dmid,iou_pred
240,0.8921933085501859,0.9090909090909091,0.4166666666666667,0.3448275862068966,vpt_deep_seed0,dmid,iou_pred
241,0.895910780669145,0.9090909090909091,0.4149377593360996,0.35714285714285715,vpt_deep_seed0,dmid,iou_pred
242,0.8996282527881041,0.9090909090909091,0.4132231404958678,0.37037037037037035,vpt_deep_seed0,dmid,iou_pred
243,0.9033457249070632,0.9181818181818182,0.4156378600823045,0.34615384615384615,vpt_deep_seed0,dmid,iou_pred
244,0.9070631970260223,0.9272727272727272,0.4180327868852459,0.32,vpt_deep_seed0,dmid,iou_pred
245,0.9107806691449815,0.9272727272727272,0.4163265306122449,0.3333333333333333,vpt_deep_seed0,dmid,iou_pred
246,0.9144981412639405,0.9272727272727272,0.4146341463414634,0.34782608695652173,vpt_deep_seed0,dmid,iou_pred
247,0.9182156133828996,0.9272727272727272,0.41295546558704455,0.36363636363636365,vpt_deep_seed0,dmid,iou_pred
248,0.9219330855018587,0.9272727272727272,0.4112903225806452,0.38095238095238093,vpt_deep_seed0,dmid,iou_pred
249,0.9256505576208178,0.9363636363636364,0.41365461847389556,0.35,vpt_deep_seed0,dmid,iou_pred
250,0.929368029739777,0.9363636363636364,0.412,0.3684210526315789,vpt_deep_seed0,dmid,iou_pred
251,0.9330855018587361,0.9363636363636364,0.4103585657370518,0.3888888888888889,vpt_deep_seed0,dmid,iou_pred
252,0.9368029739776952,0.9454545454545454,0.4126984126984127,0.35294117647058826,vpt_deep_seed0,dmid,iou_pred
253,0.9405204460966543,0.9454545454545454,0.41106719367588934,0.375,vpt_deep_seed0,dmid,iou_pred
254,0.9442379182156134,0.9545454545454546,0.41338582677165353,0.3333333333333333,vpt_deep_seed0,dmid,iou_pred
255,0.9479553903345725,0.9636363636363636,0.41568627450980394,0.2857142857142857,vpt_deep_seed0,dmid,iou_pred
256,0.9516728624535316,0.9727272727272728,0.41796875,0.23076923076923078,vpt_deep_seed0,dmid,iou_pred
257,0.9553903345724907,0.9727272727272728,0.4163424124513619,0.25,vpt_deep_seed0,dmid,iou_pred
258,0.9591078066914498,0.9727272727272728,0.41472868217054265,0.2727272727272727,vpt_deep_seed0,dmid,iou_pred
259,0.9628252788104089,0.9727272727272728,0.41312741312741313,0.3,vpt_deep_seed0,dmid,iou_pred
260,0.966542750929368,0.9727272727272728,0.4115384615384615,0.3333333333333333,vpt_deep_seed0,dmid,iou_pred
261,0.9702602230483272,0.9818181818181818,0.41379310344827586,0.25,vpt_deep_seed0,dmid,iou_pred
262,0.9739776951672863,0.990909090909091,0.41603053435114506,0.14285714285714285,vpt_deep_seed0,dmid,iou_pred
263,0.9776951672862454,1.0,0.41825095057034223,0.0,vpt_deep_seed0,dmid,iou_pred
264,0.9814126394052045,1.0,0.4166666666666667,0.0,vpt_deep_seed0,dmid,iou_pred
265,0.9851301115241635,1.0,0.41509433962264153,0.0,vpt_deep_seed0,dmid,iou_pred
266,0.9888475836431226,1.0,0.41353383458646614,0.0,vpt_deep_seed0,dmid,iou_pred
267,0.9925650557620818,1.0,0.41198501872659177,0.0,vpt_deep_seed0,dmid,iou_pred
268,0.9962825278810409,1.0,0.41044776119402987,0.0,vpt_deep_seed0,dmid,iou_pred
269,1.0,1.0,0.40892193308550184,,vpt_deep_seed0,dmid,iou_pred
0,0.0,0.0,,0.6505576208178439,lora_seed0,dmid,drift
1,0.0037174721189591076,0.005714285714285714,1.0,0.6492537313432836,lora_seed0,dmid,drift
2,0.007434944237918215,0.011428571428571429,1.0,0.6479400749063671,lora_seed0,dmid,drift
3,0.011152416356877323,0.017142857142857144,1.0,0.6466165413533834,lora_seed0,dmid,drift
4,0.01486988847583643,0.022857142857142857,1.0,0.6452830188679245,lora_seed0,dmid,drift
5,0.01858736059479554,0.02857142857142857,1.0,0.6439393939393939,lora_seed0,dmid,drift
6,0.022304832713754646,0.03428571428571429,1.0,0.6425855513307985,lora_seed0,dmid,drift
7,0.026022304832713755,0.04,1.0,0.6412213740458015,lora_seed0,dmid,drift
8,0.02973977695167286,0.045714285714285714,1.0,0.6398467432950191,lora_seed0,dmid,drift
9,0.03345724907063197,0.05142857142857143,1.0,0.6384615384615384,lora_seed0,dmid,drift
10,0.03717472118959108,0.05714285714285714,1.0,0.637065637065637,lora_seed0,dmid,drift
11,0.040892193308550186,0.06285714285714286,1.0,0.6356589147286822,lora_seed0,dmid,drift
12,0.04460966542750929,0.06857142857142857,1.0,0.6342412451361867,lora_seed0,dmid,drift
13,0.048327137546468404,0.07428571428571429,1.0,0.6328125,lora_seed0,dmid,drift
14,0.05204460966542751,0.08,1.0,0.6313725490196078,lora_seed0,dmid,drift
15,0.055762081784386616,0.08571428571428572,1.0,0.6299212598425197,lora_seed0,dmid,drift
16,0.05947955390334572,0.08571428571428572,0.9375,0.6324110671936759,lora_seed0,dmid,drift
17,0.06319702602230483,0.09142857142857143,0.9411764705882353,0.6309523809523809,lora_seed0,dmid,drift
18,0.06691449814126393,0.09714285714285714,0.9444444444444444,0.6294820717131474,lora_seed0,dmid,drift
19,0.07063197026022305,0.10285714285714286,0.9473684210526315,0.628,lora_seed0,dmid,drift
20,0.07434944237918216,0.10857142857142857,0.95,0.6265060240963856,lora_seed0,dmid,drift
21,0.07806691449814127,0.11428571428571428,0.9523809523809523,0.625,lora_seed0,dmid,drift
22,0.08178438661710037,0.12,0.9545454545454546,0.6234817813765182,lora_seed0,dmid,drift
23,0.08550185873605948,0.12571428571428572,0.9565217391304348,0.6219512195121951,lora_seed0,dmid,drift
24,0.08921933085501858,0.13142857142857142,0.9583333333333334,0.6204081632653061,lora_seed0,dmid,drift
25,0.09293680297397769,0.13714285714285715,0.96,0.6188524590163934,lora_seed0,dmid,drift
26,0.09665427509293681,0.14285714285714285,0.9615384615384616,0.6172839506172839,lora_seed0,dmid,drift
27,0.10037174721189591,0.14857142857142858,0.9629629629629629,0.6157024793388429,lora_seed0,dmid,drift
28,0.10408921933085502,0.15428571428571428,0.9642857142857143,0.6141078838174274,lora_seed0,dmid,drift
29,0.10780669144981413,0.16,0.9655172413793104,0.6125,lora_seed0,dmid,drift
30,0.11152416356877323,0.1657142857142857,0.9666666666666667,0.6108786610878661,lora_seed0,dmid,drift
31,0.11524163568773234,0.17142857142857143,0.967741935483871,0.6092436974789915,lora_seed0,dmid,drift
32,0.11895910780669144,0.17714285714285713,0.96875,0.6075949367088608,lora_seed0,dmid,drift
33,0.12267657992565056,0.18285714285714286,0.9696969696969697,0.6059322033898306,lora_seed0,dmid,drift
34,0.12639405204460966,0.18857142857142858,0.9705882352941176,0.6042553191489362,lora_seed0,dmid,drift
35,0.13011152416356878,0.18857142857142858,0.9428571428571428,0.6068376068376068,lora_seed0,dmid,drift
36,0.13382899628252787,0.19428571428571428,0.9444444444444444,0.6051502145922747,lora_seed0,dmid,drift
37,0.137546468401487,0.2,0.9459459459459459,0.603448275862069,lora_seed0,dmid,drift
38,0.1412639405204461,0.2057142857142857,0.9473684210526315,0.6017316017316018,lora_seed0,dmid,drift
39,0.1449814126394052,0.21142857142857144,0.9487179487179487,0.6,lora_seed0,dmid,drift
40,0.14869888475836432,0.21714285714285714,0.95,0.5982532751091703,lora_seed0,dmid,drift
41,0.1524163568773234,0.22285714285714286,0.9512195121951219,0.5964912280701754,lora_seed0,dmid,drift
42,0.15613382899628253,0.22857142857142856,0.9523809523809523,0.5947136563876652,lora_seed0,dmid,drift
43,0.15985130111524162,0.2342857142857143,0.9534883720930233,0.5929203539823009,lora_seed0,dmid,drift
44,0.16356877323420074,0.24,0.9545454545454546,0.5911111111111111,lora_seed0,dmid,drift
45,0.16728624535315986,0.24,0.9333333333333333,0.59375,lora_seed0,dmid,drift
46,0.17100371747211895,0.24571428571428572,0.9347826086956522,0.5919282511210763,lora_seed0,dmid,drift
47,0.17472118959107807,0.25142857142857145,0.9361702127659575,0.5900900900900901,lora_seed0,dmid,drift
48,0.17843866171003717,0.2571428571428571,0.9375,0.5882352941176471,lora_seed0,dmid,drift
49,0.1821561338289963,0.26285714285714284,0.9387755102040817,0.5863636363636363,lora_seed0,dmid,drift
50,0.18587360594795538,0.26857142857142857,0.94,0.5844748858447488,lora_seed0,dmid,drift
51,0.1895910780669145,0.2742857142857143,0.9411764705882353,0.5825688073394495,lora_seed0,dmid,drift
52,0.19330855018587362,0.28,0.9423076923076923,0.5806451612903226,lora_seed0,dmid,drift
53,0.1970260223048327,0.2857142857142857,0.9433962264150944,0.5787037037037037,lora_seed0,dmid,drift
54,0.20074349442379183,0.2914285714285714,0.9444444444444444,0.5767441860465117,lora_seed0,dmid,drift
55,0.20446096654275092,0.29714285714285715,0.9454545454545454,0.5747663551401869,lora_seed0,dmid,drift
56,0.20817843866171004,0.3028571428571429,0.9464285714285714,0.5727699530516432,lora_seed0,dmid,drift
57,0.21189591078066913,0.3028571428571429,0.9298245614035088,0.5754716981132075,lora_seed0,dmid,drift
58,0.21561338289962825,0.30857142857142855,0.9310344827586207,0.5734597156398105,lora_seed0,dmid,drift
59,0.21933085501858737,0.3142857142857143,0.9322033898305084,0.5714285714285714,lora_seed0,dmid,drift
60,0.22304832713754646,0.3142857142857143,0.9166666666666666,0.5741626794258373,lora_seed0,dmid,drift
61,0.22676579925650558,0.32,0.9180327868852459,0.5721153846153846,lora_seed0,dmid,drift
62,0.23048327137546468,0.32571428571428573,0.9193548387096774,0.5700483091787439,lora_seed0,dmid,drift
63,0.2342007434944238,0.3314285714285714,0.9206349206349206,0.5679611650485437,lora_seed0,dmid,drift
64,0.2379182156133829,0.33714285714285713,0.921875,0.5658536585365853,lora_seed0,dmid,drift
65,0.241635687732342,0.34285714285714286,0.9230769230769231,0.5637254901960784,lora_seed0,dmid,drift
66,0.24535315985130113,0.3485714285714286,0.9242424242424242,0.5615763546798029,lora_seed0,dmid,drift
67,0.24907063197026022,0.35428571428571426,0.9253731343283582,0.5594059405940595,lora_seed0,dmid,drift
68,0.2527881040892193,0.36,0.9264705882352942,0.5572139303482587,lora_seed0,dmid,drift
69,0.25650557620817843,0.3657142857142857,0.927536231884058,0.555,lora_seed0,dmid,drift
70,0.26022304832713755,0.37142857142857144,0.9285714285714286,0.5527638190954773,lora_seed0,dmid,drift
71,0.26394052044609667,0.37714285714285717,0.9295774647887324,0.5505050505050505,lora_seed0,dmid,drift
72,0.26765799256505574,0.38285714285714284,0.9305555555555556,0.5482233502538071,lora_seed0,dmid,drift
73,0.27137546468401486,0.38857142857142857,0.9315068493150684,0.5459183673469388,lora_seed0,dmid,drift
74,0.275092936802974,0.3942857142857143,0.9324324324324325,0.5435897435897435,lora_seed0,dmid,drift
75,0.2788104089219331,0.3942857142857143,0.92,0.5463917525773195,lora_seed0,dmid,drift
76,0.2825278810408922,0.4,0.9210526315789473,0.5440414507772021,lora_seed0,dmid,drift
77,0.2862453531598513,0.4057142857142857,0.922077922077922,0.5416666666666666,lora_seed0,dmid,drift
78,0.2899628252788104,0.4114285714285714,0.9230769230769231,0.5392670157068062,lora_seed0,dmid,drift
79,0.2936802973977695,0.41714285714285715,0.9240506329113924,0.5368421052631579,lora_seed0,dmid,drift
80,0.29739776951672864,0.4228571428571429,0.925,0.5343915343915344,lora_seed0,dmid,drift
81,0.30111524163568776,0.42857142857142855,0.9259259259259259,0.5319148936170213,lora_seed0,dmid,drift
82,0.3048327137546468,0.4342857142857143,0.926829268292683,0.5294117647058824,lora_seed0,dmid,drift
83,0.30855018587360594,0.44,0.927710843373494,0.5268817204301075,lora_seed0,dmid,drift
84,0.31226765799256506,0.44571428571428573,0.9285714285714286,0.5243243243243243,lora_seed0,dmid,drift
85,0.3159851301115242,0.4514285714285714,0.9294117647058824,0.5217391304347826,lora_seed0,dmid,drift
86,0.31970260223048325,0.4514285714285714,0.9186046511627907,0.5245901639344263,lora_seed0,dmid,drift
87,0.32342007434944237,0.45714285714285713,0.9195402298850575,0.521978021978022,lora_seed0,dmid,drift
88,0.3271375464684015,0.45714285714285713,0.9090909090909091,0.5248618784530387,lora_seed0,dmid,drift
89,0.3308550185873606,0.46285714285714286,0.9101123595505618,0.5222222222222223,lora_seed0,dmid,drift
90,0.3345724907063197,0.4685714285714286,0.9111111111111111,0.5195530726256983,lora_seed0,dmid,drift
91,0.3382899628252788,0.4742857142857143,0.9120879120879121,0.5168539325842697,lora_seed0,dmid,drift
92,0.3420074349442379,0.48,0.9130434782608695,0.5141242937853108,lora_seed0,dmid,drift
93,0.34572490706319703,0.4857142857142857,0.9139784946236559,0.5113636363636364,lora_seed0,dmid,drift
94,0.34944237918215615,0.49142857142857144,0.9148936170212766,0.5085714285714286,lora_seed0,dmid,drift
95,0.35315985130111527,0.49714285714285716,0.9157894736842105,0.5057471264367817,lora_seed0,dmid,drift
96,0.35687732342007433,0.5028571428571429,0.9166666666666666,0.5028901734104047,lora_seed0,dmid,drift
97,0.36059479553903345,0.5085714285714286,0.9175257731958762,0.5,lora_seed0,dmid,drift
98,0.3643122676579926,0.5142857142857142,0.9183673469387755,0.49707602339181284,lora_seed0,dmid,drift
99,0.3680297397769517,0.52,0.9191919191919192,0.49411764705882355,lora_seed0,dmid,drift
100,0.37174721189591076,0.52,0.91,0.4970414201183432,lora_seed0,dmid,drift
101,0.3754646840148699,0.5257142857142857,0.9108910891089109,0.49404761904761907,lora_seed0,dmid,drift
102,0.379182156133829,0.5314285714285715,0.9117647058823529,0.49101796407185627,lora_seed0,dmid,drift
103,0.3828996282527881,0.5314285714285715,0.9029126213592233,0.4939759036144578,lora_seed0,dmid,drift
104,0.38661710037174724,0.5371428571428571,0.9038461538461539,0.4909090909090909,lora_seed0,dmid,drift
105,0.3903345724907063,0.5428571428571428,0.9047619047619048,0.4878048780487805,lora_seed0,dmid,drift
106,0.3940520446096654,0.5485714285714286,0.9056603773584906,0.48466257668711654,lora_seed0,dmid,drift
107,0.39776951672862454,0.5485714285714286,0.897196261682243,0.4876543209876543,lora_seed0,dmid,drift
108,0.40148698884758366,0.5542857142857143,0.8981481481481481,0.484472049689441,lora_seed0,dmid,drift
109,0.4052044609665427,0.5542857142857143,0.8899082568807339,0.4875,lora_seed0,dmid,drift
110,0.40892193308550184,0.56,0.8909090909090909,0.48427672955974843,lora_seed0,dmid,drift
111,0.41263940520446096,0.56,0.8828828828828829,0.4873417721518987,lora_seed0,dmid,drift
112,0.4163568773234201,0.56,0.875,0.49044585987261147,lora_seed0,dmid,drift
113,0.4200743494423792,0.5657142857142857,0.8761061946902655,0.48717948717948717,lora_seed0,dmid,drift
114,0.42379182156133827,0.5657142857142857,0.868421052631579,0.49032258064516127,lora_seed0,dmid,drift
115,0.4275092936802974,0.5714285714285714,0.8695652173913043,0.487012987012987,lora_seed0,dmid,drift
116,0.4312267657992565,0.5771428571428572,0.8706896551724138,0.48366013071895425,lora_seed0,dmid,drift
117,0.4349442379182156,0.5828571428571429,0.8717948717948718,0.48026315789473684,lora_seed0,dmid,drift
118,0.43866171003717475,0.5885714285714285,0.8728813559322034,0.4768211920529801,lora_seed0,dmid,drift
119,0.4423791821561338,0.5885714285714285,0.865546218487395,0.48,lora_seed0,dmid,drift
120,0.44609665427509293,0.5942857142857143,0.8666666666666667,0.47651006711409394,lora_seed0,dmid,drift
121,0.44981412639405205,0.5942857142857143,0.859504132231405,0.4797297297297297,lora_seed0,dmid,drift
122,0.45353159851301117,0.6,0.860655737704918,0.47619047619047616,lora_seed0,dmid,drift
123,0.45724907063197023,0.6057142857142858,0.8617886178861789,0.4726027397260274,lora_seed0,dmid,drift
124,0.46096654275092935,0.6114285714285714,0.8629032258064516,0.4689655172413793,lora_seed0,dmid,drift
125,0.4646840148698885,0.6171428571428571,0.864,0.4652777777777778,lora_seed0,dmid,drift
126,0.4684014869888476,0.6171428571428571,0.8571428571428571,0.46853146853146854,lora_seed0,dmid,drift
127,0.4721189591078067,0.6228571428571429,0.8582677165354331,0.4647887323943662,lora_seed0,dmid,drift
128,0.4758364312267658,0.6228571428571429,0.8515625,0.46808510638297873,lora_seed0,dmid,drift
129,0.4795539033457249,0.6285714285714286,0.8527131782945736,0.4642857142857143,lora_seed0,dmid,drift
130,0.483271375464684,0.6285714285714286,0.8461538461538461,0.4676258992805755,lora_seed0,dmid,drift
131,0.48698884758364314,0.6285714285714286,0.8396946564885496,0.47101449275362317,lora_seed0,dmid,drift
132,0.49070631970260226,0.6342857142857142,0.8409090909090909,0.46715328467153283,lora_seed0,dmid,drift
133,0.4944237918215613,0.64,0.8421052631578947,0.4632352941176471,lora_seed0,dmid,drift
134,0.49814126394052044,0.6457142857142857,0.8432835820895522,0.45925925925925926,lora_seed0,dmid,drift
135,0.5018587360594795,0.6514285714285715,0.8444444444444444,0.4552238805970149,lora_seed0,dmid,drift
136,0.5055762081784386,0.6514285714285715,0.8382352941176471,0.45864661654135336,lora_seed0,dmid,drift
137,0.5092936802973977,0.6571428571428571,0.8394160583941606,0.45454545454545453,lora_seed0,dmid,drift
138,0.5130111524163569,0.6628571428571428,0.8405797101449275,0.45038167938931295,lora_seed0,dmid,drift
139,0.516728624535316,0.6685714285714286,0.841726618705036,0.4461538461538462,lora_seed0,dmid,drift
140,0.5204460966542751,0.6742857142857143,0.8428571428571429,0.4418604651162791,lora_seed0,dmid,drift
141,0.5241635687732342,0.68,0.8439716312056738,0.4375,lora_seed0,dmid,drift
142,0.5278810408921933,0.6857142857142857,0.8450704225352113,0.4330708661417323,lora_seed0,dmid,drift
143,0.5315985130111525,0.6914285714285714,0.8461538461538461,0.42857142857142855,lora_seed0,dmid,drift
144,0.5353159851301115,0.6971428571428572,0.8472222222222222,0.424,lora_seed0,dmid,drift
145,0.5390334572490706,0.6971428571428572,0.8413793103448276,0.4274193548387097,lora_seed0,dmid,drift
146,0.5427509293680297,0.7028571428571428,0.8424657534246576,0.42276422764227645,lora_seed0,dmid,drift
147,0.5464684014869888,0.7028571428571428,0.8367346938775511,0.4262295081967213,lora_seed0,dmid,drift
148,0.550185873605948,0.7028571428571428,0.831081081081081,0.4297520661157025,lora_seed0,dmid,drift
149,0.5539033457249071,0.7085714285714285,0.8322147651006712,0.425,lora_seed0,dmid,drift
150,0.5576208178438662,0.7142857142857143,0.8333333333333334,0.42016806722689076,lora_seed0,dmid,drift
151,0.5613382899628253,0.7142857142857143,0.8278145695364238,0.423728813559322,lora_seed0,dmid,drift
152,0.5650557620817844,0.72,0.8289473684210527,0.4188034188034188,lora_seed0,dmid,drift
153,0.5687732342007435,0.72,0.8235294117647058,0.4224137931034483,lora_seed0,dmid,drift
154,0.5724907063197026,0.7257142857142858,0.8246753246753247,0.41739130434782606,lora_seed0,dmid,drift
155,0.5762081784386617,0.7314285714285714,0.8258064516129032,0.41228070175438597,lora_seed0,dmid,drift
156,0.5799256505576208,0.7314285714285714,0.8205128205128205,0.415929203539823,lora_seed0,dmid,drift
157,0.5836431226765799,0.7371428571428571,0.821656050955414,0.4107142857142857,lora_seed0,dmid,drift
158,0.587360594795539,0.7371428571428571,0.8164556962025317,0.4144144144144144,lora_seed0,dmid,drift
159,0.5910780669144982,0.7428571428571429,0.8176100628930818,0.4090909090909091,lora_seed0,dmid,drift
160,0.5947955390334573,0.7428571428571429,0.8125,0.41284403669724773,lora_seed0,dmid,drift
161,0.5985130111524164,0.7428571428571429,0.8074534161490683,0.4166666666666667,lora_seed0,dmid,drift
162,0.6022304832713755,0.7428571428571429,0.8024691358024691,0.4205607476635514,lora_seed0,dmid,drift
163,0.6059479553903345,0.7428571428571429,0.7975460122699386,0.42452830188679247,lora_seed0,dmid,drift
164,0.6096654275092936,0.7485714285714286,0.7987804878048781,0.41904761904761906,lora_seed0,dmid,drift
165,0.6133828996282528,0.7485714285714286,0.793939393939394,0.4230769230769231,lora_seed0,dmid,drift
166,0.6171003717472119,0.7485714285714286,0.7891566265060241,0.42718446601941745,lora_seed0,dmid,drift
167,0.620817843866171,0.7485714285714286,0.7844311377245509,0.43137254901960786,lora_seed0,dmid,drift
168,0.6245353159851301,0.7485714285714286,0.7797619047619048,0.43564356435643564,lora_seed0,dmid,drift
169,0.6282527881040892,0.7542857142857143,0.7810650887573964,0.43,lora_seed0,dmid,drift
170,0.6319702602230484,0.7542857142857143,0.7764705882352941,0.43434343434343436,lora_seed0,dmid,drift
171,0.6356877323420075,0.7542857142857143,0.7719298245614035,0.4387755102040816,lora_seed0,dmid,drift
172,0.6394052044609665,0.7542857142857143,0.7674418604651163,0.44329896907216493,lora_seed0,dmid,drift
173,0.6431226765799256,0.76,0.7687861271676301,0.4375,lora_seed0,dmid,drift
174,0.6468401486988847,0.76,0.764367816091954,0.4421052631578947,lora_seed0,dmid,drift
175,0.6505576208178439,0.76,0.76,0.44680851063829785,lora_seed0,dmid,drift
176,0.654275092936803,0.7657142857142857,0.7613636363636364,0.44086021505376344,lora_seed0,dmid,drift
177,0.6579925650557621,0.7657142857142857,0.7570621468926554,0.44565217391304346,lora_seed0,dmid,drift
178,0.6617100371747212,0.7714285714285715,0.7584269662921348,0.43956043956043955,lora_seed0,dmid,drift
179,0.6654275092936803,0.7771428571428571,0.7597765363128491,0.43333333333333335,lora_seed0,dmid,drift
180,0.6691449814126395,0.7771428571428571,0.7555555555555555,0.43820224719101125,lora_seed0,dmid,drift
181,0.6728624535315985,0.7828571428571428,0.7569060773480663,0.4318181818181818,lora_seed0,dmid,drift
182,0.6765799256505576,0.7885714285714286,0.7582417582417582,0.42528735632183906,lora_seed0,dmid,drift
183,0.6802973977695167,0.7885714285714286,0.7540983606557377,0.43023255813953487,lora_seed0,dmid,drift
184,0.6840148698884758,0.7885714285714286,0.75,0.43529411764705883,lora_seed0,dmid,drift
185,0.6877323420074349,0.7942857142857143,0.7513513513513513,0.42857142857142855,lora_seed0,dmid,drift
186,0.6914498141263941,0.8,0.7526881720430108,0.42168674698795183,lora_seed0,dmid,drift
187,0.6951672862453532,0.8057142857142857,0.7540106951871658,0.4146341463414634,lora_seed0,dmid,drift
188,0.6988847583643123,0.8114285714285714,0.7553191489361702,0.4074074074074074,lora_seed0,dmid,drift
189,0.7026022304832714,0.8171428571428572,0.7566137566137566,0.4,lora_seed0,dmid,drift
190,0.7063197026022305,0.8171428571428572,0.7526315789473684,0.4050632911392405,lora_seed0,dmid,drift
191,0.7100371747211895,0.8228571428571428,0.7539267015706806,0.3974358974358974,lora_seed0,dmid,drift
192,0.7137546468401487,0.8228571428571428,0.75,0.4025974025974026,lora_seed0,dmid,drift
193,0.7174721189591078,0.8228571428571428,0.7461139896373057,0.40789473684210525,lora_seed0,dmid,drift
194,0.7211895910780669,0.8285714285714286,0.7474226804123711,0.4,lora_seed0,dmid,drift
195,0.724907063197026,0.8285714285714286,0.7435897435897436,0.40540540540540543,lora_seed0,dmid,drift
196,0.7286245353159851,0.8342857142857143,0.7448979591836735,0.3972602739726027,lora_seed0,dmid,drift
197,0.7323420074349443,0.84,0.7461928934010152,0.3888888888888889,lora_seed0,dmid,drift
198,0.7360594795539034,0.84,0.7424242424242424,0.39436619718309857,lora_seed0,dmid,drift
199,0.7397769516728625,0.84,0.7386934673366834,0.4,lora_seed0,dmid,drift
200,0.7434944237918215,0.84,0.735,0.4057971014492754,lora_seed0,dmid,drift
201,0.7472118959107806,0.84,0.7313432835820896,0.4117647058823529,lora_seed0,dmid,drift
202,0.7509293680297398,0.84,0.7277227722772277,0.417910447761194,lora_seed0,dmid,drift
203,0.7546468401486989,0.8457142857142858,0.729064039408867,0.4090909090909091,lora_seed0,dmid,drift
204,0.758364312267658,0.8457142857142858,0.7254901960784313,0.4153846153846154,lora_seed0,dmid,drift
205,0.7620817843866171,0.8457142857142858,0.7219512195121951,0.421875,lora_seed0,dmid,drift
206,0.7657992565055762,0.8457142857142858,0.7184466019417476,0.42857142857142855,lora_seed0,dmid,drift
207,0.7695167286245354,0.8457142857142858,0.714975845410628,0.43548387096774194,lora_seed0,dmid,drift
208,0.7732342007434945,0.8457142857142858,0.7115384615384616,0.4426229508196721,lora_seed0,dmid,drift
209,0.7769516728624535,0.8514285714285714,0.7129186602870813,0.43333333333333335,lora_seed0,dmid,drift
210,0.7806691449814126,0.8514285714285714,0.7095238095238096,0.4406779661016949,lora_seed0,dmid,drift
211,0.7843866171003717,0.8514285714285714,0.7061611374407583,0.4482758620689655,lora_seed0,dmid,drift
212,0.7881040892193308,0.8571428571428571,0.7075471698113207,0.43859649122807015,lora_seed0,dmid,drift
213,0.79182156133829,0.8571428571428571,0.704225352112676,0.44642857142857145,lora_seed0,dmid,drift
214,0.7955390334572491,0.8628571428571429,0.705607476635514,0.43636363636363634,lora_seed0,dmid,drift
215,0.7992565055762082,0.8628571428571429,0.7023255813953488,0.4444444444444444,lora_seed0,dmid,drift
216,0.8029739776951673,0.8685714285714285,0.7037037037037037,0.4339622641509434,lora_seed0,dmid,drift
217,0.8066914498141264,0.8685714285714285,0.7004608294930875,0.4423076923076923,lora_seed0,dmid,drift
218,0.8104089219330854,0.8742857142857143,0.7018348623853211,0.43137254901960786,lora_seed0,dmid,drift
219,0.8141263940520446,0.8742857142857143,0.6986301369863014,0.44,lora_seed0,dmid,drift
220,0.8178438661710037,0.88,0.7,0.42857142857142855,lora_seed0,dmid,drift
221,0.8215613382899628,0.88,0.6968325791855203,0.4375,lora_seed0,dmid,drift
222,0.8252788104089219,0.88,0.6936936936936937,0.44680851063829785,lora_seed0,dmid,drift
223,0.828996282527881,0.88,0.6905829596412556,0.45652173913043476,lora_seed0,dmid,drift
224,0.8327137546468402,0.8857142857142857,0.6919642857142857,0.4444444444444444,lora_seed0,dmid,drift
225,0.8364312267657993,0.8914285714285715,0.6933333333333334,0.4318181818181818,lora_seed0,dmid,drift
226,0.8401486988847584,0.8914285714285715,0.6902654867256637,0.4418604651162791,lora_seed0,dmid,drift
227,0.8438661710037175,0.8914285714285715,0.6872246696035242,0.4523809523809524,lora_seed0,dmid,drift
228,0.8475836431226765,0.8971428571428571,0.6885964912280702,0.43902439024390244,lora_seed0,dmid,drift
229,0.8513011152416357,0.8971428571428571,0.6855895196506551,0.45,lora_seed0,dmid,drift
230,0.8550185873605948,0.9028571428571428,0.6869565217391305,0.4358974358974359,lora_seed0,dmid,drift
231,0.8587360594795539,0.9028571428571428,0.683982683982684,0.4473684210526316,lora_seed0,dmid,drift
232,0.862453531598513,0.9085714285714286,0.6853448275862069,0.43243243243243246,lora_seed0,dmid,drift
233,0.8661710037174721,0.9085714285714286,0.6824034334763949,0.4444444444444444,lora_seed0,dmid,drift
234,0.8698884758364313,0.9085714285714286,0.6794871794871795,0.45714285714285713,lora_seed0,dmid,drift
235,0.8736059479553904,0.9085714285714286,0.676595744680851,0.47058823529411764,lora_seed0,dmid,drift
236,0.8773234200743495,0.9142857142857143,0.6779661016949152,0.45454545454545453,lora_seed0,dmid,drift
237,0.8810408921933085,0.9142857142857143,0.6751054852320675,0.46875,lora_seed0,dmid,drift
238,0.8847583643122676,0.92,0.6764705882352942,0.45161290322580644,lora_seed0,dmid,drift
239,0.8884758364312267,0.9257142857142857,0.6778242677824268,0.43333333333333335,lora_seed0,dmid,drift
240,0.8921933085501859,0.9314285714285714,0.6791666666666667,0.41379310344827586,lora_seed0,dmid,drift
241,0.895910780669145,0.9314285714285714,0.6763485477178424,0.42857142857142855,lora_seed0,dmid,drift
242,0.8996282527881041,0.9314285714285714,0.6735537190082644,0.4444444444444444,lora_seed0,dmid,drift
243,0.9033457249070632,0.9314285714285714,0.6707818930041153,0.46153846153846156,lora_seed0,dmid,drift
244,0.9070631970260223,0.9314285714285714,0.6680327868852459,0.48,lora_seed0,dmid,drift
245,0.9107806691449815,0.9371428571428572,0.6693877551020408,0.4583333333333333,lora_seed0,dmid,drift
246,0.9144981412639405,0.9428571428571428,0.6707317073170732,0.43478260869565216,lora_seed0,dmid,drift
247,0.9182156133828996,0.9428571428571428,0.6680161943319838,0.45454545454545453,lora_seed0,dmid,drift
248,0.9219330855018587,0.9428571428571428,0.6653225806451613,0.47619047619047616,lora_seed0,dmid,drift
249,0.9256505576208178,0.9485714285714286,0.6666666666666666,0.45,lora_seed0,dmid,drift
250,0.929368029739777,0.9542857142857143,0.668,0.42105263157894735,lora_seed0,dmid,drift
251,0.9330855018587361,0.9542857142857143,0.6653386454183267,0.4444444444444444,lora_seed0,dmid,drift
252,0.9368029739776952,0.9542857142857143,0.6626984126984127,0.47058823529411764,lora_seed0,dmid,drift
253,0.9405204460966543,0.9542857142857143,0.6600790513833992,0.5,lora_seed0,dmid,drift
254,0.9442379182156134,0.96,0.6614173228346457,0.4666666666666667,lora_seed0,dmid,drift
255,0.9479553903345725,0.9657142857142857,0.6627450980392157,0.42857142857142855,lora_seed0,dmid,drift
256,0.9516728624535316,0.9657142857142857,0.66015625,0.46153846153846156,lora_seed0,dmid,drift
257,0.9553903345724907,0.9657142857142857,0.6575875486381323,0.5,lora_seed0,dmid,drift
258,0.9591078066914498,0.9657142857142857,0.6550387596899225,0.5454545454545454,lora_seed0,dmid,drift
259,0.9628252788104089,0.9714285714285714,0.6563706563706564,0.5,lora_seed0,dmid,drift
260,0.966542750929368,0.9771428571428571,0.6576923076923077,0.4444444444444444,lora_seed0,dmid,drift
261,0.9702602230483272,0.9771428571428571,0.6551724137931034,0.5,lora_seed0,dmid,drift
262,0.9739776951672863,0.9771428571428571,0.6526717557251909,0.5714285714285714,lora_seed0,dmid,drift
263,0.9776951672862454,0.9828571428571429,0.6539923954372624,0.5,lora_seed0,dmid,drift
264,0.9814126394052045,0.9885714285714285,0.6553030303030303,0.4,lora_seed0,dmid,drift
265,0.9851301115241635,0.9885714285714285,0.6528301886792452,0.5,lora_seed0,dmid,drift
266,0.9888475836431226,0.9942857142857143,0.6541353383458647,0.3333333333333333,lora_seed0,dmid,drift
267,0.9925650557620818,0.9942857142857143,0.651685393258427,0.5,lora_seed0,dmid,drift
268,0.9962825278810409,1.0,0.6529850746268657,0.0,lora_seed0,dmid,drift
269,1.0,1.0,0.6505576208178439,,lora_seed0,dmid,drift
0,0.0,0.0,,0.6505576208178439,lora_seed0,dmid,iou_pred
1,0.0037174721189591076,0.005714285714285714,1.0,0.6492537313432836,lora_seed0,dmid,iou_pred
2,0.007434944237918215,0.005714285714285714,0.5,0.651685393258427,lora_seed0,dmid,iou_pred
3,0.011152416356877323,0.011428571428571429,0.6666666666666666,0.650375939849624,lora_seed0,dmid,iou_pred
4,0.01486988847583643,0.011428571428571429,0.5,0.6528301886792452,lora_seed0,dmid,iou_pred
5,0.01858736059479554,0.011428571428571429,0.4,0.6553030303030303,lora_seed0,dmid,iou_pred
6,0.022304832713754646,0.017142857142857144,0.5,0.6539923954372624,lora_seed0,dmid,iou_pred
7,0.026022304832713755,0.022857142857142857,0.5714285714285714,0.6526717557251909,lora_seed0,dmid,iou_pred
8,0.02973977695167286,0.02857142857142857,0.625,0.6513409961685823,lora_seed0,dmid,iou_pred
9,0.03345724907063197,0.03428571428571429,0.6666666666666666,0.65,lora_seed0,dmid,iou_pred
10,0.03717472118959108,0.03428571428571429,0.6,0.6525096525096525,lora_seed0,dmid,iou_pred
11,0.040892193308550186,0.04,0.6363636363636364,0.6511627906976745,lora_seed0,dmid,iou_pred
12,0.04460966542750929,0.045714285714285714,0.6666666666666666,0.6498054474708171,lora_seed0,dmid,iou_pred
13,0.048327137546468404,0.05142857142857143,0.6923076923076923,0.6484375,lora_seed0,dmid,iou_pred
14,0.05204460966542751,0.05714285714285714,0.7142857142857143,0.6470588235294118,lora_seed0,dmid,iou_pred
15,0.055762081784386616,0.06285714285714286,0.7333333333333333,0.6456692913385826,lora_seed0,dmid,iou_pred
16,0.05947955390334572,0.06857142857142857,0.75,0.6442687747035574,lora_seed0,dmid,iou_pred
17,0.06319702602230483,0.07428571428571429,0.7647058823529411,0.6428571428571429,lora_seed0,dmid,iou_pred
18,0.06691449814126393,0.08,0.7777777777777778,0.6414342629482072,lora_seed0,dmid,iou_pred
19,0.07063197026022305,0.08571428571428572,0.7894736842105263,0.64,lora_seed0,dmid,iou_pred
20,0.07434944237918216,0.09142857142857143,0.8,0.6385542168674698,lora_seed0,dmid,iou_pred
21,0.07806691449814127,0.09142857142857143,0.7619047619047619,0.6411290322580645,lora_seed0,dmid,iou_pred
22,0.08178438661710037,0.09714285714285714,0.7727272727272727,0.6396761133603239,lora_seed0,dmid,iou_pred
23,0.08550185873605948,0.10285714285714286,0.782608695652174,0.6382113821138211,lora_seed0,dmid,iou_pred
24,0.08921933085501858,0.10857142857142857,0.7916666666666666,0.636734693877551,lora_seed0,dmid,iou_pred
25,0.09293680297397769,0.11428571428571428,0.8,0.6352459016393442,lora_seed0,dmid,iou_pred
26,0.09665427509293681,0.12,0.8076923076923077,0.6337448559670782,lora_seed0,dmid,iou_pred
27,0.10037174721189591,0.12,0.7777777777777778,0.6363636363636364,lora_seed0,dmid,iou_pred
28,0.10408921933085502,0.12571428571428572,0.7857142857142857,0.6348547717842323,lora_seed0,dmid,iou_pred
29,0.10780669144981413,0.13142857142857142,0.7931034482758621,0.6333333333333333,lora_seed0,dmid,iou_pred
30,0.11152416356877323,0.13714285714285715,0.8,0.6317991631799164,lora_seed0,dmid,iou_pred
31,0.11524163568773234,0.14285714285714285,0.8064516129032258,0.6302521008403361,lora_seed0,dmid,iou_pred
32,0.11895910780669144,0.14857142857142858,0.8125,0.6286919831223629,lora_seed0,dmid,iou_pred
33,0.12267657992565056,0.15428571428571428,0.8181818181818182,0.6271186440677966,lora_seed0,dmid,iou_pred
34,0.12639405204460966,0.15428571428571428,0.7941176470588235,0.6297872340425532,lora_seed0,dmid,iou_pred
35,0.13011152416356878,0.16,0.8,0.6282051282051282,lora_seed0,dmid,iou_pred
36,0.13382899628252787,0.16,0.7777777777777778,0.630901287553648,lora_seed0,dmid,iou_pred
37,0.137546468401487,0.1657142857142857,0.7837837837837838,0.6293103448275862,lora_seed0,dmid,iou_pred
38,0.1412639405204461,0.17142857142857143,0.7894736842105263,0.6277056277056277,lora_seed0,dmid,iou_pred
39,0.1449814126394052,0.17714285714285713,0.7948717948717948,0.6260869565217392,lora_seed0,dmid,iou_pred
40,0.14869888475836432,0.18285714285714286,0.8,0.6244541484716157,lora_seed0,dmid,iou_pred
41,0.1524163568773234,0.18285714285714286,0.7804878048780488,0.6271929824561403,lora_seed0,dmid,iou_pred
42,0.15613382899628253,0.18857142857142858,0.7857142857142857,0.6255506607929515,lora_seed0,dmid,iou_pred
43,0.15985130111524162,0.18857142857142858,0.7674418604651163,0.6283185840707964,lora_seed0,dmid,iou_pred
44,0.16356877323420074,0.19428571428571428,0.7727272727272727,0.6266666666666667,lora_seed0,dmid,iou_pred
45,0.16728624535315986,0.19428571428571428,0.7555555555555555,0.6294642857142857,lora_seed0,dmid,iou_pred
46,0.17100371747211895,0.19428571428571428,0.7391304347826086,0.6322869955156951,lora_seed0,dmid,iou_pred
47,0.17472118959107807,0.2,0.7446808510638298,0.6306306306306306,lora_seed0,dmid,iou_pred
48,0.17843866171003717,0.2057142857142857,0.75,0.6289592760180995,lora_seed0,dmid,iou_pred
49,0.1821561338289963,0.2057142857142857,0.7346938775510204,0.6318181818181818,lora_seed0,dmid,iou_pred
50,0.18587360594795538,0.21142857142857144,0.74,0.6301369863013698,lora_seed0,dmid,iou_pred
51,0.1895910780669145,0.21142857142857144,0.7254901960784313,0.6330275229357798,lora_seed0,dmid,iou_pred
52,0.19330855018587362,0.21714285714285714,0.7307692307692307,0.631336405529954,lora_seed0,dmid,iou_pred
53,0.1970260223048327,0.21714285714285714,0.7169811320754716,0.6342592592592593,lora_seed0,dmid,iou_pred
54,0.20074349442379183,0.22285714285714286,0.7222222222222222,0.6325581395348837,lora_seed0,dmid,iou_pred
55,0.20446096654275092,0.22857142857142856,0.7272727272727273,0.6308411214953271,lora_seed0,dmid,iou_pred
56,0.20817843866171004,0.2342857142857143,0.7321428571428571,0.6291079812206573,lora_seed0,dmid,iou_pred
57,0.21189591078066913,0.24,0.7368421052631579,0.6273584905660378,lora_seed0,dmid,iou_pred
58,0.21561338289962825,0.24571428571428572,0.7413793103448276,0.6255924170616114,lora_seed0,dmid,iou_pred
59,0.21933085501858737,0.25142857142857145,0.7457627118644068,0.6238095238095238,lora_seed0,dmid,iou_pred
60,0.22304832713754646,0.25142857142857145,0.7333333333333333,0.6267942583732058,lora_seed0,dmid,iou_pred
61,0.22676579925650558,0.2571428571428571,0.7377049180327869,0.625,lora_seed0,dmid,iou_pred
62,0.23048327137546468,0.2571428571428571,0.7258064516129032,0.6280193236714976,lora_seed0,dmid,iou_pred
63,0.2342007434944238,0.26285714285714284,0.7301587301587301,0.6262135922330098,lora_seed0,dmid,iou_pred
64,0.2379182156133829,0.26285714285714284,0.71875,0.6292682926829268,lora_seed0,dmid,iou_pred
65,0.241635687732342,0.26857142857142857,0.7230769230769231,0.6274509803921569,lora_seed0,dmid,iou_pred
66,0.24535315985130113,0.2742857142857143,0.7272727272727273,0.625615763546798,lora_seed0,dmid,iou_pred
67,0.24907063197026022,0.28,0.7313432835820896,0.6237623762376238,lora_seed0,dmid,iou_pred
68,0.2527881040892193,0.2857142857142857,0.7352941176470589,0.6218905472636815,lora_seed0,dmid,iou_pred
69,0.25650557620817843,0.2857142857142857,0.7246376811594203,0.625,lora_seed0,dmid,iou_pred
70,0.26022304832713755,0.2914285714285714,0.7285714285714285,0.6231155778894473,lora_seed0,dmid,iou_pred
71,0.26394052044609667,0.29714285714285715,0.7323943661971831,0.6212121212121212,lora_seed0,dmid,iou_pred
72,0.26765799256505574,0.29714285714285715,0.7222222222222222,0.6243654822335025,lora_seed0,dmid,iou_pred
73,0.27137546468401486,0.3028571428571429,0.726027397260274,0.6224489795918368,lora_seed0,dmid,iou_pred
74,0.275092936802974,0.30857142857142855,0.7297297297297297,0.6205128205128205,lora_seed0,dmid,iou_pred
75,0.2788104089219331,0.3142857142857143,0.7333333333333333,0.6185567010309279,lora_seed0,dmid,iou_pred
76,0.2825278810408922,0.3142857142857143,0.7236842105263158,0.6217616580310881,lora_seed0,dmid,iou_pred
77,0.2862453531598513,0.32,0.7272727272727273,0.6197916666666666,lora_seed0,dmid,iou_pred
78,0.2899628252788104,0.32571428571428573,0.7307692307692307,0.6178010471204188,lora_seed0,dmid,iou_pred
79,0.2936802973977695,0.3314285714285714,0.7341772151898734,0.6157894736842106,lora_seed0,dmid,iou_pred
80,0.29739776951672864,0.33714285714285713,0.7375,0.6137566137566137,lora_seed0,dmid,iou_pred
81,0.30111524163568776,0.34285714285714286,0.7407407407407407,0.6117021276595744,lora_seed0,dmid,iou_pred
82,0.3048327137546468,0.3485714285714286,0.7439024390243902,0.6096256684491979,lora_seed0,dmid,iou_pred
83,0.30855018587360594,0.3485714285714286,0.7349397590361446,0.6129032258064516,lora_seed0,dmid,iou_pred
84,0.31226765799256506,0.35428571428571426,0.7380952380952381,0.6108108108108108,lora_seed0,dmid,iou_pred
85,0.3159851301115242,0.36,0.7411764705882353,0.6086956521739131,lora_seed0,dmid,iou_pred
86,0.31970260223048325,0.3657142857142857,0.7441860465116279,0.6065573770491803,lora_seed0,dmid,iou_pred
87,0.32342007434944237,0.37142857142857144,0.7471264367816092,0.6043956043956044,lora_seed0,dmid,iou_pred
88,0.3271375464684015,0.37142857142857144,0.7386363636363636,0.6077348066298343,lora_seed0,dmid,iou_pred
89,0.3308550185873606,0.37142857142857144,0.7303370786516854,0.6111111111111112,lora_seed0,dmid,iou_pred
90,0.3345724907063197,0.37142857142857144,0.7222222222222222,0.6145251396648045,lora_seed0,dmid,iou_pred
91,0.3382899628252788,0.37714285714285717,0.7252747252747253,0.6123595505617978,lora_seed0,dmid,iou_pred
92,0.3420074349442379,0.38285714285714284,0.7282608695652174,0.6101694915254238,lora_seed0,dmid,iou_pred
93,0.34572490706319703,0.38285714285714284,0.7204301075268817,0.6136363636363636,lora_seed0,dmid,iou_pred
94,0.34944237918215615,0.38857142857142857,0.723404255319149,0.6114285714285714,lora_seed0,dmid,iou_pred
95,0.35315985130111527,0.3942857142857143,0.7263157894736842,0.6091954022988506,lora_seed0,dmid,iou_pred
96,0.35687732342007433,0.4,0.7291666666666666,0.6069364161849711,lora_seed0,dmid,iou_pred
97,0.36059479553903345,0.4057142857142857,0.7319587628865979,0.6046511627906976,lora_seed0,dmid,iou_pred
98,0.3643122676579926,0.4114285714285714,0.7346938775510204,0.6023391812865497,lora_seed0,dmid,iou_pred
99,0.3680297397769517,0.41714285714285715,0.7373737373737373,0.6,lora_seed0,dmid,iou_pred
100,0.37174721189591076,0.4228571428571429,0.74,0.5976331360946746,lora_seed0,dmid,iou_pred
101,0.3754646840148699,0.42857142857142855,0.7425742574257426,0.5952380952380952,lora_seed0,dmid,iou_pred
102,0.379182156133829,0.42857142857142855,0.7352941176470589,0.5988023952095808,lora_seed0,dmid,iou_pred
103,0.3828996282527881,0.4342857142857143,0.7378640776699029,0.5963855421686747,lora_seed0,dmid,iou_pred
104,0.38661710037174724,0.44,0.7403846153846154,0.593939393939394,lora_seed0,dmid,iou_pred
105,0.3903345724907063,0.44571428571428573,0.7428571428571429,0.5914634146341463,lora_seed0,dmid,iou_pred
106,0.3940520446096654,0.4514285714285714,0.7452830188679245,0.588957055214724,lora_seed0,dmid,iou_pred
107,0.39776951672862454,0.45714285714285713,0.7476635514018691,0.5864197530864198,lora_seed0,dmid,iou_pred
108,0.40148698884758366,0.46285714285714286,0.75,0.5838509316770186,lora_seed0,dmid,iou_pred
109,0.4052044609665427,0.4685714285714286,0.7522935779816514,0.58125,lora_seed0,dmid,iou_pred
110,0.40892193308550184,0.4742857142857143,0.7545454545454545,0.5786163522012578,lora_seed0,dmid,iou_pred
111,0.41263940520446096,0.4742857142857143,0.7477477477477478,0.5822784810126582,lora_seed0,dmid,iou_pred
112,0.4163568773234201,0.48,0.75,0.5796178343949044,lora_seed0,dmid,iou_pred
113,0.4200743494423792,0.4857142857142857,0.7522123893805309,0.5769230769230769,lora_seed0,dmid,iou_pred
114,0.42379182156133827,0.49142857142857144,0.7543859649122807,0.5741935483870968,lora_seed0,dmid,iou_pred
115,0.4275092936802974,0.49714285714285716,0.7565217391304347,0.5714285714285714,lora_seed0,dmid,iou_pred
116,0.4312267657992565,0.5028571428571429,0.7586206896551724,0.5686274509803921,lora_seed0,dmid,iou_pred
117,0.4349442379182156,0.5085714285714286,0.7606837606837606,0.5657894736842105,lora_seed0,dmid,iou_pred
118,0.43866171003717475,0.5142857142857142,0.7627118644067796,0.5629139072847682,lora_seed0,dmid,iou_pred
119,0.4423791821561338,0.52,0.7647058823529411,0.56,lora_seed0,dmid,iou_pred
120,0.44609665427509293,0.5257142857142857,0.7666666666666667,0.5570469798657718,lora_seed0,dmid,iou_pred
121,0.44981412639405205,0.5257142857142857,0.7603305785123967,0.5608108108108109,lora_seed0,dmid,iou_pred
122,0.45353159851301117,0.5314285714285715,0.7622950819672131,0.5578231292517006,lora_seed0,dmid,iou_pred
123,0.45724907063197023,0.5314285714285715,0.7560975609756098,0.5616438356164384,lora_seed0,dmid,iou_pred
124,0.46096654275092935,0.5314285714285715,0.75,0.5655172413793104,lora_seed0,dmid,iou_pred
125,0.4646840148698885,0.5314285714285715,0.744,0.5694444444444444,lora_seed0,dmid,iou_pred
126,0.4684014869888476,0.5371428571428571,0.746031746031746,0.5664335664335665,lora_seed0,dmid,iou_pred
127,0.4721189591078067,0.5428571428571428,0.7480314960629921,0.5633802816901409,lora_seed0,dmid,iou_pred
128,0.4758364312267658,0.5485714285714286,0.75,0.5602836879432624,lora_seed0,dmid,iou_pred
129,0.4795539033457249,0.5542857142857143,0.751937984496124,0.5571428571428572,lora_seed0,dmid,iou_pred
130,0.483271375464684,0.56,0.7538461538461538,0.5539568345323741,lora_seed0,dmid,iou_pred
131,0.48698884758364314,0.56,0.7480916030534351,0.5579710144927537,lora_seed0,dmid,iou_pred
132,0.49070631970260226,0.5657142857142857,0.75,0.5547445255474452,lora_seed0,dmid,iou_pred
133,0.4944237918215613,0.5714285714285714,0.7518796992481203,0.5514705882352942,lora_seed0,dmid,iou_pred
134,0.49814126394052044,0.5771428571428572,0.753731343283582,0.5481481481481482,lora_seed0,dmid,iou_pred
135,0.5018587360594795,0.5771428571428572,0.7481481481481481,0.5522388059701493,lora_seed0,dmid,iou_pred
136,0.5055762081784386,0.5771428571428572,0.7426470588235294,0.556390977443609,lora_seed0,dmid,iou_pred
137,0.5092936802973977,0.5828571428571429,0.7445255474452555,0.553030303030303,lora_seed0,dmid,iou_pred
138,0.5130111524163569,0.5828571428571429,0.7391304347826086,0.5572519083969466,lora_seed0,dmid,iou_pred
139,0.516728624535316,0.5828571428571429,0.7338129496402878,0.5615384615384615,lora_seed0,dmid,iou_pred
140,0.5204460966542751,0.5885714285714285,0.7357142857142858,0.5581395348837209,lora_seed0,dmid,iou_pred
141,0.5241635687732342,0.5942857142857143,0.7375886524822695,0.5546875,lora_seed0,dmid,iou_pred
142,0.5278810408921933,0.5942857142857143,0.7323943661971831,0.5590551181102362,lora_seed0,dmid,iou_pred
143,0.5315985130111525,0.6,0.7342657342657343,0.5555555555555556,lora_seed0,dmid,iou_pred
144,0.5353159851301115,0.6,0.7291666666666666,0.56,lora_seed0,dmid,iou_pred
145,0.5390334572490706,0.6057142857142858,0.7310344827586207,0.5564516129032258,lora_seed0,dmid,iou_pred
146,0.5427509293680297,0.6057142857142858,0.726027397260274,0.5609756097560976,lora_seed0,dmid,iou_pred
147,0.5464684014869888,0.6057142857142858,0.7210884353741497,0.5655737704918032,lora_seed0,dmid,iou_pred
148,0.550185873605948,0.6057142857142858,0.7162162162162162,0.5702479338842975,lora_seed0,dmid,iou_pred
149,0.5539033457249071,0.6114285714285714,0.7181208053691275,0.5666666666666667,lora_seed0,dmid,iou_pred
150,0.5576208178438662,0.6114285714285714,0.7133333333333334,0.5714285714285714,lora_seed0,dmid,iou_pred
151,0.5613382899628253,0.6114285714285714,0.7086092715231788,0.576271186440678,lora_seed0,dmid,iou_pred
152,0.5650557620817844,0.6114285714285714,0.7039473684210527,0.5811965811965812,lora_seed0,dmid,iou_pred
153,0.5687732342007435,0.6114285714285714,0.6993464052287581,0.5862068965517241,lora_seed0,dmid,iou_pred
154,0.5724907063197026,0.6171428571428571,0.7012987012987013,0.5826086956521739,lora_seed0,dmid,iou_pred
155,0.5762081784386617,0.6228571428571429,0.7032258064516129,0.5789473684210527,lora_seed0,dmid,iou_pred
156,0.5799256505576208,0.6228571428571429,0.6987179487179487,0.584070796460177,lora_seed0,dmid,iou_pred
157,0.5836431226765799,0.6285714285714286,0.7006369426751592,0.5803571428571429,lora_seed0,dmid,iou_pred
158,0.587360594795539,0.6342857142857142,0.7025316455696202,0.5765765765765766,lora_seed0,dmid,iou_pred
159,0.5910780669144982,0.6342857142857142,0.6981132075471698,0.5818181818181818,lora_seed0,dmid,iou_pred
160,0.5947955390334573,0.64,0.7,0.5779816513761468,lora_seed0,dmid,iou_pred
161,0.5985130111524164,0.6457142857142857,0.7018633540372671,0.5740740740740741,lora_seed0,dmid,iou_pred
162,0.6022304832713755,0.6514285714285715,0.7037037037037037,0.5700934579439252,lora_seed0,dmid,iou_pred
163,0.6059479553903345,0.6571428571428571,0.7055214723926381,0.5660377358490566,lora_seed0,dmid,iou_pred
164,0.6096654275092936,0.6571428571428571,0.7012195121951219,0.5714285714285714,lora_seed0,dmid,iou_pred
165,0.6133828996282528,0.6628571428571428,0.703030303030303,0.5673076923076923,lora_seed0,dmid,iou_pred
166,0.6171003717472119,0.6685714285714286,0.7048192771084337,0.5631067961165048,lora_seed0,dmid,iou_pred
167,0.620817843866171,0.6742857142857143,0.7065868263473054,0.5588235294117647,lora_seed0,dmid,iou_pred
168,0.6245353159851301,0.6742857142857143,0.7023809523809523,0.5643564356435643,lora_seed0,dmid,iou_pred
169,0.6282527881040892,0.6742857142857143,0.6982248520710059,0.57,lora_seed0,dmid,iou_pred
170,0.6319702602230484,0.68,0.7,0.5656565656565656,lora_seed0,dmid,iou_pred
171,0.6356877323420075,0.6857142857142857,0.7017543859649122,0.5612244897959183,lora_seed0,dmid,iou_pred
172,0.6394052044609665,0.6914285714285714,0.7034883720930233,0.5567010309278351,lora_seed0,dmid,iou_pred
173,0.6431226765799256,0.6971428571428572,0.7052023121387283,0.5520833333333334,lora_seed0,dmid,iou_pred
174,0.6468401486988847,0.7028571428571428,0.7068965517241379,0.5473684210526316,lora_seed0,dmid,iou_pred
175,0.6505576208178439,0.7028571428571428,0.7028571428571428,0.5531914893617021,lora_seed0,dmid,iou_pred
176,0.654275092936803,0.7085714285714285,0.7045454545454546,0.5483870967741935,lora_seed0,dmid,iou_pred
177,0.6579925650557621,0.7142857142857143,0.7062146892655368,0.5434782608695652,lora_seed0,dmid,iou_pred
178,0.6617100371747212,0.72,0.7078651685393258,0.5384615384615384,lora_seed0,dmid,iou_pred
179,0.6654275092936803,0.72,0.7039106145251397,0.5444444444444444,lora_seed0,dmid,iou_pred
180,0.6691449814126395,0.7257142857142858,0.7055555555555556,0.5393258426966292,lora_seed0,dmid,iou_pred
181,0.6728624535315985,0.7314285714285714,0.7071823204419889,0.5340909090909091,lora_seed0,dmid,iou_pred
182,0.6765799256505576,0.7371428571428571,0.7087912087912088,0.5287356321839081,lora_seed0,dmid,iou_pred
183,0.6802973977695167,0.7428571428571429,0.7103825136612022,0.5232558139534884,lora_seed0,dmid,iou_pred
184,0.6840148698884758,0.7485714285714286,0.7119565217391305,0.5176470588235295,lora_seed0,dmid,iou_pred
185,0.6877323420074349,0.7542857142857143,0.7135135135135136,0.5119047619047619,lora_seed0,dmid,iou_pred
186,0.6914498141263941,0.7542857142857143,0.7096774193548387,0.5180722891566265,lora_seed0,dmid,iou_pred
187,0.6951672862453532,0.76,0.7112299465240641,0.5121951219512195,lora_seed0,dmid,iou_pred
188,0.6988847583643123,0.7657142857142857,0.7127659574468085,0.5061728395061729,lora_seed0,dmid,iou_pred
189,0.7026022304832714,0.7714285714285715,0.7142857142857143,0.5,lora_seed0,dmid,iou_pred
190,0.7063197026022305,0.7771428571428571,0.7157894736842105,0.4936708860759494,lora_seed0,dmid,iou_pred
191,0.7100371747211895,0.7828571428571428,0.7172774869109948,0.48717948717948717,lora_seed0,dmid,iou_pred
192,0.7137546468401487,0.7885714285714286,0.71875,0.4805194805194805,lora_seed0,dmid,iou_pred
193,0.7174721189591078,0.7885714285714286,0.7150259067357513,0.4868421052631579,lora_seed0,dmid,iou_pred
194,0.7211895910780669,0.7885714285714286,0.711340206185567,0.49333333333333335,lora_seed0,dmid,iou_pred
195,0.724907063197026,0.7885714285714286,0.7076923076923077,0.5,lora_seed0,dmid,iou_pred
196,0.7286245353159851,0.7885714285714286,0.7040816326530612,0.5068493150684932,lora_seed0,dmid,iou_pred
197,0.7323420074349443,0.7885714285714286,0.700507614213198,0.5138888888888888,lora_seed0,dmid,iou_pred
198,0.7360594795539034,0.7885714285714286,0.696969696969697,0.5211267605633803,lora_seed0,dmid,iou_pred
199,0.7397769516728625,0.7885714285714286,0.6934673366834171,0.5285714285714286,lora_seed0,dmid,iou_pred
200,0.7434944237918215,0.7942857142857143,0.695,0.5217391304347826,lora_seed0,dmid,iou_pred
201,0.7472118959107806,0.7942857142857143,0.6915422885572139,0.5294117647058824,lora_seed0,dmid,iou_pred
202,0.7509293680297398,0.8,0.693069306930693,0.5223880597014925,lora_seed0,dmid,iou_pred
203,0.7546468401486989,0.8,0.6896551724137931,0.5303030303030303,lora_seed0,dmid,iou_pred
204,0.758364312267658,0.8057142857142857,0.6911764705882353,0.5230769230769231,lora_seed0,dmid,iou_pred
205,0.7620817843866171,0.8114285714285714,0.6926829268292682,0.515625,lora_seed0,dmid,iou_pred
206,0.7657992565055762,0.8114285714285714,0.6893203883495146,0.5238095238095238,lora_seed0,dmid,iou_pred
207,0.7695167286245354,0.8171428571428572,0.6908212560386473,0.5161290322580645,lora_seed0,dmid,iou_pred
208,0.7732342007434945,0.8228571428571428,0.6923076923076923,0.5081967213114754,lora_seed0,dmid,iou_pred
209,0.7769516728624535,0.8228571428571428,0.6889952153110048,0.5166666666666667,lora_seed0,dmid,iou_pred
210,0.7806691449814126,0.8228571428571428,0.6857142857142857,0.5254237288135594,lora_seed0,dmid,iou_pred
211,0.7843866171003717,0.8228571428571428,0.6824644549763034,0.5344827586206896,lora_seed0,dmid,iou_pred
212,0.7881040892193308,0.8228571428571428,0.6792452830188679,0.543859649122807,lora_seed0,dmid,iou_pred
213,0.79182156133829,0.8228571428571428,0.676056338028169,0.5535714285714286,lora_seed0,dmid,iou_pred
214,0.7955390334572491,0.8285714285714286,0.677570093457944,0.5454545454545454,lora_seed0,dmid,iou_pred
215,0.7992565055762082,0.8342857142857143,0.6790697674418604,0.5370370370370371,lora_seed0,dmid,iou_pred
216,0.8029739776951673,0.84,0.6805555555555556,0.5283018867924528,lora_seed0,dmid,iou_pred
217,0.8066914498141264,0.84,0.6774193548387096,0.5384615384615384,lora_seed0,dmid,iou_pred
218,0.8104089219330854,0.84,0.6743119266055045,0.5490196078431373,lora_seed0,dmid,iou_pred
219,0.8141263940520446,0.84,0.6712328767123288,0.56,lora_seed0,dmid,iou_pred
220,0.8178438661710037,0.8457142857142858,0.6727272727272727,0.5510204081632653,lora_seed0,dmid,iou_pred
221,0.8215613382899628,0.8457142857142858,0.669683257918552,0.5625,lora_seed0,dmid,iou_pred
222,0.8252788104089219,0.8514285714285714,0.6711711711711712,0.5531914893617021,lora_seed0,dmid,iou_pred
223,0.828996282527881,0.8514285714285714,0.6681614349775785,0.5652173913043478,lora_seed0,dmid,iou_pred
224,0.8327137546468402,0.8514285714285714,0.6651785714285714,0.5777777777777777,lora_seed0,dmid,iou_pred
225,0.8364312267657993,0.8514285714285714,0.6622222222222223,0.5909090909090909,lora_seed0,dmid,iou_pred
226,0.8401486988847584,0.8571428571428571,0.6637168141592921,0.5813953488372093,lora_seed0,dmid,iou_pred
227,0.8438661710037175,0.8571428571428571,0.6607929515418502,0.5952380952380952,lora_seed0,dmid,iou_pred
228,0.8475836431226765,0.8628571428571429,0.6622807017543859,0.5853658536585366,lora_seed0,dmid,iou_pred
229,0.8513011152416357,0.8685714285714285,0.6637554585152838,0.575,lora_seed0,dmid,iou_pred
230,0.8550185873605948,0.8742857142857143,0.6652173913043479,0.5641025641025641,lora_seed0,dmid,iou_pred
231,0.8587360594795539,0.8742857142857143,0.6623376623376623,0.5789473684210527,lora_seed0,dmid,iou_pred
232,0.862453531598513,0.88,0.6637931034482759,0.5675675675675675,lora_seed0,dmid,iou_pred
233,0.8661710037174721,0.88,0.6609442060085837,0.5833333333333334,lora_seed0,dmid,iou_pred
234,0.8698884758364313,0.8857142857142857,0.6623931623931624,0.5714285714285714,lora_seed0,dmid,iou_pred
235,0.8736059479553904,0.8857142857142857,0.6595744680851063,0.5882352941176471,lora_seed0,dmid,iou_pred
236,0.8773234200743495,0.8857142857142857,0.6567796610169492,0.6060606060606061,lora_seed0,dmid,iou_pred
237,0.8810408921933085,0.8857142857142857,0.6540084388185654,0.625,lora_seed0,dmid,iou_pred
238,0.8847583643122676,0.8857142857142857,0.6512605042016807,0.6451612903225806,lora_seed0,dmid,iou_pred
239,0.8884758364312267,0.8914285714285715,0.6527196652719666,0.6333333333333333,lora_seed0,dmid,iou_pred
240,0.8921933085501859,0.8971428571428571,0.6541666666666667,0.6206896551724138,lora_seed0,dmid,iou_pred
241,0.895910780669145,0.9028571428571428,0.6556016597510373,0.6071428571428571,lora_seed0,dmid,iou_pred
242,0.8996282527881041,0.9028571428571428,0.6528925619834711,0.6296296296296297,lora_seed0,dmid,iou_pred
243,0.9033457249070632,0.9085714285714286,0.654320987654321,0.6153846153846154,lora_seed0,dmid,iou_pred
244,0.9070631970260223,0.9142857142857143,0.6557377049180327,0.6,lora_seed0,dmid,iou_pred
245,0.9107806691449815,0.9142857142857143,0.6530612244897959,0.625,lora_seed0,dmid,iou_pred
246,0.9144981412639405,0.92,0.6544715447154471,0.6086956521739131,lora_seed0,dmid,iou_pred
247,0.9182156133828996,0.9257142857142857,0.6558704453441295,0.5909090909090909,lora_seed0,dmid,iou_pred
248,0.9219330855018587,0.9257142857142857,0.6532258064516129,0.6190476190476191,lora_seed0,dmid,iou_pred
249,0.9256505576208178,0.9257142857142857,0.6506024096385542,0.65,lora_seed0,dmid,iou_pred
250,0.929368029739777,0.9314285714285714,0.652,0.631578947368421,lora_seed0,dmid,iou_pred
251,0.9330855018587361,0.9314285714285714,0.649402390438247,0.6666666666666666,lora_seed0,dmid,iou_pred
252,0.9368029739776952,0.9314285714285714,0.6468253968253969,0.7058823529411765,lora_seed0,dmid,iou_pred
253,0.9405204460966543,0.9314285714285714,0.6442687747035574,0.75,lora_seed0,dmid,iou_pred
254,0.9442379182156134,0.9371428571428572,0.6456692913385826,0.7333333333333333,lora_seed0,dmid,iou_pred
255,0.9479553903345725,0.9428571428571428,0.6470588235294118,0.7142857142857143,lora_seed0,dmid,iou_pred
256,0.9516728624535316,0.9485714285714286,0.6484375,0.6923076923076923,lora_seed0,dmid,iou_pred
257,0.9553903345724907,0.9542857142857143,0.6498054474708171,0.6666666666666666,lora_seed0,dmid,iou_pred
258,0.9591078066914498,0.9542857142857143,0.6472868217054264,0.7272727272727273,lora_seed0,dmid,iou_pred
259,0.9628252788104089,0.96,0.6486486486486487,0.7,lora_seed0,dmid,iou_pred
260,0.966542750929368,0.96,0.6461538461538462,0.7777777777777778,lora_seed0,dmid,iou_pred
261,0.9702602230483272,0.9657142857142857,0.6475095785440613,0.75,lora_seed0,dmid,iou_pred
262,0.9739776951672863,0.9714285714285714,0.648854961832061,0.7142857142857143,lora_seed0,dmid,iou_pred
263,0.9776951672862454,0.9714285714285714,0.6463878326996197,0.8333333333333334,lora_seed0,dmid,iou_pred
264,0.9814126394052045,0.9771428571428571,0.6477272727272727,0.8,lora_seed0,dmid,iou_pred
265,0.9851301115241635,0.9771428571428571,0.6452830188679245,1.0,lora_seed0,dmid,iou_pred
266,0.9888475836431226,0.9828571428571429,0.6466165413533834,1.0,lora_seed0,dmid,iou_pred
267,0.9925650557620818,0.9885714285714285,0.6479400749063671,1.0,lora_seed0,dmid,iou_pred
268,0.9962825278810409,0.9942857142857143,0.6492537313432836,1.0,lora_seed0,dmid,iou_pred
269,1.0,1.0,0.6505576208178439,,lora_seed0,dmid,iou_pred
0,0.0,0.0,,0.19330855018587362,lora_encoder_only_r28_all_seed0,dmid,drift
1,0.0037174721189591076,0.0,0.0,0.19402985074626866,lora_encoder_only_r28_all_seed0,dmid,drift
2,0.007434944237918215,0.0,0.0,0.1947565543071161,lora_encoder_only_r28_all_seed0,dmid,drift
3,0.011152416356877323,0.019230769230769232,0.3333333333333333,0.19172932330827067,lora_encoder_only_r28_all_seed0,dmid,drift
4,0.01486988847583643,0.019230769230769232,0.25,0.19245283018867926,lora_encoder_only_r28_all_seed0,dmid,drift
5,0.01858736059479554,0.019230769230769232,0.2,0.19318181818181818,lora_encoder_only_r28_all_seed0,dmid,drift
6,0.022304832713754646,0.019230769230769232,0.16666666666666666,0.19391634980988592,lora_encoder_only_r28_all_seed0,dmid,drift
7,0.026022304832713755,0.019230769230769232,0.14285714285714285,0.1946564885496183,lora_encoder_only_r28_all_seed0,dmid,drift
8,0.02973977695167286,0.019230769230769232,0.125,0.19540229885057472,lora_encoder_only_r28_all_seed0,dmid,drift
9,0.03345724907063197,0.038461538461538464,0.2222222222222222,0.19230769230769232,lora_encoder_only_r28_all_seed0,dmid,drift
10,0.03717472118959108,0.038461538461538464,0.2,0.19305019305019305,lora_encoder_only_r28_all_seed0,dmid,drift
11,0.040892193308550186,0.057692307692307696,0.2727272727272727,0.18992248062015504,lora_encoder_only_r28_all_seed0,dmid,drift
12,0.04460966542750929,0.07692307692307693,0.3333333333333333,0.1867704280155642,lora_encoder_only_r28_all_seed0,dmid,drift
13,0.048327137546468404,0.09615384615384616,0.38461538461538464,0.18359375,lora_encoder_only_r28_all_seed0,dmid,drift
14,0.05204460966542751,0.11538461538461539,0.42857142857142855,0.1803921568627451,lora_encoder_only_r28_all_seed0,dmid,drift
15,0.055762081784386616,0.11538461538461539,0.4,0.18110236220472442,lora_encoder_only_r28_all_seed0,dmid,drift
16,0.05947955390334572,0.11538461538461539,0.375,0.18181818181818182,lora_encoder_only_r28_all_seed0,dmid,drift
17,0.06319702602230483,0.11538461538461539,0.35294117647058826,0.18253968253968253,lora_encoder_only_r28_all_seed0,dmid,drift
18,0.06691449814126393,0.11538461538461539,0.3333333333333333,0.18326693227091634,lora_encoder_only_r28_all_seed0,dmid,drift
19,0.07063197026022305,0.11538461538461539,0.3157894736842105,0.184,lora_encoder_only_r28_all_seed0,dmid,drift
20,0.07434944237918216,0.1346153846153846,0.35,0.18072289156626506,lora_encoder_only_r28_all_seed0,dmid,drift
21,0.07806691449814127,0.15384615384615385,0.38095238095238093,0.1774193548387097,lora_encoder_only_r28_all_seed0,dmid,drift
22,0.08178438661710037,0.15384615384615385,0.36363636363636365,0.17813765182186234,lora_encoder_only_r28_all_seed0,dmid,drift
23,0.08550185873605948,0.17307692307692307,0.391304347826087,0.17479674796747968,lora_encoder_only_r28_all_seed0,dmid,drift
24,0.08921933085501858,0.17307692307692307,0.375,0.17551020408163265,lora_encoder_only_r28_all_seed0,dmid,drift
25,0.09293680297397769,0.17307692307692307,0.36,0.1762295081967213,lora_encoder_only_r28_all_seed0,dmid,drift
26,0.09665427509293681,0.17307692307692307,0.34615384615384615,0.17695473251028807,lora_encoder_only_r28_all_seed0,dmid,drift
27,0.10037174721189591,0.19230769230769232,0.37037037037037035,0.17355371900826447,lora_encoder_only_r28_all_seed0,dmid,drift
28,0.10408921933085502,0.19230769230769232,0.35714285714285715,0.17427385892116182,lora_encoder_only_r28_all_seed0,dmid,drift
29,0.10780669144981413,0.19230769230769232,0.3448275862068966,0.175,lora_encoder_only_r28_all_seed0,dmid,drift
30,0.11152416356877323,0.21153846153846154,0.36666666666666664,0.17154811715481172,lora_encoder_only_r28_all_seed0,dmid,drift
31,0.11524163568773234,0.23076923076923078,0.3870967741935484,0.16806722689075632,lora_encoder_only_r28_all_seed0,dmid,drift
32,0.11895910780669144,0.23076923076923078,0.375,0.16877637130801687,lora_encoder_only_r28_all_seed0,dmid,drift
33,0.12267657992565056,0.25,0.3939393939393939,0.1652542372881356,lora_encoder_only_r28_all_seed0,dmid,drift
34,0.12639405204460966,0.25,0.38235294117647056,0.16595744680851063,lora_encoder_only_r28_all_seed0,dmid,drift
35,0.13011152416356878,0.2692307692307692,0.4,0.1623931623931624,lora_encoder_only_r28_all_seed0,dmid,drift
36,0.13382899628252787,0.2692307692307692,0.3888888888888889,0.1630901287553648,lora_encoder_only_r28_all_seed0,dmid,drift
37,0.137546468401487,0.28846153846153844,0.40540540540540543,0.15948275862068967,lora_encoder_only_r28_all_seed0,dmid,drift
38,0.1412639405204461,0.28846153846153844,0.39473684210526316,0.16017316017316016,lora_encoder_only_r28_all_seed0,dmid,drift
39,0.1449814126394052,0.3076923076923077,0.41025641025641024,0.1565217391304348,lora_encoder_only_r28_all_seed0,dmid,drift
40,0.14869888475836432,0.3076923076923077,0.4,0.1572052401746725,lora_encoder_only_r28_all_seed0,dmid,drift
41,0.1524163568773234,0.3269230769230769,0.4146341463414634,0.15350877192982457,lora_encoder_only_r28_all_seed0,dmid,drift
42,0.15613382899628253,0.3269230769230769,0.40476190476190477,0.15418502202643172,lora_encoder_only_r28_all_seed0,dmid,drift
43,0.15985130111524162,0.3269230769230769,0.3953488372093023,0.15486725663716813,lora_encoder_only_r28_all_seed0,dmid,drift
44,0.16356877323420074,0.3269230769230769,0.38636363636363635,0.15555555555555556,lora_encoder_only_r28_all_seed0,dmid,drift
45,0.16728624535315986,0.3269230769230769,0.37777777777777777,0.15625,lora_encoder_only_r28_all_seed0,dmid,drift
46,0.17100371747211895,0.34615384615384615,0.391304347826087,0.15246636771300448,lora_encoder_only_r28_all_seed0,dmid,drift
47,0.17472118959107807,0.34615384615384615,0.3829787234042553,0.15315315315315314,lora_encoder_only_r28_all_seed0,dmid,drift
48,0.17843866171003717,0.34615384615384615,0.375,0.15384615384615385,lora_encoder_only_r28_all_seed0,dmid,drift
49,0.1821561338289963,0.34615384615384615,0.3673469387755102,0.15454545454545454,lora_encoder_only_r28_all_seed0,dmid,drift
50,0.18587360594795538,0.34615384615384615,0.36,0.1552511415525114,lora_encoder_only_r28_all_seed0,dmid,drift
51,0.1895910780669145,0.36538461538461536,0.37254901960784315,0.15137614678899083,lora_encoder_only_r28_all_seed0,dmid,drift
52,0.19330855018587362,0.38461538461538464,0.38461538461538464,0.14746543778801843,lora_encoder_only_r28_all_seed0,dmid,drift
53,0.1970260223048327,0.40384615384615385,0.39622641509433965,0.14351851851851852,lora_encoder_only_r28_all_seed0,dmid,drift
54,0.20074349442379183,0.40384615384615385,0.3888888888888889,0.14418604651162792,lora_encoder_only_r28_all_seed0,dmid,drift
55,0.20446096654275092,0.40384615384615385,0.38181818181818183,0.14485981308411214,lora_encoder_only_r28_all_seed0,dmid,drift
56,0.20817843866171004,0.40384615384615385,0.375,0.14553990610328638,lora_encoder_only_r28_all_seed0,dmid,drift
57,0.21189591078066913,0.40384615384615385,0.3684210526315789,0.14622641509433962,lora_encoder_only_r28_all_seed0,dmid,drift
58,0.21561338289962825,0.40384615384615385,0.3620689655172414,0.14691943127962084,lora_encoder_only_r28_all_seed0,dmid,drift
59,0.21933085501858737,0.40384615384615385,0.3559322033898305,0.14761904761904762,lora_encoder_only_r28_all_seed0,dmid,drift
60,0.22304832713754646,0.40384615384615385,0.35,0.14832535885167464,lora_encoder_only_r28_all_seed0,dmid,drift
61,0.22676579925650558,0.40384615384615385,0.3442622950819672,0.14903846153846154,lora_encoder_only_r28_all_seed0,dmid,drift
62,0.23048327137546468,0.40384615384615385,0.3387096774193548,0.1497584541062802,lora_encoder_only_r28_all_seed0,dmid,drift
63,0.2342007434944238,0.40384615384615385,0.3333333333333333,0.15048543689320387,lora_encoder_only_r28_all_seed0,dmid,drift
64,0.2379182156133829,0.40384615384615385,0.328125,0.15121951219512195,lora_encoder_only_r28_all_seed0,dmid,drift
65,0.241635687732342,0.4230769230769231,0.3384615384615385,0.14705882352941177,lora_encoder_only_r28_all_seed0,dmid,drift
66,0.24535315985130113,0.4230769230769231,0.3333333333333333,0.1477832512315271,lora_encoder_only_r28_all_seed0,dmid,drift
67,0.24907063197026022,0.4230769230769231,0.3283582089552239,0.1485148514851485,lora_encoder_only_r28_all_seed0,dmid,drift
68,0.2527881040892193,0.4423076923076923,0.3382352941176471,0.14427860696517414,lora_encoder_only_r28_all_seed0,dmid,drift
69,0.25650557620817843,0.46153846153846156,0.34782608695652173,0.14,lora_encoder_only_r28_all_seed0,dmid,drift
70,0.26022304832713755,0.46153846153846156,0.34285714285714286,0.1407035175879397,lora_encoder_only_r28_all_seed0,dmid,drift
71,0.26394052044609667,0.4807692307692308,0.352112676056338,0.13636363636363635,lora_encoder_only_r28_all_seed0,dmid,drift
72,0.26765799256505574,0.4807692307692308,0.3472222222222222,0.13705583756345177,lora_encoder_only_r28_all_seed0,dmid,drift
73,0.27137546468401486,0.4807692307692308,0.3424657534246575,0.1377551020408163,lora_encoder_only_r28_all_seed0,dmid,drift
74,0.275092936802974,0.4807692307692308,0.33783783783783783,0.13846153846153847,lora_encoder_only_r28_all_seed0,dmid,drift
75,0.2788104089219331,0.4807692307692308,0.3333333333333333,0.13917525773195877,lora_encoder_only_r28_all_seed0,dmid,drift
76,0.2825278810408922,0.4807692307692308,0.32894736842105265,0.13989637305699482,lora_encoder_only_r28_all_seed0,dmid,drift
77,0.2862453531598513,0.4807692307692308,0.3246753246753247,0.140625,lora_encoder_only_r28_all_seed0,dmid,drift
78,0.2899628252788104,0.4807692307692308,0.32051282051282054,0.14136125654450263,lora_encoder_only_r28_all_seed0,dmid,drift
79,0.2936802973977695,0.4807692307692308,0.31645569620253167,0.14210526315789473,lora_encoder_only_r28_all_seed0,dmid,drift
80,0.29739776951672864,0.5,0.325,0.13756613756613756,lora_encoder_only_r28_all_seed0,dmid,drift
81,0.30111524163568776,0.5,0.32098765432098764,0.13829787234042554,lora_encoder_only_r28_all_seed0,dmid,drift
82,0.3048327137546468,0.5,0.3170731707317073,0.13903743315508021,lora_encoder_only_r28_all_seed0,dmid,drift
83,0.30855018587360594,0.5,0.3132530120481928,0.13978494623655913,lora_encoder_only_r28_all_seed0,dmid,drift
84,0.31226765799256506,0.5,0.30952380952380953,0.14054054054054055,lora_encoder_only_r28_all_seed0,dmid,drift
85,0.3159851301115242,0.5192307692307693,0.3176470588235294,0.1358695652173913,lora_encoder_only_r28_all_seed0,dmid,drift
86,0.31970260223048325,0.5192307692307693,0.313953488372093,0.1366120218579235,lora_encoder_only_r28_all_seed0,dmid,drift
87,0.32342007434944237,0.5192307692307693,0.3103448275862069,0.13736263736263737,lora_encoder_only_r28_all_seed0,dmid,drift
88,0.3271375464684015,0.5384615384615384,0.3181818181818182,0.13259668508287292,lora_encoder_only_r28_all_seed0,dmid,drift
89,0.3308550185873606,0.5384615384615384,0.3146067415730337,0.13333333333333333,lora_encoder_only_r28_all_seed0,dmid,drift
90,0.3345724907063197,0.5384615384615384,0.3111111111111111,0.1340782122905028,lora_encoder_only_r28_all_seed0,dmid,drift
91,0.3382899628252788,0.5384615384615384,0.3076923076923077,0.1348314606741573,lora_encoder_only_r28_all_seed0,dmid,drift
92,0.3420074349442379,0.5384615384615384,0.30434782608695654,0.13559322033898305,lora_encoder_only_r28_all_seed0,dmid,drift
93,0.34572490706319703,0.5576923076923077,0.3118279569892473,0.13068181818181818,lora_encoder_only_r28_all_seed0,dmid,drift
94,0.34944237918215615,0.5576923076923077,0.30851063829787234,0.13142857142857142,lora_encoder_only_r28_all_seed0,dmid,drift
95,0.35315985130111527,0.5769230769230769,0.3157894736842105,0.12643678160919541,lora_encoder_only_r28_all_seed0,dmid,drift
96,0.35687732342007433,0.5769230769230769,0.3125,0.12716763005780346,lora_encoder_only_r28_all_seed0,dmid,drift
97,0.36059479553903345,0.5769230769230769,0.30927835051546393,0.12790697674418605,lora_encoder_only_r28_all_seed0,dmid,drift
98,0.3643122676579926,0.5769230769230769,0.30612244897959184,0.1286549707602339,lora_encoder_only_r28_all_seed0,dmid,drift
99,0.3680297397769517,0.5769230769230769,0.30303030303030304,0.12941176470588237,lora_encoder_only_r28_all_seed0,dmid,drift
100,0.37174721189591076,0.5769230769230769,0.3,0.1301775147928994,lora_encoder_only_r28_all_seed0,dmid,drift
101,0.3754646840148699,0.5769230769230769,0.297029702970297,0.13095238095238096,lora_encoder_only_r28_all_seed0,dmid,drift
102,0.379182156133829,0.5961538461538461,0.30392156862745096,0.12574850299401197,lora_encoder_only_r28_all_seed0,dmid,drift
103,0.3828996282527881,0.5961538461538461,0.30097087378640774,0.12650602409638553,lora_encoder_only_r28_all_seed0,dmid,drift
104,0.38661710037174724,0.6153846153846154,0.3076923076923077,0.12121212121212122,lora_encoder_only_r28_all_seed0,dmid,drift
105,0.3903345724907063,0.6153846153846154,0.3047619047619048,0.12195121951219512,lora_encoder_only_r28_all_seed0,dmid,drift
106,0.3940520446096654,0.6153846153846154,0.3018867924528302,0.12269938650306748,lora_encoder_only_r28_all_seed0,dmid,drift
107,0.39776951672862454,0.6153846153846154,0.29906542056074764,0.12345679012345678,lora_encoder_only_r28_all_seed0,dmid,drift
108,0.40148698884758366,0.6153846153846154,0.2962962962962963,0.12422360248447205,lora_encoder_only_r28_all_seed0,dmid,drift
109,0.4052044609665427,0.6346153846153846,0.30275229357798167,0.11875,lora_encoder_only_r28_all_seed0,dmid,drift
110,0.40892193308550184,0.6538461538461539,0.3090909090909091,0.11320754716981132,lora_encoder_only_r28_all_seed0,dmid,drift
111,0.41263940520446096,0.6538461538461539,0.3063063063063063,0.11392405063291139,lora_encoder_only_r28_all_seed0,dmid,drift
112,0.4163568773234201,0.6730769230769231,0.3125,0.10828025477707007,lora_encoder_only_r28_all_seed0,dmid,drift
113,0.4200743494423792,0.6730769230769231,0.30973451327433627,0.10897435897435898,lora_encoder_only_r28_all_seed0,dmid,drift
114,0.42379182156133827,0.6730769230769231,0.30701754385964913,0.10967741935483871,lora_encoder_only_r28_all_seed0,dmid,drift
115,0.4275092936802974,0.6730769230769231,0.30434782608695654,0.11038961038961038,lora_encoder_only_r28_all_seed0,dmid,drift
116,0.4312267657992565,0.6730769230769231,0.3017241379310345,0.1111111111111111,lora_encoder_only_r28_all_seed0,dmid,drift
117,0.4349442379182156,0.6923076923076923,0.3076923076923077,0.10526315789473684,lora_encoder_only_r28_all_seed0,dmid,drift
118,0.43866171003717475,0.6923076923076923,0.3050847457627119,0.10596026490066225,lora_encoder_only_r28_all_seed0,dmid,drift
119,0.4423791821561338,0.6923076923076923,0.3025210084033613,0.10666666666666667,lora_encoder_only_r28_all_seed0,dmid,drift
120,0.44609665427509293,0.6923076923076923,0.3,0.10738255033557047,lora_encoder_only_r28_all_seed0,dmid,drift
121,0.44981412639405205,0.6923076923076923,0.2975206611570248,0.10810810810810811,lora_encoder_only_r28_all_seed0,dmid,drift
122,0.45353159851301117,0.6923076923076923,0.29508196721311475,0.10884353741496598,lora_encoder_only_r28_all_seed0,dmid,drift
123,0.45724907063197023,0.6923076923076923,0.2926829268292683,0.1095890410958904,lora_encoder_only_r28_all_seed0,dmid,drift
124,0.46096654275092935,0.6923076923076923,0.2903225806451613,0.1103448275862069,lora_encoder_only_r28_all_seed0,dmid,drift
125,0.4646840148698885,0.6923076923076923,0.288,0.1111111111111111,lora_encoder_only_r28_all_seed0,dmid,drift
126,0.4684014869888476,0.6923076923076923,0.2857142857142857,0.11188811188811189,lora_encoder_only_r28_all_seed0,dmid,drift
127,0.4721189591078067,0.6923076923076923,0.28346456692913385,0.11267605633802817,lora_encoder_only_r28_all_seed0,dmid,drift
128,0.4758364312267658,0.6923076923076923,0.28125,0.11347517730496454,lora_encoder_only_r28_all_seed0,dmid,drift
129,0.4795539033457249,0.6923076923076923,0.27906976744186046,0.11428571428571428,lora_encoder_only_r28_all_seed0,dmid,drift
130,0.483271375464684,0.7115384615384616,0.2846153846153846,0.1079136690647482,lora_encoder_only_r28_all_seed0,dmid,drift
131,0.48698884758364314,0.7115384615384616,0.2824427480916031,0.10869565217391304,lora_encoder_only_r28_all_seed0,dmid,drift
132,0.49070631970260226,0.7115384615384616,0.2803030303030303,0.10948905109489052,lora_encoder_only_r28_all_seed0,dmid,drift
133,0.4944237918215613,0.7307692307692307,0.2857142857142857,0.10294117647058823,lora_encoder_only_r28_all_seed0,dmid,drift
134,0.49814126394052044,0.7307692307692307,0.2835820895522388,0.1037037037037037,lora_encoder_only_r28_all_seed0,dmid,drift
135,0.5018587360594795,0.75,0.28888888888888886,0.09701492537313433,lora_encoder_only_r28_all_seed0,dmid,drift
136,0.5055762081784386,0.75,0.2867647058823529,0.09774436090225563,lora_encoder_only_r28_all_seed0,dmid,drift
137,0.5092936802973977,0.75,0.2846715328467153,0.09848484848484848,lora_encoder_only_r28_all_seed0,dmid,drift
138,0.5130111524163569,0.75,0.2826086956521739,0.09923664122137404,lora_encoder_only_r28_all_seed0,dmid,drift
139,0.516728624535316,0.75,0.2805755395683453,0.1,lora_encoder_only_r28_all_seed0,dmid,drift
140,0.5204460966542751,0.75,0.2785714285714286,0.10077519379844961,lora_encoder_only_r28_all_seed0,dmid,drift
141,0.5241635687732342,0.75,0.2765957446808511,0.1015625,lora_encoder_only_r28_all_seed0,dmid,drift
142,0.5278810408921933,0.75,0.2746478873239437,0.10236220472440945,lora_encoder_only_r28_all_seed0,dmid,drift
143,0.5315985130111525,0.7692307692307693,0.27972027972027974,0.09523809523809523,lora_encoder_only_r28_all_seed0,dmid,drift
144,0.5353159851301115,0.7692307692307693,0.2777777777777778,0.096,lora_encoder_only_r28_all_seed0,dmid,drift
145,0.5390334572490706,0.7692307692307693,0.27586206896551724,0.0967741935483871,lora_encoder_only_r28_all_seed0,dmid,drift
146,0.5427509293680297,0.7692307692307693,0.273972602739726,0.0975609756097561,lora_encoder_only_r28_all_seed0,dmid,drift
147,0.5464684014869888,0.7692307692307693,0.272108843537415,0.09836065573770492,lora_encoder_only_r28_all_seed0,dmid,drift
148,0.550185873605948,0.7692307692307693,0.2702702702702703,0.09917355371900827,lora_encoder_only_r28_all_seed0,dmid,drift
149,0.5539033457249071,0.7692307692307693,0.2684563758389262,0.1,lora_encoder_only_r28_all_seed0,dmid,drift
150,0.5576208178438662,0.7692307692307693,0.26666666666666666,0.10084033613445378,lora_encoder_only_r28_all_seed0,dmid,drift
151,0.5613382899628253,0.7692307692307693,0.26490066225165565,0.1016949152542373,lora_encoder_only_r28_all_seed0,dmid,drift
152,0.5650557620817844,0.7692307692307693,0.2631578947368421,0.10256410256410256,lora_encoder_only_r28_all_seed0,dmid,drift
153,0.5687732342007435,0.7884615384615384,0.2679738562091503,0.09482758620689655,lora_encoder_only_r28_all_seed0,dmid,drift
154,0.5724907063197026,0.7884615384615384,0.2662337662337662,0.09565217391304348,lora_encoder_only_r28_all_seed0,dmid,drift
155,0.5762081784386617,0.7884615384615384,0.2645161290322581,0.09649122807017543,lora_encoder_only_r28_all_seed0,dmid,drift
156,0.5799256505576208,0.7884615384615384,0.26282051282051283,0.09734513274336283,lora_encoder_only_r28_all_seed0,dmid,drift
157,0.5836431226765799,0.7884615384615384,0.2611464968152866,0.09821428571428571,lora_encoder_only_r28_all_seed0,dmid,drift
158,0.587360594795539,0.7884615384615384,0.25949367088607594,0.0990990990990991,lora_encoder_only_r28_all_seed0,dmid,drift
159,0.5910780669144982,0.7884615384615384,0.2578616352201258,0.1,lora_encoder_only_r28_all_seed0,dmid,drift
160,0.5947955390334573,0.7884615384615384,0.25625,0.10091743119266056,lora_encoder_only_r28_all_seed0,dmid,drift
161,0.5985130111524164,0.7884615384615384,0.2546583850931677,0.10185185185185185,lora_encoder_only_r28_all_seed0,dmid,drift
162,0.6022304832713755,0.8076923076923077,0.25925925925925924,0.09345794392523364,lora_encoder_only_r28_all_seed0,dmid,drift
163,0.6059479553903345,0.8269230769230769,0.26380368098159507,0.08490566037735849,lora_encoder_only_r28_all_seed0,dmid,drift
164,0.6096654275092936,0.8269230769230769,0.2621951219512195,0.08571428571428572,lora_encoder_only_r28_all_seed0,dmid,drift
165,0.6133828996282528,0.8269230769230769,0.2606060606060606,0.08653846153846154,lora_encoder_only_r28_all_seed0,dmid,drift
166,0.6171003717472119,0.8269230769230769,0.25903614457831325,0.08737864077669903,lora_encoder_only_r28_all_seed0,dmid,drift
167,0.620817843866171,0.8269230769230769,0.25748502994011974,0.08823529411764706,lora_encoder_only_r28_all_seed0,dmid,drift
168,0.6245353159851301,0.8269230769230769,0.25595238095238093,0.0891089108910891,lora_encoder_only_r28_all_seed0,dmid,drift
169,0.6282527881040892,0.8269230769230769,0.25443786982248523,0.09,lora_encoder_only_r28_all_seed0,dmid,drift
170,0.6319702602230484,0.8269230769230769,0.2529411764705882,0.09090909090909091,lora_encoder_only_r28_all_seed0,dmid,drift
171,0.6356877323420075,0.8269230769230769,0.25146198830409355,0.09183673469387756,lora_encoder_only_r28_all_seed0,dmid,drift
172,0.6394052044609665,0.8269230769230769,0.25,0.09278350515463918,lora_encoder_only_r28_all_seed0,dmid,drift
173,0.6431226765799256,0.8269230769230769,0.24855491329479767,0.09375,lora_encoder_only_r28_all_seed0,dmid,drift
174,0.6468401486988847,0.8461538461538461,0.25287356321839083,0.08421052631578947,lora_encoder_only_r28_all_seed0,dmid,drift
175,0.6505576208178439,0.8461538461538461,0.25142857142857145,0.0851063829787234,lora_encoder_only_r28_all_seed0,dmid,drift
176,0.654275092936803,0.8653846153846154,0.2556818181818182,0.07526881720430108,lora_encoder_only_r28_all_seed0,dmid,drift
177,0.6579925650557621,0.8653846153846154,0.2542372881355932,0.07608695652173914,lora_encoder_only_r28_all_seed0,dmid,drift
178,0.6617100371747212,0.8653846153846154,0.25280898876404495,0.07692307692307693,lora_encoder_only_r28_all_seed0,dmid,drift
179,0.6654275092936803,0.8653846153846154,0.25139664804469275,0.07777777777777778,lora_encoder_only_r28_all_seed0,dmid,drift
180,0.6691449814126395,0.8653846153846154,0.25,0.07865168539325842,lora_encoder_only_r28_all_seed0,dmid,drift
181,0.6728624535315985,0.8653846153846154,0.24861878453038674,0.07954545454545454,lora_encoder_only_r28_all_seed0,dmid,drift
182,0.6765799256505576,0.8653846153846154,0.24725274725274726,0.08045977011494253,lora_encoder_only_r28_all_seed0,dmid,drift
183,0.6802973977695167,0.8653846153846154,0.2459016393442623,0.08139534883720931,lora_encoder_only_r28_all_seed0,dmid,drift
184,0.6840148698884758,0.8653846153846154,0.24456521739130435,0.08235294117647059,lora_encoder_only_r28_all_seed0,dmid,drift
185,0.6877323420074349,0.8653846153846154,0.24324324324324326,0.08333333333333333,lora_encoder_only_r28_all_seed0,dmid,drift
186,0.6914498141263941,0.8653846153846154,0.24193548387096775,0.08433734939759036,lora_encoder_only_r28_all_seed0,dmid,drift
187,0.6951672862453532,0.8653846153846154,0.24064171122994651,0.08536585365853659,lora_encoder_only_r28_all_seed0,dmid,drift
188,0.6988847583643123,0.8653846153846154,0.2393617021276596,0.08641975308641975,lora_encoder_only_r28_all_seed0,dmid,drift
189,0.7026022304832714,0.8846153846153846,0.24338624338624337,0.075,lora_encoder_only_r28_all_seed0,dmid,drift
190,0.7063197026022305,0.8846153846153846,0.24210526315789474,0.0759493670886076,lora_encoder_only_r28_all_seed0,dmid,drift
191,0.7100371747211895,0.8846153846153846,0.24083769633507854,0.07692307692307693,lora_encoder_only_r28_all_seed0,dmid,drift
192,0.7137546468401487,0.8846153846153846,0.23958333333333334,0.07792207792207792,lora_encoder_only_r28_all_seed0,dmid,drift
193,0.7174721189591078,0.8846153846153846,0.23834196891191708,0.07894736842105263,lora_encoder_only_r28_all_seed0,dmid,drift
194,0.7211895910780669,0.8846153846153846,0.23711340206185566,0.08,lora_encoder_only_r28_all_seed0,dmid,drift
195,0.724907063197026,0.8846153846153846,0.2358974358974359,0.08108108108108109,lora_encoder_only_r28_all_seed0,dmid,drift
196,0.7286245353159851,0.8846153846153846,0.23469387755102042,0.0821917808219178,lora_encoder_only_r28_all_seed0,dmid,drift
197,0.7323420074349443,0.8846153846153846,0.233502538071066,0.08333333333333333,lora_encoder_only_r28_all_seed0,dmid,drift
198,0.7360594795539034,0.9038461538461539,0.23737373737373738,0.07042253521126761,lora_encoder_only_r28_all_seed0,dmid,drift
199,0.7397769516728625,0.9038461538461539,0.23618090452261306,0.07142857142857142,lora_encoder_only_r28_all_seed0,dmid,drift
200,0.7434944237918215,0.9038461538461539,0.235,0.07246376811594203,lora_encoder_only_r28_all_seed0,dmid,drift
201,0.7472118959107806,0.9038461538461539,0.23383084577114427,0.07352941176470588,lora_encoder_only_r28_all_seed0,dmid,drift
202,0.7509293680297398,0.9038461538461539,0.23267326732673269,0.07462686567164178,lora_encoder_only_r28_all_seed0,dmid,drift
203,0.7546468401486989,0.9038461538461539,0.2315270935960591,0.07575757575757576,lora_encoder_only_r28_all_seed0,dmid,drift
204,0.758364312267658,0.9038461538461539,0.23039215686274508,0.07692307692307693,lora_encoder_only_r28_all_seed0,dmid,drift
205,0.7620817843866171,0.9038461538461539,0.22926829268292684,0.078125,lora_encoder_only_r28_all_seed0,dmid,drift
206,0.7657992565055762,0.9038461538461539,0.22815533980582525,0.07936507936507936,lora_encoder_only_r28_all_seed0,dmid,drift
207,0.7695167286245354,0.9038461538461539,0.22705314009661837,0.08064516129032258,lora_encoder_only_r28_all_seed0,dmid,drift
208,0.7732342007434945,0.9038461538461539,0.22596153846153846,0.08196721311475409,lora_encoder_only_r28_all_seed0,dmid,drift
209,0.7769516728624535,0.9038461538461539,0.22488038277511962,0.08333333333333333,lora_encoder_only_r28_all_seed0,dmid,drift
210,0.7806691449814126,0.9038461538461539,0.22380952380952382,0.0847457627118644,lora_encoder_only_r28_all_seed0,dmid,drift
211,0.7843866171003717,0.9038461538461539,0.22274881516587677,0.08620689655172414,lora_encoder_only_r28_all_seed0,dmid,drift
212,0.7881040892193308,0.9038461538461539,0.22169811320754718,0.08771929824561403,lora_encoder_only_r28_all_seed0,dmid,drift
213,0.79182156133829,0.9038461538461539,0.22065727699530516,0.08928571428571429,lora_encoder_only_r28_all_seed0,dmid,drift
214,0.7955390334572491,0.9038461538461539,0.21962616822429906,0.09090909090909091,lora_encoder_only_r28_all_seed0,dmid,drift
215,0.7992565055762082,0.9230769230769231,0.22325581395348837,0.07407407407407407,lora_encoder_only_r28_all_seed0,dmid,drift
216,0.8029739776951673,0.9230769230769231,0.2222222222222222,0.07547169811320754,lora_encoder_only_r28_all_seed0,dmid,drift
217,0.8066914498141264,0.9423076923076923,0.22580645161290322,0.057692307692307696,lora_encoder_only_r28_all_seed0,dmid,drift
218,0.8104089219330854,0.9423076923076923,0.22477064220183487,0.058823529411764705,lora_encoder_only_r28_all_seed0,dmid,drift
219,0.8141263940520446,0.9423076923076923,0.2237442922374429,0.06,lora_encoder_only_r28_all_seed0,dmid,drift
220,0.8178438661710037,0.9423076923076923,0.22272727272727272,0.061224489795918366,lora_encoder_only_r28_all_seed0,dmid,drift
221,0.8215613382899628,0.9423076923076923,0.22171945701357465,0.0625,lora_encoder_only_r28_all_seed0,dmid,drift
222,0.8252788104089219,0.9615384615384616,0.22522522522522523,0.0425531914893617,lora_encoder_only_r28_all_seed0,dmid,drift
223,0.828996282527881,0.9615384615384616,0.2242152466367713,0.043478260869565216,lora_encoder_only_r28_all_seed0,dmid,drift
224,0.8327137546468402,0.9615384615384616,0.22321428571428573,0.044444444444444446,lora_encoder_only_r28_all_seed0,dmid,drift
225,0.8364312267657993,0.9615384615384616,0.2222222222222222,0.045454545454545456,lora_encoder_only_r28_all_seed0,dmid,drift
226,0.8401486988847584,0.9615384615384616,0.22123893805309736,0.046511627906976744,lora_encoder_only_r28_all_seed0,dmid,drift
227,0.8438661710037175,0.9615384615384616,0.22026431718061673,0.047619047619047616,lora_encoder_only_r28_all_seed0,dmid,drift
228,0.8475836431226765,0.9615384615384616,0.21929824561403508,0.04878048780487805,lora_encoder_only_r28_all_seed0,dmid,drift
229,0.8513011152416357,0.9807692307692307,0.22270742358078602,0.025,lora_encoder_only_r28_all_seed0,dmid,drift
230,0.8550185873605948,0.9807692307692307,0.2217391304347826,0.02564102564102564,lora_encoder_only_r28_all_seed0,dmid,drift
231,0.8587360594795539,0.9807692307692307,0.22077922077922077,0.02631578947368421,lora_encoder_only_r28_all_seed0,dmid,drift
232,0.862453531598513,0.9807692307692307,0.21982758620689655,0.02702702702702703,lora_encoder_only_r28_all_seed0,dmid,drift
233,0.8661710037174721,0.9807692307692307,0.21888412017167383,0.027777777777777776,lora_encoder_only_r28_all_seed0,dmid,drift
234,0.8698884758364313,0.9807692307692307,0.21794871794871795,0.02857142857142857,lora_encoder_only_r28_all_seed0,dmid,drift
235,0.8736059479553904,0.9807692307692307,0.2170212765957447,0.029411764705882353,lora_encoder_only_r28_all_seed0,dmid,drift
236,0.8773234200743495,0.9807692307692307,0.21610169491525424,0.030303030303030304,lora_encoder_only_r28_all_seed0,dmid,drift
237,0.8810408921933085,0.9807692307692307,0.21518987341772153,0.03125,lora_encoder_only_r28_all_seed0,dmid,drift
238,0.8847583643122676,0.9807692307692307,0.21428571428571427,0.03225806451612903,lora_encoder_only_r28_all_seed0,dmid,drift
239,0.8884758364312267,0.9807692307692307,0.21338912133891214,0.03333333333333333,lora_encoder_only_r28_all_seed0,dmid,drift
240,0.8921933085501859,0.9807692307692307,0.2125,0.034482758620689655,lora_encoder_only_r28_all_seed0,dmid,drift
241,0.895910780669145,0.9807692307692307,0.21161825726141079,0.03571428571428571,lora_encoder_only_r28_all_seed0,dmid,drift
242,0.8996282527881041,0.9807692307692307,0.21074380165289255,0.037037037037037035,lora_encoder_only_r28_all_seed0,dmid,drift
243,0.9033457249070632,0.9807692307692307,0.20987654320987653,0.038461538461538464,lora_encoder_only_r28_all_seed0,dmid,drift
244,0.9070631970260223,0.9807692307692307,0.20901639344262296,0.04,lora_encoder_only_r28_all_seed0,dmid,drift
245,0.9107806691449815,0.9807692307692307,0.20816326530612245,0.041666666666666664,lora_encoder_only_r28_all_seed0,dmid,drift
246,0.9144981412639405,0.9807692307692307,0.2073170731707317,0.043478260869565216,lora_encoder_only_r28_all_seed0,dmid,drift
247,0.9182156133828996,0.9807692307692307,0.20647773279352227,0.045454545454545456,lora_encoder_only_r28_all_seed0,dmid,drift
248,0.9219330855018587,0.9807692307692307,0.2056451612903226,0.047619047619047616,lora_encoder_only_r28_all_seed0,dmid,drift
249,0.9256505576208178,0.9807692307692307,0.20481927710843373,0.05,lora_encoder_only_r28_all_seed0,dmid,drift
250,0.929368029739777,0.9807692307692307,0.204,0.05263157894736842,lora_encoder_only_r28_all_seed0,dmid,drift
251,0.9330855018587361,0.9807692307692307,0.20318725099601595,0.05555555555555555,lora_encoder_only_r28_all_seed0,dmid,drift
252,0.9368029739776952,1.0,0.20634920634920634,0.0,lora_encoder_only_r28_all_seed0,dmid,drift
253,0.9405204460966543,1.0,0.20553359683794467,0.0,lora_encoder_only_r28_all_seed0,dmid,drift
254,0.9442379182156134,1.0,0.2047244094488189,0.0,lora_encoder_only_r28_all_seed0,dmid,drift
255,0.9479553903345725,1.0,0.20392156862745098,0.0,lora_encoder_only_r28_all_seed0,dmid,drift
256,0.9516728624535316,1.0,0.203125,0.0,lora_encoder_only_r28_all_seed0,dmid,drift
257,0.9553903345724907,1.0,0.20233463035019456,0.0,lora_encoder_only_r28_all_seed0,dmid,drift
258,0.9591078066914498,1.0,0.20155038759689922,0.0,lora_encoder_only_r28_all_seed0,dmid,drift
259,0.9628252788104089,1.0,0.20077220077220076,0.0,lora_encoder_only_r28_all_seed0,dmid,drift
260,0.966542750929368,1.0,0.2,0.0,lora_encoder_only_r28_all_seed0,dmid,drift
261,0.9702602230483272,1.0,0.19923371647509577,0.0,lora_encoder_only_r28_all_seed0,dmid,drift
262,0.9739776951672863,1.0,0.1984732824427481,0.0,lora_encoder_only_r28_all_seed0,dmid,drift
263,0.9776951672862454,1.0,0.19771863117870722,0.0,lora_encoder_only_r28_all_seed0,dmid,drift
264,0.9814126394052045,1.0,0.19696969696969696,0.0,lora_encoder_only_r28_all_seed0,dmid,drift
265,0.9851301115241635,1.0,0.19622641509433963,0.0,lora_encoder_only_r28_all_seed0,dmid,drift
266,0.9888475836431226,1.0,0.19548872180451127,0.0,lora_encoder_only_r28_all_seed0,dmid,drift
267,0.9925650557620818,1.0,0.1947565543071161,0.0,lora_encoder_only_r28_all_seed0,dmid,drift
268,0.9962825278810409,1.0,0.19402985074626866,0.0,lora_encoder_only_r28_all_seed0,dmid,drift
269,1.0,1.0,0.19330855018587362,,lora_encoder_only_r28_all_seed0,dmid,drift
0,0.0,0.0,,0.19330855018587362,lora_encoder_only_r28_all_seed0,dmid,iou_pred
1,0.0037174721189591076,0.019230769230769232,1.0,0.19029850746268656,lora_encoder_only_r28_all_seed0,dmid,iou_pred
2,0.007434944237918215,0.019230769230769232,0.5,0.19101123595505617,lora_encoder_only_r28_all_seed0,dmid,iou_pred
3,0.011152416356877323,0.019230769230769232,0.3333333333333333,0.19172932330827067,lora_encoder_only_r28_all_seed0,dmid,iou_pred
4,0.01486988847583643,0.019230769230769232,0.25,0.19245283018867926,lora_encoder_only_r28_all_seed0,dmid,iou_pred
5,0.01858736059479554,0.019230769230769232,0.2,0.19318181818181818,lora_encoder_only_r28_all_seed0,dmid,iou_pred
6,0.022304832713754646,0.019230769230769232,0.16666666666666666,0.19391634980988592,lora_encoder_only_r28_all_seed0,dmid,iou_pred
7,0.026022304832713755,0.019230769230769232,0.14285714285714285,0.1946564885496183,lora_encoder_only_r28_all_seed0,dmid,iou_pred
8,0.02973977695167286,0.019230769230769232,0.125,0.19540229885057472,lora_encoder_only_r28_all_seed0,dmid,iou_pred
9,0.03345724907063197,0.019230769230769232,0.1111111111111111,0.19615384615384615,lora_encoder_only_r28_all_seed0,dmid,iou_pred
10,0.03717472118959108,0.019230769230769232,0.1,0.1969111969111969,lora_encoder_only_r28_all_seed0,dmid,iou_pred
11,0.040892193308550186,0.019230769230769232,0.09090909090909091,0.19767441860465115,lora_encoder_only_r28_all_seed0,dmid,iou_pred
12,0.04460966542750929,0.019230769230769232,0.08333333333333333,0.19844357976653695,lora_encoder_only_r28_all_seed0,dmid,iou_pred
13,0.048327137546468404,0.019230769230769232,0.07692307692307693,0.19921875,lora_encoder_only_r28_all_seed0,dmid,iou_pred
14,0.05204460966542751,0.019230769230769232,0.07142857142857142,0.2,lora_encoder_only_r28_all_seed0,dmid,iou_pred
15,0.055762081784386616,0.019230769230769232,0.06666666666666667,0.20078740157480315,lora_encoder_only_r28_all_seed0,dmid,iou_pred
16,0.05947955390334572,0.019230769230769232,0.0625,0.2015810276679842,lora_encoder_only_r28_all_seed0,dmid,iou_pred
17,0.06319702602230483,0.019230769230769232,0.058823529411764705,0.20238095238095238,lora_encoder_only_r28_all_seed0,dmid,iou_pred
18,0.06691449814126393,0.019230769230769232,0.05555555555555555,0.20318725099601595,lora_encoder_only_r28_all_seed0,dmid,iou_pred
19,0.07063197026022305,0.019230769230769232,0.05263157894736842,0.204,lora_encoder_only_r28_all_seed0,dmid,iou_pred
20,0.07434944237918216,0.019230769230769232,0.05,0.20481927710843373,lora_encoder_only_r28_all_seed0,dmid,iou_pred
21,0.07806691449814127,0.019230769230769232,0.047619047619047616,0.2056451612903226,lora_encoder_only_r28_all_seed0,dmid,iou_pred
22,0.08178438661710037,0.019230769230769232,0.045454545454545456,0.20647773279352227,lora_encoder_only_r28_all_seed0,dmid,iou_pred
23,0.08550185873605948,0.019230769230769232,0.043478260869565216,0.2073170731707317,lora_encoder_only_r28_all_seed0,dmid,iou_pred
24,0.08921933085501858,0.019230769230769232,0.041666666666666664,0.20816326530612245,lora_encoder_only_r28_all_seed0,dmid,iou_pred
25,0.09293680297397769,0.019230769230769232,0.04,0.20901639344262296,lora_encoder_only_r28_all_seed0,dmid,iou_pred
26,0.09665427509293681,0.019230769230769232,0.038461538461538464,0.20987654320987653,lora_encoder_only_r28_all_seed0,dmid,iou_pred
27,0.10037174721189591,0.019230769230769232,0.037037037037037035,0.21074380165289255,lora_encoder_only_r28_all_seed0,dmid,iou_pred
28,0.10408921933085502,0.019230769230769232,0.03571428571428571,0.21161825726141079,lora_encoder_only_r28_all_seed0,dmid,iou_pred
29,0.10780669144981413,0.019230769230769232,0.034482758620689655,0.2125,lora_encoder_only_r28_all_seed0,dmid,iou_pred
30,0.11152416356877323,0.019230769230769232,0.03333333333333333,0.21338912133891214,lora_encoder_only_r28_all_seed0,dmid,iou_pred
31,0.11524163568773234,0.019230769230769232,0.03225806451612903,0.21428571428571427,lora_encoder_only_r28_all_seed0,dmid,iou_pred
32,0.11895910780669144,0.019230769230769232,0.03125,0.21518987341772153,lora_encoder_only_r28_all_seed0,dmid,iou_pred
33,0.12267657992565056,0.019230769230769232,0.030303030303030304,0.21610169491525424,lora_encoder_only_r28_all_seed0,dmid,iou_pred
34,0.12639405204460966,0.019230769230769232,0.029411764705882353,0.2170212765957447,lora_encoder_only_r28_all_seed0,dmid,iou_pred
35,0.13011152416356878,0.019230769230769232,0.02857142857142857,0.21794871794871795,lora_encoder_only_r28_all_seed0,dmid,iou_pred
36,0.13382899628252787,0.019230769230769232,0.027777777777777776,0.21888412017167383,lora_encoder_only_r28_all_seed0,dmid,iou_pred
37,0.137546468401487,0.019230769230769232,0.02702702702702703,0.21982758620689655,lora_encoder_only_r28_all_seed0,dmid,iou_pred
38,0.1412639405204461,0.019230769230769232,0.02631578947368421,0.22077922077922077,lora_encoder_only_r28_all_seed0,dmid,iou_pred
39,0.1449814126394052,0.019230769230769232,0.02564102564102564,0.2217391304347826,lora_encoder_only_r28_all_seed0,dmid,iou_pred
40,0.14869888475836432,0.019230769230769232,0.025,0.22270742358078602,lora_encoder_only_r28_all_seed0,dmid,iou_pred
41,0.1524163568773234,0.019230769230769232,0.024390243902439025,0.2236842105263158,lora_encoder_only_r28_all_seed0,dmid,iou_pred
42,0.15613382899628253,0.019230769230769232,0.023809523809523808,0.22466960352422907,lora_encoder_only_r28_all_seed0,dmid,iou_pred
43,0.15985130111524162,0.019230769230769232,0.023255813953488372,0.22566371681415928,lora_encoder_only_r28_all_seed0,dmid,iou_pred
44,0.16356877323420074,0.038461538461538464,0.045454545454545456,0.2222222222222222,lora_encoder_only_r28_all_seed0,dmid,iou_pred
45,0.16728624535315986,0.038461538461538464,0.044444444444444446,0.22321428571428573,lora_encoder_only_r28_all_seed0,dmid,iou_pred
46,0.17100371747211895,0.038461538461538464,0.043478260869565216,0.2242152466367713,lora_encoder_only_r28_all_seed0,dmid,iou_pred
47,0.17472118959107807,0.038461538461538464,0.0425531914893617,0.22522522522522523,lora_encoder_only_r28_all_seed0,dmid,iou_pred
48,0.17843866171003717,0.038461538461538464,0.041666666666666664,0.22624434389140272,lora_encoder_only_r28_all_seed0,dmid,iou_pred
49,0.1821561338289963,0.038461538461538464,0.04081632653061224,0.22727272727272727,lora_encoder_only_r28_all_seed0,dmid,iou_pred
50,0.18587360594795538,0.038461538461538464,0.04,0.228310502283105,lora_encoder_only_r28_all_seed0,dmid,iou_pred
51,0.1895910780669145,0.038461538461538464,0.0392156862745098,0.22935779816513763,lora_encoder_only_r28_all_seed0,dmid,iou_pred
52,0.19330855018587362,0.038461538461538464,0.038461538461538464,0.2304147465437788,lora_encoder_only_r28_all_seed0,dmid,iou_pred
53,0.1970260223048327,0.038461538461538464,0.03773584905660377,0.23148148148148148,lora_encoder_only_r28_all_seed0,dmid,iou_pred
54,0.20074349442379183,0.038461538461538464,0.037037037037037035,0.23255813953488372,lora_encoder_only_r28_all_seed0,dmid,iou_pred
55,0.20446096654275092,0.038461538461538464,0.03636363636363636,0.2336448598130841,lora_encoder_only_r28_all_seed0,dmid,iou_pred
56,0.20817843866171004,0.038461538461538464,0.03571428571428571,0.2347417840375587,lora_encoder_only_r28_all_seed0,dmid,iou_pred
57,0.21189591078066913,0.038461538461538464,0.03508771929824561,0.2358490566037736,lora_encoder_only_r28_all_seed0,dmid,iou_pred
58,0.21561338289962825,0.038461538461538464,0.034482758620689655,0.23696682464454977,lora_encoder_only_r28_all_seed0,dmid,iou_pred
59,0.21933085501858737,0.038461538461538464,0.03389830508474576,0.23809523809523808,lora_encoder_only_r28_all_seed0,dmid,iou_pred
60,0.22304832713754646,0.038461538461538464,0.03333333333333333,0.23923444976076555,lora_encoder_only_r28_all_seed0,dmid,iou_pred
61,0.22676579925650558,0.038461538461538464,0.03278688524590164,0.2403846153846154,lora_encoder_only_r28_all_seed0,dmid,iou_pred
62,0.23048327137546468,0.038461538461538464,0.03225806451612903,0.24154589371980675,lora_encoder_only_r28_all_seed0,dmid,iou_pred
63,0.2342007434944238,0.038461538461538464,0.031746031746031744,0.24271844660194175,lora_encoder_only_r28_all_seed0,dmid,iou_pred
64,0.2379182156133829,0.038461538461538464,0.03125,0.24390243902439024,lora_encoder_only_r28_all_seed0,dmid,iou_pred
65,0.241635687732342,0.038461538461538464,0.03076923076923077,0.24509803921568626,lora_encoder_only_r28_all_seed0,dmid,iou_pred
66,0.24535315985130113,0.038461538461538464,0.030303030303030304,0.24630541871921183,lora_encoder_only_r28_all_seed0,dmid,iou_pred
67,0.24907063197026022,0.038461538461538464,0.029850746268656716,0.24752475247524752,lora_encoder_only_r28_all_seed0,dmid,iou_pred
68,0.2527881040892193,0.038461538461538464,0.029411764705882353,0.24875621890547264,lora_encoder_only_r28_all_seed0,dmid,iou_pred
69,0.25650557620817843,0.057692307692307696,0.043478260869565216,0.245,lora_encoder_only_r28_all_seed0,dmid,iou_pred
70,0.26022304832713755,0.057692307692307696,0.04285714285714286,0.24623115577889448,lora_encoder_only_r28_all_seed0,dmid,iou_pred
71,0.26394052044609667,0.057692307692307696,0.04225352112676056,0.2474747474747475,lora_encoder_only_r28_all_seed0,dmid,iou_pred
72,0.26765799256505574,0.057692307692307696,0.041666666666666664,0.24873096446700507,lora_encoder_only_r28_all_seed0,dmid,iou_pred
73,0.27137546468401486,0.057692307692307696,0.0410958904109589,0.25,lora_encoder_only_r28_all_seed0,dmid,iou_pred
74,0.275092936802974,0.057692307692307696,0.04054054054054054,0.2512820512820513,lora_encoder_only_r28_all_seed0,dmid,iou_pred
75,0.2788104089219331,0.07692307692307693,0.05333333333333334,0.24742268041237114,lora_encoder_only_r28_all_seed0,dmid,iou_pred
76,0.2825278810408922,0.07692307692307693,0.05263157894736842,0.24870466321243523,lora_encoder_only_r28_all_seed0,dmid,iou_pred
77,0.2862453531598513,0.07692307692307693,0.05194805194805195,0.25,lora_encoder_only_r28_all_seed0,dmid,iou_pred
78,0.2899628252788104,0.07692307692307693,0.05128205128205128,0.2513089005235602,lora_encoder_only_r28_all_seed0,dmid,iou_pred
79,0.2936802973977695,0.07692307692307693,0.05063291139240506,0.25263157894736843,lora_encoder_only_r28_all_seed0,dmid,iou_pred
80,0.29739776951672864,0.07692307692307693,0.05,0.25396825396825395,lora_encoder_only_r28_all_seed0,dmid,iou_pred
81,0.30111524163568776,0.07692307692307693,0.04938271604938271,0.2553191489361702,lora_encoder_only_r28_all_seed0,dmid,iou_pred
82,0.3048327137546468,0.07692307692307693,0.04878048780487805,0.25668449197860965,lora_encoder_only_r28_all_seed0,dmid,iou_pred
83,0.30855018587360594,0.07692307692307693,0.04819277108433735,0.25806451612903225,lora_encoder_only_r28_all_seed0,dmid,iou_pred
84,0.31226765799256506,0.07692307692307693,0.047619047619047616,0.2594594594594595,lora_encoder_only_r28_all_seed0,dmid,iou_pred
85,0.3159851301115242,0.07692307692307693,0.047058823529411764,0.2608695652173913,lora_encoder_only_r28_all_seed0,dmid,iou_pred
86,0.31970260223048325,0.07692307692307693,0.046511627906976744,0.26229508196721313,lora_encoder_only_r28_all_seed0,dmid,iou_pred
87,0.32342007434944237,0.07692307692307693,0.04597701149425287,0.26373626373626374,lora_encoder_only_r28_all_seed0,dmid,iou_pred
88,0.3271375464684015,0.07692307692307693,0.045454545454545456,0.26519337016574585,lora_encoder_only_r28_all_seed0,dmid,iou_pred
89,0.3308550185873606,0.07692307692307693,0.0449438202247191,0.26666666666666666,lora_encoder_only_r28_all_seed0,dmid,iou_pred
90,0.3345724907063197,0.07692307692307693,0.044444444444444446,0.2681564245810056,lora_encoder_only_r28_all_seed0,dmid,iou_pred
91,0.3382899628252788,0.07692307692307693,0.04395604395604396,0.2696629213483146,lora_encoder_only_r28_all_seed0,dmid,iou_pred
92,0.3420074349442379,0.07692307692307693,0.043478260869565216,0.2711864406779661,lora_encoder_only_r28_all_seed0,dmid,iou_pred
93,0.34572490706319703,0.07692307692307693,0.043010752688172046,0.2727272727272727,lora_encoder_only_r28_all_seed0,dmid,iou_pred
94,0.34944237918215615,0.07692307692307693,0.0425531914893617,0.2742857142857143,lora_encoder_only_r28_all_seed0,dmid,iou_pred
95,0.35315985130111527,0.07692307692307693,0.042105263157894736,0.27586206896551724,lora_encoder_only_r28_all_seed0,dmid,iou_pred
96,0.35687732342007433,0.07692307692307693,0.041666666666666664,0.2774566473988439,lora_encoder_only_r28_all_seed0,dmid,iou_pred
97,0.36059479553903345,0.07692307692307693,0.041237113402061855,0.27906976744186046,lora_encoder_only_r28_all_seed0,dmid,iou_pred
98,0.3643122676579926,0.07692307692307693,0.04081632653061224,0.2807017543859649,lora_encoder_only_r28_all_seed0,dmid,iou_pred
99,0.3680297397769517,0.07692307692307693,0.04040404040404041,0.2823529411764706,lora_encoder_only_r28_all_seed0,dmid,iou_pred
100,0.37174721189591076,0.09615384615384616,0.05,0.2781065088757396,lora_encoder_only_r28_all_seed0,dmid,iou_pred
101,0.3754646840148699,0.09615384615384616,0.04950495049504951,0.27976190476190477,lora_encoder_only_r28_all_seed0,dmid,iou_pred
102,0.379182156133829,0.09615384615384616,0.049019607843137254,0.281437125748503,lora_encoder_only_r28_all_seed0,dmid,iou_pred
103,0.3828996282527881,0.09615384615384616,0.04854368932038835,0.28313253012048195,lora_encoder_only_r28_all_seed0,dmid,iou_pred
104,0.38661710037174724,0.09615384615384616,0.04807692307692308,0.28484848484848485,lora_encoder_only_r28_all_seed0,dmid,iou_pred
105,0.3903345724907063,0.11538461538461539,0.05714285714285714,0.2804878048780488,lora_encoder_only_r28_all_seed0,dmid,iou_pred
106,0.3940520446096654,0.11538461538461539,0.05660377358490566,0.2822085889570552,lora_encoder_only_r28_all_seed0,dmid,iou_pred
107,0.39776951672862454,0.11538461538461539,0.056074766355140186,0.2839506172839506,lora_encoder_only_r28_all_seed0,dmid,iou_pred
108,0.40148698884758366,0.11538461538461539,0.05555555555555555,0.2857142857142857,lora_encoder_only_r28_all_seed0,dmid,iou_pred
109,0.4052044609665427,0.11538461538461539,0.05504587155963303,0.2875,lora_encoder_only_r28_all_seed0,dmid,iou_pred
110,0.40892193308550184,0.11538461538461539,0.05454545454545454,0.2893081761006289,lora_encoder_only_r28_all_seed0,dmid,iou_pred
111,0.41263940520446096,0.11538461538461539,0.05405405405405406,0.2911392405063291,lora_encoder_only_r28_all_seed0,dmid,iou_pred
112,0.4163568773234201,0.11538461538461539,0.05357142857142857,0.2929936305732484,lora_encoder_only_r28_all_seed0,dmid,iou_pred
113,0.4200743494423792,0.11538461538461539,0.05309734513274336,0.2948717948717949,lora_encoder_only_r28_all_seed0,dmid,iou_pred
114,0.42379182156133827,0.11538461538461539,0.05263157894736842,0.2967741935483871,lora_encoder_only_r28_all_seed0,dmid,iou_pred
115,0.4275092936802974,0.11538461538461539,0.05217391304347826,0.2987012987012987,lora_encoder_only_r28_all_seed0,dmid,iou_pred
116,0.4312267657992565,0.11538461538461539,0.05172413793103448,0.3006535947712418,lora_encoder_only_r28_all_seed0,dmid,iou_pred
117,0.4349442379182156,0.11538461538461539,0.05128205128205128,0.3026315789473684,lora_encoder_only_r28_all_seed0,dmid,iou_pred
118,0.43866171003717475,0.11538461538461539,0.05084745762711865,0.304635761589404,lora_encoder_only_r28_all_seed0,dmid,iou_pred
119,0.4423791821561338,0.11538461538461539,0.05042016806722689,0.30666666666666664,lora_encoder_only_r28_all_seed0,dmid,iou_pred
120,0.44609665427509293,0.1346153846153846,0.058333333333333334,0.30201342281879195,lora_encoder_only_r28_all_seed0,dmid,iou_pred
121,0.44981412639405205,0.1346153846153846,0.05785123966942149,0.30405405405405406,lora_encoder_only_r28_all_seed0,dmid,iou_pred
122,0.45353159851301117,0.1346153846153846,0.05737704918032787,0.30612244897959184,lora_encoder_only_r28_all_seed0,dmid,iou_pred
123,0.45724907063197023,0.1346153846153846,0.056910569105691054,0.3082191780821918,lora_encoder_only_r28_all_seed0,dmid,iou_pred
124,0.46096654275092935,0.1346153846153846,0.056451612903225805,0.3103448275862069,lora_encoder_only_r28_all_seed0,dmid,iou_pred
125,0.4646840148698885,0.1346153846153846,0.056,0.3125,lora_encoder_only_r28_all_seed0,dmid,iou_pred
126,0.4684014869888476,0.1346153846153846,0.05555555555555555,0.3146853146853147,lora_encoder_only_r28_all_seed0,dmid,iou_pred
127,0.4721189591078067,0.1346153846153846,0.05511811023622047,0.31690140845070425,lora_encoder_only_r28_all_seed0,dmid,iou_pred
128,0.4758364312267658,0.1346153846153846,0.0546875,0.3191489361702128,lora_encoder_only_r28_all_seed0,dmid,iou_pred
129,0.4795539033457249,0.1346153846153846,0.05426356589147287,0.32142857142857145,lora_encoder_only_r28_all_seed0,dmid,iou_pred
130,0.483271375464684,0.1346153846153846,0.05384615384615385,0.3237410071942446,lora_encoder_only_r28_all_seed0,dmid,iou_pred
131,0.48698884758364314,0.1346153846153846,0.05343511450381679,0.32608695652173914,lora_encoder_only_r28_all_seed0,dmid,iou_pred
132,0.49070631970260226,0.1346153846153846,0.05303030303030303,0.3284671532846715,lora_encoder_only_r28_all_seed0,dmid,iou_pred
133,0.4944237918215613,0.1346153846153846,0.05263157894736842,0.33088235294117646,lora_encoder_only_r28_all_seed0,dmid,iou_pred
134,0.49814126394052044,0.1346153846153846,0.05223880597014925,0.3333333333333333,lora_encoder_only_r28_all_seed0,dmid,iou_pred
135,0.5018587360594795,0.1346153846153846,0.05185185185185185,0.3358208955223881,lora_encoder_only_r28_all_seed0,dmid,iou_pred
136,0.5055762081784386,0.15384615384615385,0.058823529411764705,0.3308270676691729,lora_encoder_only_r28_all_seed0,dmid,iou_pred
137,0.5092936802973977,0.17307692307692307,0.06569343065693431,0.32575757575757575,lora_encoder_only_r28_all_seed0,dmid,iou_pred
138,0.5130111524163569,0.17307692307692307,0.06521739130434782,0.3282442748091603,lora_encoder_only_r28_all_seed0,dmid,iou_pred
139,0.516728624535316,0.17307692307692307,0.06474820143884892,0.33076923076923076,lora_encoder_only_r28_all_seed0,dmid,iou_pred
140,0.5204460966542751,0.17307692307692307,0.06428571428571428,0.3333333333333333,lora_encoder_only_r28_all_seed0,dmid,iou_pred
141,0.5241635687732342,0.17307692307692307,0.06382978723404255,0.3359375,lora_encoder_only_r28_all_seed0,dmid,iou_pred
142,0.5278810408921933,0.19230769230769232,0.07042253521126761,0.33070866141732286,lora_encoder_only_r28_all_seed0,dmid,iou_pred
143,0.5315985130111525,0.19230769230769232,0.06993006993006994,0.3333333333333333,lora_encoder_only_r28_all_seed0,dmid,iou_pred
144,0.5353159851301115,0.19230769230769232,0.06944444444444445,0.336,lora_encoder_only_r28_all_seed0,dmid,iou_pred
145,0.5390334572490706,0.19230769230769232,0.06896551724137931,0.3387096774193548,lora_encoder_only_r28_all_seed0,dmid,iou_pred
146,0.5427509293680297,0.19230769230769232,0.0684931506849315,0.34146341463414637,lora_encoder_only_r28_all_seed0,dmid,iou_pred
147,0.5464684014869888,0.19230769230769232,0.06802721088435375,0.3442622950819672,lora_encoder_only_r28_all_seed0,dmid,iou_pred
148,0.550185873605948,0.19230769230769232,0.06756756756756757,0.34710743801652894,lora_encoder_only_r28_all_seed0,dmid,iou_pred
149,0.5539033457249071,0.19230769230769232,0.06711409395973154,0.35,lora_encoder_only_r28_all_seed0,dmid,iou_pred
150,0.5576208178438662,0.19230769230769232,0.06666666666666667,0.35294117647058826,lora_encoder_only_r28_all_seed0,dmid,iou_pred
151,0.5613382899628253,0.19230769230769232,0.06622516556291391,0.3559322033898305,lora_encoder_only_r28_all_seed0,dmid,iou_pred
152,0.5650557620817844,0.19230769230769232,0.06578947368421052,0.358974358974359,lora_encoder_only_r28_all_seed0,dmid,iou_pred
153,0.5687732342007435,0.21153846153846154,0.0718954248366013,0.35344827586206895,lora_encoder_only_r28_all_seed0,dmid,iou_pred
154,0.5724907063197026,0.21153846153846154,0.07142857142857142,0.3565217391304348,lora_encoder_only_r28_all_seed0,dmid,iou_pred
155,0.5762081784386617,0.21153846153846154,0.07096774193548387,0.35964912280701755,lora_encoder_only_r28_all_seed0,dmid,iou_pred
156,0.5799256505576208,0.21153846153846154,0.07051282051282051,0.36283185840707965,lora_encoder_only_r28_all_seed0,dmid,iou_pred
157,0.5836431226765799,0.21153846153846154,0.07006369426751592,0.36607142857142855,lora_encoder_only_r28_all_seed0,dmid,iou_pred
158,0.587360594795539,0.21153846153846154,0.06962025316455696,0.36936936936936937,lora_encoder_only_r28_all_seed0,dmid,iou_pred
159,0.5910780669144982,0.21153846153846154,0.06918238993710692,0.37272727272727274,lora_encoder_only_r28_all_seed0,dmid,iou_pred
160,0.5947955390334573,0.21153846153846154,0.06875,0.3761467889908257,lora_encoder_only_r28_all_seed0,dmid,iou_pred
161,0.5985130111524164,0.21153846153846154,0.06832298136645963,0.37962962962962965,lora_encoder_only_r28_all_seed0,dmid,iou_pred
162,0.6022304832713755,0.21153846153846154,0.06790123456790123,0.38317757009345793,lora_encoder_only_r28_all_seed0,dmid,iou_pred
163,0.6059479553903345,0.21153846153846154,0.06748466257668712,0.3867924528301887,lora_encoder_only_r28_all_seed0,dmid,iou_pred
164,0.6096654275092936,0.21153846153846154,0.06707317073170732,0.3904761904761905,lora_encoder_only_r28_all_seed0,dmid,iou_pred
165,0.6133828996282528,0.21153846153846154,0.06666666666666667,0.3942307692307692,lora_encoder_only_r28_all_seed0,dmid,iou_pred
166,0.6171003717472119,0.21153846153846154,0.06626506024096386,0.39805825242718446,lora_encoder_only_r28_all_seed0,dmid,iou_pred
167,0.620817843866171,0.21153846153846154,0.0658682634730539,0.4019607843137255,lora_encoder_only_r28_all_seed0,dmid,iou_pred
168,0.6245353159851301,0.21153846153846154,0.06547619047619048,0.40594059405940597,lora_encoder_only_r28_all_seed0,dmid,iou_pred
169,0.6282527881040892,0.21153846153846154,0.0650887573964497,0.41,lora_encoder_only_r28_all_seed0,dmid,iou_pred
170,0.6319702602230484,0.21153846153846154,0.06470588235294118,0.41414141414141414,lora_encoder_only_r28_all_seed0,dmid,iou_pred
171,0.6356877323420075,0.21153846153846154,0.06432748538011696,0.41836734693877553,lora_encoder_only_r28_all_seed0,dmid,iou_pred
172,0.6394052044609665,0.23076923076923078,0.06976744186046512,0.41237113402061853,lora_encoder_only_r28_all_seed0,dmid,iou_pred
173,0.6431226765799256,0.23076923076923078,0.06936416184971098,0.4166666666666667,lora_encoder_only_r28_all_seed0,dmid,iou_pred
174,0.6468401486988847,0.25,0.07471264367816093,0.4105263157894737,lora_encoder_only_r28_all_seed0,dmid,iou_pred
175,0.6505576208178439,0.25,0.07428571428571429,0.4148936170212766,lora_encoder_only_r28_all_seed0,dmid,iou_pred
176,0.654275092936803,0.25,0.07386363636363637,0.41935483870967744,lora_encoder_only_r28_all_seed0,dmid,iou_pred
177,0.6579925650557621,0.2692307692307692,0.07909604519774012,0.41304347826086957,lora_encoder_only_r28_all_seed0,dmid,iou_pred
178,0.6617100371747212,0.2692307692307692,0.07865168539325842,0.4175824175824176,lora_encoder_only_r28_all_seed0,dmid,iou_pred
179,0.6654275092936803,0.2692307692307692,0.0782122905027933,0.4222222222222222,lora_encoder_only_r28_all_seed0,dmid,iou_pred
180,0.6691449814126395,0.2692307692307692,0.07777777777777778,0.42696629213483145,lora_encoder_only_r28_all_seed0,dmid,iou_pred
181,0.6728624535315985,0.2692307692307692,0.07734806629834254,0.4318181818181818,lora_encoder_only_r28_all_seed0,dmid,iou_pred
182,0.6765799256505576,0.2692307692307692,0.07692307692307693,0.4367816091954023,lora_encoder_only_r28_all_seed0,dmid,iou_pred
183,0.6802973977695167,0.28846153846153844,0.08196721311475409,0.43023255813953487,lora_encoder_only_r28_all_seed0,dmid,iou_pred
184,0.6840148698884758,0.28846153846153844,0.08152173913043478,0.43529411764705883,lora_encoder_only_r28_all_seed0,dmid,iou_pred
185,0.6877323420074349,0.3076923076923077,0.08648648648648649,0.42857142857142855,lora_encoder_only_r28_all_seed0,dmid,iou_pred
186,0.6914498141263941,0.3076923076923077,0.08602150537634409,0.43373493975903615,lora_encoder_only_r28_all_seed0,dmid,iou_pred
187,0.6951672862453532,0.3269230769230769,0.09090909090909091,0.4268292682926829,lora_encoder_only_r28_all_seed0,dmid,iou_pred
188,0.6988847583643123,0.3269230769230769,0.09042553191489362,0.43209876543209874,lora_encoder_only_r28_all_seed0,dmid,iou_pred
189,0.7026022304832714,0.3269230769230769,0.08994708994708994,0.4375,lora_encoder_only_r28_all_seed0,dmid,iou_pred
190,0.7063197026022305,0.34615384615384615,0.09473684210526316,0.43037974683544306,lora_encoder_only_r28_all_seed0,dmid,iou_pred
191,0.7100371747211895,0.36538461538461536,0.09947643979057591,0.4230769230769231,lora_encoder_only_r28_all_seed0,dmid,iou_pred
192,0.7137546468401487,0.36538461538461536,0.09895833333333333,0.42857142857142855,lora_encoder_only_r28_all_seed0,dmid,iou_pred
193,0.7174721189591078,0.36538461538461536,0.09844559585492228,0.4342105263157895,lora_encoder_only_r28_all_seed0,dmid,iou_pred
194,0.7211895910780669,0.38461538461538464,0.10309278350515463,0.4266666666666667,lora_encoder_only_r28_all_seed0,dmid,iou_pred
195,0.724907063197026,0.38461538461538464,0.10256410256410256,0.43243243243243246,lora_encoder_only_r28_all_seed0,dmid,iou_pred
196,0.7286245353159851,0.40384615384615385,0.10714285714285714,0.4246575342465753,lora_encoder_only_r28_all_seed0,dmid,iou_pred
197,0.7323420074349443,0.40384615384615385,0.1065989847715736,0.4305555555555556,lora_encoder_only_r28_all_seed0,dmid,iou_pred
198,0.7360594795539034,0.40384615384615385,0.10606060606060606,0.43661971830985913,lora_encoder_only_r28_all_seed0,dmid,iou_pred
199,0.7397769516728625,0.4230769230769231,0.11055276381909548,0.42857142857142855,lora_encoder_only_r28_all_seed0,dmid,iou_pred
200,0.7434944237918215,0.4423076923076923,0.115,0.42028985507246375,lora_encoder_only_r28_all_seed0,dmid,iou_pred
201,0.7472118959107806,0.46153846153846156,0.11940298507462686,0.4117647058823529,lora_encoder_only_r28_all_seed0,dmid,iou_pred
202,0.7509293680297398,0.46153846153846156,0.1188118811881188,0.417910447761194,lora_encoder_only_r28_all_seed0,dmid,iou_pred
203,0.7546468401486989,0.46153846153846156,0.11822660098522167,0.42424242424242425,lora_encoder_only_r28_all_seed0,dmid,iou_pred
204,0.758364312267658,0.4807692307692308,0.12254901960784313,0.4153846153846154,lora_encoder_only_r28_all_seed0,dmid,iou_pred
205,0.7620817843866171,0.5,0.12682926829268293,0.40625,lora_encoder_only_r28_all_seed0,dmid,iou_pred
206,0.7657992565055762,0.5,0.1262135922330097,0.4126984126984127,lora_encoder_only_r28_all_seed0,dmid,iou_pred
207,0.7695167286245354,0.5,0.12560386473429952,0.41935483870967744,lora_encoder_only_r28_all_seed0,dmid,iou_pred
208,0.7732342007434945,0.5,0.125,0.4262295081967213,lora_encoder_only_r28_all_seed0,dmid,iou_pred
209,0.7769516728624535,0.5192307692307693,0.1291866028708134,0.4166666666666667,lora_encoder_only_r28_all_seed0,dmid,iou_pred
210,0.7806691449814126,0.5384615384615384,0.13333333333333333,0.4067796610169492,lora_encoder_only_r28_all_seed0,dmid,iou_pred
211,0.7843866171003717,0.5384615384615384,0.13270142180094788,0.41379310344827586,lora_encoder_only_r28_all_seed0,dmid,iou_pred
212,0.7881040892193308,0.5576923076923077,0.13679245283018868,0.40350877192982454,lora_encoder_only_r28_all_seed0,dmid,iou_pred
213,0.79182156133829,0.5769230769230769,0.14084507042253522,0.39285714285714285,lora_encoder_only_r28_all_seed0,dmid,iou_pred
214,0.7955390334572491,0.5769230769230769,0.14018691588785046,0.4,lora_encoder_only_r28_all_seed0,dmid,iou_pred
215,0.7992565055762082,0.5961538461538461,0.14418604651162792,0.3888888888888889,lora_encoder_only_r28_all_seed0,dmid,iou_pred
216,0.8029739776951673,0.6153846153846154,0.14814814814814814,0.37735849056603776,lora_encoder_only_r28_all_seed0,dmid,iou_pred
217,0.8066914498141264,0.6346153846153846,0.15207373271889402,0.36538461538461536,lora_encoder_only_r28_all_seed0,dmid,iou_pred
218,0.8104089219330854,0.6346153846153846,0.15137614678899083,0.37254901960784315,lora_encoder_only_r28_all_seed0,dmid,iou_pred
219,0.8141263940520446,0.6538461538461539,0.1552511415525114,0.36,lora_encoder_only_r28_all_seed0,dmid,iou_pred
220,0.8178438661710037,0.6538461538461539,0.15454545454545454,0.3673469387755102,lora_encoder_only_r28_all_seed0,dmid,iou_pred
221,0.8215613382899628,0.6538461538461539,0.15384615384615385,0.375,lora_encoder_only_r28_all_seed0,dmid,iou_pred
222,0.8252788104089219,0.6538461538461539,0.15315315315315314,0.3829787234042553,lora_encoder_only_r28_all_seed0,dmid,iou_pred
223,0.828996282527881,0.6538461538461539,0.15246636771300448,0.391304347826087,lora_encoder_only_r28_all_seed0,dmid,iou_pred
224,0.8327137546468402,0.6730769230769231,0.15625,0.37777777777777777,lora_encoder_only_r28_all_seed0,dmid,iou_pred
225,0.8364312267657993,0.6923076923076923,0.16,0.36363636363636365,lora_encoder_only_r28_all_seed0,dmid,iou_pred
226,0.8401486988847584,0.7115384615384616,0.16371681415929204,0.3488372093023256,lora_encoder_only_r28_all_seed0,dmid,iou_pred
227,0.8438661710037175,0.7307692307692307,0.16740088105726872,0.3333333333333333,lora_encoder_only_r28_all_seed0,dmid,iou_pred
228,0.8475836431226765,0.75,0.17105263157894737,0.3170731707317073,lora_encoder_only_r28_all_seed0,dmid,iou_pred
229,0.8513011152416357,0.7692307692307693,0.17467248908296942,0.3,lora_encoder_only_r28_all_seed0,dmid,iou_pred
230,0.8550185873605948,0.7692307692307693,0.17391304347826086,0.3076923076923077,lora_encoder_only_r28_all_seed0,dmid,iou_pred
231,0.8587360594795539,0.7692307692307693,0.17316017316017315,0.3157894736842105,lora_encoder_only_r28_all_seed0,dmid,iou_pred
232,0.862453531598513,0.7692307692307693,0.1724137931034483,0.32432432432432434,lora_encoder_only_r28_all_seed0,dmid,iou_pred
233,0.8661710037174721,0.7884615384615384,0.1759656652360515,0.3055555555555556,lora_encoder_only_r28_all_seed0,dmid,iou_pred
234,0.8698884758364313,0.7884615384615384,0.1752136752136752,0.3142857142857143,lora_encoder_only_r28_all_seed0,dmid,iou_pred
235,0.8736059479553904,0.7884615384615384,0.17446808510638298,0.3235294117647059,lora_encoder_only_r28_all_seed0,dmid,iou_pred
236,0.8773234200743495,0.7884615384615384,0.17372881355932204,0.3333333333333333,lora_encoder_only_r28_all_seed0,dmid,iou_pred
237,0.8810408921933085,0.8076923076923077,0.17721518987341772,0.3125,lora_encoder_only_r28_all_seed0,dmid,iou_pred
238,0.8847583643122676,0.8269230769230769,0.18067226890756302,0.2903225806451613,lora_encoder_only_r28_all_seed0,dmid,iou_pred
239,0.8884758364312267,0.8461538461538461,0.18410041841004185,0.26666666666666666,lora_encoder_only_r28_all_seed0,dmid,iou_pred
240,0.8921933085501859,0.8461538461538461,0.18333333333333332,0.27586206896551724,lora_encoder_only_r28_all_seed0,dmid,iou_pred
241,0.895910780669145,0.8653846153846154,0.18672199170124482,0.25,lora_encoder_only_r28_all_seed0,dmid,iou_pred
242,0.8996282527881041,0.8653846153846154,0.1859504132231405,0.25925925925925924,lora_encoder_only_r28_all_seed0,dmid,iou_pred
243,0.9033457249070632,0.8846153846153846,0.18930041152263374,0.23076923076923078,lora_encoder_only_r28_all_seed0,dmid,iou_pred
244,0.9070631970260223,0.8846153846153846,0.1885245901639344,0.24,lora_encoder_only_r28_all_seed0,dmid,iou_pred
245,0.9107806691449815,0.8846153846153846,0.18775510204081633,0.25,lora_encoder_only_r28_all_seed0,dmid,iou_pred
246,0.9144981412639405,0.8846153846153846,0.18699186991869918,0.2608695652173913,lora_encoder_only_r28_all_seed0,dmid,iou_pred
247,0.9182156133828996,0.8846153846153846,0.1862348178137652,0.2727272727272727,lora_encoder_only_r28_all_seed0,dmid,iou_pred
248,0.9219330855018587,0.8846153846153846,0.18548387096774194,0.2857142857142857,lora_encoder_only_r28_all_seed0,dmid,iou_pred
249,0.9256505576208178,0.8846153846153846,0.18473895582329317,0.3,lora_encoder_only_r28_all_seed0,dmid,iou_pred
250,0.929368029739777,0.8846153846153846,0.184,0.3157894736842105,lora_encoder_only_r28_all_seed0,dmid,iou_pred
251,0.9330855018587361,0.9038461538461539,0.18725099601593626,0.2777777777777778,lora_encoder_only_r28_all_seed0,dmid,iou_pred
252,0.9368029739776952,0.9038461538461539,0.1865079365079365,0.29411764705882354,lora_encoder_only_r28_all_seed0,dmid,iou_pred
253,0.9405204460966543,0.9230769230769231,0.18972332015810275,0.25,lora_encoder_only_r28_all_seed0,dmid,iou_pred
254,0.9442379182156134,0.9230769230769231,0.1889763779527559,0.26666666666666666,lora_encoder_only_r28_all_seed0,dmid,iou_pred
255,0.9479553903345725,0.9230769230769231,0.18823529411764706,0.2857142857142857,lora_encoder_only_r28_all_seed0,dmid,iou_pred
256,0.9516728624535316,0.9230769230769231,0.1875,0.3076923076923077,lora_encoder_only_r28_all_seed0,dmid,iou_pred
257,0.9553903345724907,0.9423076923076923,0.19066147859922178,0.25,lora_encoder_only_r28_all_seed0,dmid,iou_pred
258,0.9591078066914498,0.9423076923076923,0.18992248062015504,0.2727272727272727,lora_encoder_only_r28_all_seed0,dmid,iou_pred
259,0.9628252788104089,0.9423076923076923,0.1891891891891892,0.3,lora_encoder_only_r28_all_seed0,dmid,iou_pred
260,0.966542750929368,0.9423076923076923,0.18846153846153846,0.3333333333333333,lora_encoder_only_r28_all_seed0,dmid,iou_pred
261,0.9702602230483272,0.9423076923076923,0.18773946360153257,0.375,lora_encoder_only_r28_all_seed0,dmid,iou_pred
262,0.9739776951672863,0.9615384615384616,0.19083969465648856,0.2857142857142857,lora_encoder_only_r28_all_seed0,dmid,iou_pred
263,0.9776951672862454,0.9615384615384616,0.19011406844106463,0.3333333333333333,lora_encoder_only_r28_all_seed0,dmid,iou_pred
264,0.9814126394052045,0.9615384615384616,0.1893939393939394,0.4,lora_encoder_only_r28_all_seed0,dmid,iou_pred
265,0.9851301115241635,0.9615384615384616,0.18867924528301888,0.5,lora_encoder_only_r28_all_seed0,dmid,iou_pred
266,0.9888475836431226,0.9615384615384616,0.18796992481203006,0.6666666666666666,lora_encoder_only_r28_all_seed0,dmid,iou_pred
267,0.9925650557620818,0.9807692307692307,0.19101123595505617,0.5,lora_encoder_only_r28_all_seed0,dmid,iou_pred
268,0.9962825278810409,0.9807692307692307,0.19029850746268656,1.0,lora_encoder_only_r28_all_seed0,dmid,iou_pred
269,1.0,1.0,0.19330855018587362,,lora_encoder_only_r28_all_seed0,dmid,iou_pred
0,0.0,0.0,,0.1895910780669145,full_ft_seed0,dmid,drift
1,0.0037174721189591076,0.0,0.0,0.19029850746268656,full_ft_seed0,dmid,drift
2,0.007434944237918215,0.0,0.0,0.19101123595505617,full_ft_seed0,dmid,drift
3,0.011152416356877323,0.0,0.0,0.19172932330827067,full_ft_seed0,dmid,drift
4,0.01486988847583643,0.0,0.0,0.19245283018867926,full_ft_seed0,dmid,drift
5,0.01858736059479554,0.0,0.0,0.19318181818181818,full_ft_seed0,dmid,drift
6,0.022304832713754646,0.0,0.0,0.19391634980988592,full_ft_seed0,dmid,drift
7,0.026022304832713755,0.0,0.0,0.1946564885496183,full_ft_seed0,dmid,drift
8,0.02973977695167286,0.0,0.0,0.19540229885057472,full_ft_seed0,dmid,drift
9,0.03345724907063197,0.0,0.0,0.19615384615384615,full_ft_seed0,dmid,drift
10,0.03717472118959108,0.0,0.0,0.1969111969111969,full_ft_seed0,dmid,drift
11,0.040892193308550186,0.0196078431372549,0.09090909090909091,0.1937984496124031,full_ft_seed0,dmid,drift
12,0.04460966542750929,0.0196078431372549,0.08333333333333333,0.19455252918287938,full_ft_seed0,dmid,drift
13,0.048327137546468404,0.0196078431372549,0.07692307692307693,0.1953125,full_ft_seed0,dmid,drift
14,0.05204460966542751,0.0392156862745098,0.14285714285714285,0.19215686274509805,full_ft_seed0,dmid,drift
15,0.055762081784386616,0.058823529411764705,0.2,0.1889763779527559,full_ft_seed0,dmid,drift
16,0.05947955390334572,0.0784313725490196,0.25,0.1857707509881423,full_ft_seed0,dmid,drift
17,0.06319702602230483,0.0784313725490196,0.23529411764705882,0.1865079365079365,full_ft_seed0,dmid,drift
18,0.06691449814126393,0.09803921568627451,0.2777777777777778,0.18326693227091634,full_ft_seed0,dmid,drift
19,0.07063197026022305,0.11764705882352941,0.3157894736842105,0.18,full_ft_seed0,dmid,drift
20,0.07434944237918216,0.11764705882352941,0.3,0.18072289156626506,full_ft_seed0,dmid,drift
21,0.07806691449814127,0.13725490196078433,0.3333333333333333,0.1774193548387097,full_ft_seed0,dmid,drift
22,0.08178438661710037,0.1568627450980392,0.36363636363636365,0.17408906882591094,full_ft_seed0,dmid,drift
23,0.08550185873605948,0.1568627450980392,0.34782608695652173,0.17479674796747968,full_ft_seed0,dmid,drift
24,0.08921933085501858,0.1568627450980392,0.3333333333333333,0.17551020408163265,full_ft_seed0,dmid,drift
25,0.09293680297397769,0.1568627450980392,0.32,0.1762295081967213,full_ft_seed0,dmid,drift
26,0.09665427509293681,0.1568627450980392,0.3076923076923077,0.17695473251028807,full_ft_seed0,dmid,drift
27,0.10037174721189591,0.1568627450980392,0.2962962962962963,0.17768595041322313,full_ft_seed0,dmid,drift
28,0.10408921933085502,0.1568627450980392,0.2857142857142857,0.17842323651452283,full_ft_seed0,dmid,drift
29,0.10780669144981413,0.1568627450980392,0.27586206896551724,0.17916666666666667,full_ft_seed0,dmid,drift
30,0.11152416356877323,0.1568627450980392,0.26666666666666666,0.1799163179916318,full_ft_seed0,dmid,drift
31,0.11524163568773234,0.1568627450980392,0.25806451612903225,0.18067226890756302,full_ft_seed0,dmid,drift
32,0.11895910780669144,0.1568627450980392,0.25,0.18143459915611815,full_ft_seed0,dmid,drift
33,0.12267657992565056,0.1568627450980392,0.24242424242424243,0.18220338983050846,full_ft_seed0,dmid,drift
34,0.12639405204460966,0.1568627450980392,0.23529411764705882,0.1829787234042553,full_ft_seed0,dmid,drift
35,0.13011152416356878,0.1568627450980392,0.22857142857142856,0.18376068376068377,full_ft_seed0,dmid,drift
36,0.13382899628252787,0.1568627450980392,0.2222222222222222,0.18454935622317598,full_ft_seed0,dmid,drift
37,0.137546468401487,0.1568627450980392,0.21621621621621623,0.1853448275862069,full_ft_seed0,dmid,drift
38,0.1412639405204461,0.17647058823529413,0.23684210526315788,0.18181818181818182,full_ft_seed0,dmid,drift
39,0.1449814126394052,0.19607843137254902,0.2564102564102564,0.1782608695652174,full_ft_seed0,dmid,drift
40,0.14869888475836432,0.21568627450980393,0.275,0.17467248908296942,full_ft_seed0,dmid,drift
41,0.1524163568773234,0.21568627450980393,0.2682926829268293,0.17543859649122806,full_ft_seed0,dmid,drift
42,0.15613382899628253,0.21568627450980393,0.2619047619047619,0.1762114537444934,full_ft_seed0,dmid,drift
43,0.15985130111524162,0.21568627450980393,0.2558139534883721,0.17699115044247787,full_ft_seed0,dmid,drift
44,0.16356877323420074,0.21568627450980393,0.25,0.17777777777777778,full_ft_seed0,dmid,drift
45,0.16728624535315986,0.21568627450980393,0.24444444444444444,0.17857142857142858,full_ft_seed0,dmid,drift
46,0.17100371747211895,0.21568627450980393,0.2391304347826087,0.17937219730941703,full_ft_seed0,dmid,drift
47,0.17472118959107807,0.21568627450980393,0.23404255319148937,0.18018018018018017,full_ft_seed0,dmid,drift
48,0.17843866171003717,0.21568627450980393,0.22916666666666666,0.18099547511312217,full_ft_seed0,dmid,drift
49,0.1821561338289963,0.23529411764705882,0.24489795918367346,0.17727272727272728,full_ft_seed0,dmid,drift
50,0.18587360594795538,0.23529411764705882,0.24,0.1780821917808219,full_ft_seed0,dmid,drift
51,0.1895910780669145,0.23529411764705882,0.23529411764705882,0.17889908256880735,full_ft_seed0,dmid,drift
52,0.19330855018587362,0.2549019607843137,0.25,0.17511520737327188,full_ft_seed0,dmid,drift
53,0.1970260223048327,0.2549019607843137,0.24528301886792453,0.17592592592592593,full_ft_seed0,dmid,drift
54,0.20074349442379183,0.27450980392156865,0.25925925925925924,0.17209302325581396,full_ft_seed0,dmid,drift
55,0.20446096654275092,0.27450980392156865,0.2545454545454545,0.17289719626168223,full_ft_seed0,dmid,drift
56,0.20817843866171004,0.27450980392156865,0.25,0.17370892018779344,full_ft_seed0,dmid,drift
57,0.21189591078066913,0.27450980392156865,0.24561403508771928,0.17452830188679244,full_ft_seed0,dmid,drift
58,0.21561338289962825,0.27450980392156865,0.2413793103448276,0.17535545023696683,full_ft_seed0,dmid,drift
59,0.21933085501858737,0.27450980392156865,0.23728813559322035,0.1761904761904762,full_ft_seed0,dmid,drift
60,0.22304832713754646,0.27450980392156865,0.23333333333333334,0.17703349282296652,full_ft_seed0,dmid,drift
61,0.22676579925650558,0.27450980392156865,0.22950819672131148,0.1778846153846154,full_ft_seed0,dmid,drift
62,0.23048327137546468,0.29411764705882354,0.24193548387096775,0.17391304347826086,full_ft_seed0,dmid,drift
63,0.2342007434944238,0.29411764705882354,0.23809523809523808,0.17475728155339806,full_ft_seed0,dmid,drift
64,0.2379182156133829,0.3137254901960784,0.25,0.17073170731707318,full_ft_seed0,dmid,drift
65,0.241635687732342,0.3137254901960784,0.24615384615384617,0.1715686274509804,full_ft_seed0,dmid,drift
66,0.24535315985130113,0.3333333333333333,0.25757575757575757,0.16748768472906403,full_ft_seed0,dmid,drift
67,0.24907063197026022,0.3333333333333333,0.2537313432835821,0.16831683168316833,full_ft_seed0,dmid,drift
68,0.2527881040892193,0.35294117647058826,0.2647058823529412,0.16417910447761194,full_ft_seed0,dmid,drift
69,0.25650557620817843,0.35294117647058826,0.2608695652173913,0.165,full_ft_seed0,dmid,drift
70,0.26022304832713755,0.35294117647058826,0.2571428571428571,0.1658291457286432,full_ft_seed0,dmid,drift
71,0.26394052044609667,0.35294117647058826,0.2535211267605634,0.16666666666666666,full_ft_seed0,dmid,drift
72,0.26765799256505574,0.35294117647058826,0.25,0.16751269035532995,full_ft_seed0,dmid,drift
73,0.27137546468401486,0.35294117647058826,0.2465753424657534,0.1683673469387755,full_ft_seed0,dmid,drift
74,0.275092936802974,0.35294117647058826,0.24324324324324326,0.16923076923076924,full_ft_seed0,dmid,drift
75,0.2788104089219331,0.35294117647058826,0.24,0.17010309278350516,full_ft_seed0,dmid,drift
76,0.2825278810408922,0.37254901960784315,0.25,0.16580310880829016,full_ft_seed0,dmid,drift
77,0.2862453531598513,0.39215686274509803,0.2597402597402597,0.16145833333333334,full_ft_seed0,dmid,drift
78,0.2899628252788104,0.39215686274509803,0.2564102564102564,0.16230366492146597,full_ft_seed0,dmid,drift
79,0.2936802973977695,0.39215686274509803,0.25316455696202533,0.1631578947368421,full_ft_seed0,dmid,drift
80,0.29739776951672864,0.39215686274509803,0.25,0.164021164021164,full_ft_seed0,dmid,drift
81,0.30111524163568776,0.39215686274509803,0.24691358024691357,0.16489361702127658,full_ft_seed0,dmid,drift
82,0.3048327137546468,0.39215686274509803,0.24390243902439024,0.1657754010695187,full_ft_seed0,dmid,drift
83,0.30855018587360594,0.39215686274509803,0.24096385542168675,0.16666666666666666,full_ft_seed0,dmid,drift
84,0.31226765799256506,0.4117647058823529,0.25,0.16216216216216217,full_ft_seed0,dmid,drift
85,0.3159851301115242,0.4117647058823529,0.24705882352941178,0.16304347826086957,full_ft_seed0,dmid,drift
86,0.31970260223048325,0.4117647058823529,0.2441860465116279,0.16393442622950818,full_ft_seed0,dmid,drift
87,0.32342007434944237,0.4117647058823529,0.2413793103448276,0.16483516483516483,full_ft_seed0,dmid,drift
88,0.3271375464684015,0.4117647058823529,0.23863636363636365,0.16574585635359115,full_ft_seed0,dmid,drift
89,0.3308550185873606,0.4117647058823529,0.23595505617977527,0.16666666666666666,full_ft_seed0,dmid,drift
90,0.3345724907063197,0.4117647058823529,0.23333333333333334,0.16759776536312848,full_ft_seed0,dmid,drift
91,0.3382899628252788,0.43137254901960786,0.24175824175824176,0.16292134831460675,full_ft_seed0,dmid,drift
92,0.3420074349442379,0.43137254901960786,0.2391304347826087,0.1638418079096045,full_ft_seed0,dmid,drift
93,0.34572490706319703,0.43137254901960786,0.23655913978494625,0.16477272727272727,full_ft_seed0,dmid,drift
94,0.34944237918215615,0.43137254901960786,0.23404255319148937,0.1657142857142857,full_ft_seed0,dmid,drift
95,0.35315985130111527,0.45098039215686275,0.24210526315789474,0.16091954022988506,full_ft_seed0,dmid,drift
96,0.35687732342007433,0.45098039215686275,0.23958333333333334,0.16184971098265896,full_ft_seed0,dmid,drift
97,0.36059479553903345,0.45098039215686275,0.23711340206185566,0.16279069767441862,full_ft_seed0,dmid,drift
98,0.3643122676579926,0.45098039215686275,0.23469387755102042,0.16374269005847952,full_ft_seed0,dmid,drift
99,0.3680297397769517,0.45098039215686275,0.23232323232323232,0.16470588235294117,full_ft_seed0,dmid,drift
100,0.37174721189591076,0.45098039215686275,0.23,0.16568047337278108,full_ft_seed0,dmid,drift
101,0.3754646840148699,0.45098039215686275,0.22772277227722773,0.16666666666666666,full_ft_seed0,dmid,drift
102,0.379182156133829,0.47058823529411764,0.23529411764705882,0.16167664670658682,full_ft_seed0,dmid,drift
103,0.3828996282527881,0.47058823529411764,0.23300970873786409,0.16265060240963855,full_ft_seed0,dmid,drift
104,0.38661710037174724,0.49019607843137253,0.2403846153846154,0.15757575757575756,full_ft_seed0,dmid,drift
105,0.3903345724907063,0.49019607843137253,0.23809523809523808,0.15853658536585366,full_ft_seed0,dmid,drift
106,0.3940520446096654,0.49019607843137253,0.2358490566037736,0.15950920245398773,full_ft_seed0,dmid,drift
107,0.39776951672862454,0.49019607843137253,0.2336448598130841,0.16049382716049382,full_ft_seed0,dmid,drift
108,0.40148698884758366,0.49019607843137253,0.23148148148148148,0.16149068322981366,full_ft_seed0,dmid,drift
109,0.4052044609665427,0.49019607843137253,0.22935779816513763,0.1625,full_ft_seed0,dmid,drift
110,0.40892193308550184,0.49019607843137253,0.22727272727272727,0.16352201257861634,full_ft_seed0,dmid,drift
111,0.41263940520446096,0.49019607843137253,0.22522522522522523,0.16455696202531644,full_ft_seed0,dmid,drift
112,0.4163568773234201,0.49019607843137253,0.22321428571428573,0.16560509554140126,full_ft_seed0,dmid,drift
113,0.4200743494423792,0.49019607843137253,0.22123893805309736,0.16666666666666666,full_ft_seed0,dmid,drift
114,0.42379182156133827,0.49019607843137253,0.21929824561403508,0.16774193548387098,full_ft_seed0,dmid,drift
115,0.4275092936802974,0.49019607843137253,0.21739130434782608,0.16883116883116883,full_ft_seed0,dmid,drift
116,0.4312267657992565,0.49019607843137253,0.21551724137931033,0.16993464052287582,full_ft_seed0,dmid,drift
117,0.4349442379182156,0.49019607843137253,0.21367521367521367,0.17105263157894737,full_ft_seed0,dmid,drift
118,0.43866171003717475,0.5098039215686274,0.22033898305084745,0.16556291390728478,full_ft_seed0,dmid,drift
119,0.4423791821561338,0.5098039215686274,0.2184873949579832,0.16666666666666666,full_ft_seed0,dmid,drift
120,0.44609665427509293,0.5098039215686274,0.21666666666666667,0.16778523489932887,full_ft_seed0,dmid,drift
121,0.44981412639405205,0.5098039215686274,0.21487603305785125,0.16891891891891891,full_ft_seed0,dmid,drift
122,0.45353159851301117,0.5294117647058824,0.22131147540983606,0.16326530612244897,full_ft_seed0,dmid,drift
123,0.45724907063197023,0.5294117647058824,0.21951219512195122,0.1643835616438356,full_ft_seed0,dmid,drift
124,0.46096654275092935,0.5294117647058824,0.21774193548387097,0.16551724137931034,full_ft_seed0,dmid,drift
125,0.4646840148698885,0.5490196078431373,0.224,0.1597222222222222,full_ft_seed0,dmid,drift
126,0.4684014869888476,0.5490196078431373,0.2222222222222222,0.16083916083916083,full_ft_seed0,dmid,drift
127,0.4721189591078067,0.5490196078431373,0.2204724409448819,0.1619718309859155,full_ft_seed0,dmid,drift
128,0.4758364312267658,0.5490196078431373,0.21875,0.16312056737588654,full_ft_seed0,dmid,drift
129,0.4795539033457249,0.5490196078431373,0.21705426356589147,0.16428571428571428,full_ft_seed0,dmid,drift
130,0.483271375464684,0.5490196078431373,0.2153846153846154,0.16546762589928057,full_ft_seed0,dmid,drift
131,0.48698884758364314,0.5490196078431373,0.21374045801526717,0.16666666666666666,full_ft_seed0,dmid,drift
132,0.49070631970260226,0.5490196078431373,0.21212121212121213,0.1678832116788321,full_ft_seed0,dmid,drift
133,0.4944237918215613,0.5686274509803921,0.21804511278195488,0.16176470588235295,full_ft_seed0,dmid,drift
134,0.49814126394052044,0.5882352941176471,0.22388059701492538,0.15555555555555556,full_ft_seed0,dmid,drift
135,0.5018587360594795,0.5882352941176471,0.2222222222222222,0.15671641791044777,full_ft_seed0,dmid,drift
136,0.5055762081784386,0.6078431372549019,0.22794117647058823,0.15037593984962405,full_ft_seed0,dmid,drift
137,0.5092936802973977,0.6078431372549019,0.22627737226277372,0.15151515151515152,full_ft_seed0,dmid,drift
138,0.5130111524163569,0.6078431372549019,0.2246376811594203,0.15267175572519084,full_ft_seed0,dmid,drift
139,0.516728624535316,0.6078431372549019,0.22302158273381295,0.15384615384615385,full_ft_seed0,dmid,drift
140,0.5204460966542751,0.6078431372549019,0.22142857142857142,0.15503875968992248,full_ft_seed0,dmid,drift
141,0.5241635687732342,0.6274509803921569,0.22695035460992907,0.1484375,full_ft_seed0,dmid,drift
142,0.5278810408921933,0.6274509803921569,0.22535211267605634,0.14960629921259844,full_ft_seed0,dmid,drift
143,0.5315985130111525,0.6274509803921569,0.22377622377622378,0.15079365079365079,full_ft_seed0,dmid,drift
144,0.5353159851301115,0.6274509803921569,0.2222222222222222,0.152,full_ft_seed0,dmid,drift
145,0.5390334572490706,0.6274509803921569,0.2206896551724138,0.1532258064516129,full_ft_seed0,dmid,drift
146,0.5427509293680297,0.6274509803921569,0.2191780821917808,0.15447154471544716,full_ft_seed0,dmid,drift
147,0.5464684014869888,0.6274509803921569,0.21768707482993196,0.1557377049180328,full_ft_seed0,dmid,drift
148,0.550185873605948,0.6274509803921569,0.21621621621621623,0.15702479338842976,full_ft_seed0,dmid,drift
149,0.5539033457249071,0.6274509803921569,0.21476510067114093,0.15833333333333333,full_ft_seed0,dmid,drift
150,0.5576208178438662,0.6470588235294118,0.22,0.15126050420168066,full_ft_seed0,dmid,drift
151,0.5613382899628253,0.6470588235294118,0.2185430463576159,0.15254237288135594,full_ft_seed0,dmid,drift
152,0.5650557620817844,0.6470588235294118,0.21710526315789475,0.15384615384615385,full_ft_seed0,dmid,drift
153,0.5687732342007435,0.6470588235294118,0.21568627450980393,0.15517241379310345,full_ft_seed0,dmid,drift
154,0.5724907063197026,0.6470588235294118,0.21428571428571427,0.1565217391304348,full_ft_seed0,dmid,drift
155,0.5762081784386617,0.6666666666666666,0.21935483870967742,0.14912280701754385,full_ft_seed0,dmid,drift
156,0.5799256505576208,0.6666666666666666,0.21794871794871795,0.1504424778761062,full_ft_seed0,dmid,drift
157,0.5836431226765799,0.6666666666666666,0.21656050955414013,0.15178571428571427,full_ft_seed0,dmid,drift
158,0.587360594795539,0.6666666666666666,0.21518987341772153,0.15315315315315314,full_ft_seed0,dmid,drift
159,0.5910780669144982,0.6862745098039216,0.22012578616352202,0.14545454545454545,full_ft_seed0,dmid,drift
160,0.5947955390334573,0.7058823529411765,0.225,0.13761467889908258,full_ft_seed0,dmid,drift
161,0.5985130111524164,0.7058823529411765,0.2236024844720497,0.1388888888888889,full_ft_seed0,dmid,drift
162,0.6022304832713755,0.7058823529411765,0.2222222222222222,0.14018691588785046,full_ft_seed0,dmid,drift
163,0.6059479553903345,0.7254901960784313,0.22699386503067484,0.1320754716981132,full_ft_seed0,dmid,drift
164,0.6096654275092936,0.7254901960784313,0.22560975609756098,0.13333333333333333,full_ft_seed0,dmid,drift
165,0.6133828996282528,0.7254901960784313,0.22424242424242424,0.1346153846153846,full_ft_seed0,dmid,drift
166,0.6171003717472119,0.7254901960784313,0.22289156626506024,0.13592233009708737,full_ft_seed0,dmid,drift
167,0.620817843866171,0.7254901960784313,0.2215568862275449,0.13725490196078433,full_ft_seed0,dmid,drift
168,0.6245353159851301,0.7254901960784313,0.22023809523809523,0.13861386138613863,full_ft_seed0,dmid,drift
169,0.6282527881040892,0.7254901960784313,0.21893491124260356,0.14,full_ft_seed0,dmid,drift
170,0.6319702602230484,0.7254901960784313,0.21764705882352942,0.1414141414141414,full_ft_seed0,dmid,drift
171,0.6356877323420075,0.7254901960784313,0.21637426900584794,0.14285714285714285,full_ft_seed0,dmid,drift
172,0.6394052044609665,0.7254901960784313,0.21511627906976744,0.14432989690721648,full_ft_seed0,dmid,drift
173,0.6431226765799256,0.7450980392156863,0.21965317919075145,0.13541666666666666,full_ft_seed0,dmid,drift
174,0.6468401486988847,0.7450980392156863,0.21839080459770116,0.1368421052631579,full_ft_seed0,dmid,drift
175,0.6505576208178439,0.7450980392156863,0.21714285714285714,0.13829787234042554,full_ft_seed0,dmid,drift
176,0.654275092936803,0.7450980392156863,0.2159090909090909,0.13978494623655913,full_ft_seed0,dmid,drift
177,0.6579925650557621,0.7647058823529411,0.22033898305084745,0.13043478260869565,full_ft_seed0,dmid,drift
178,0.6617100371747212,0.7647058823529411,0.21910112359550563,0.13186813186813187,full_ft_seed0,dmid,drift
179,0.6654275092936803,0.7647058823529411,0.21787709497206703,0.13333333333333333,full_ft_seed0,dmid,drift
180,0.6691449814126395,0.7647058823529411,0.21666666666666667,0.1348314606741573,full_ft_seed0,dmid,drift
181,0.6728624535315985,0.7647058823529411,0.2154696132596685,0.13636363636363635,full_ft_seed0,dmid,drift
182,0.6765799256505576,0.7647058823529411,0.21428571428571427,0.13793103448275862,full_ft_seed0,dmid,drift
183,0.6802973977695167,0.7647058823529411,0.21311475409836064,0.13953488372093023,full_ft_seed0,dmid,drift
184,0.6840148698884758,0.7647058823529411,0.21195652173913043,0.1411764705882353,full_ft_seed0,dmid,drift
185,0.6877323420074349,0.7843137254901961,0.21621621621621623,0.13095238095238096,full_ft_seed0,dmid,drift
186,0.6914498141263941,0.7843137254901961,0.21505376344086022,0.13253012048192772,full_ft_seed0,dmid,drift
187,0.6951672862453532,0.7843137254901961,0.21390374331550802,0.13414634146341464,full_ft_seed0,dmid,drift
188,0.6988847583643123,0.803921568627451,0.21808510638297873,0.12345679012345678,full_ft_seed0,dmid,drift
189,0.7026022304832714,0.803921568627451,0.21693121693121692,0.125,full_ft_seed0,dmid,drift
190,0.7063197026022305,0.803921568627451,0.21578947368421053,0.12658227848101267,full_ft_seed0,dmid,drift
191,0.7100371747211895,0.8235294117647058,0.2198952879581152,0.11538461538461539,full_ft_seed0,dmid,drift
192,0.7137546468401487,0.8235294117647058,0.21875,0.11688311688311688,full_ft_seed0,dmid,drift
193,0.7174721189591078,0.8235294117647058,0.21761658031088082,0.11842105263157894,full_ft_seed0,dmid,drift
194,0.7211895910780669,0.8235294117647058,0.21649484536082475,0.12,full_ft_seed0,dmid,drift
195,0.724907063197026,0.8235294117647058,0.2153846153846154,0.12162162162162163,full_ft_seed0,dmid,drift
196,0.7286245353159851,0.8431372549019608,0.2193877551020408,0.1095890410958904,full_ft_seed0,dmid,drift
197,0.7323420074349443,0.8627450980392157,0.2233502538071066,0.09722222222222222,full_ft_seed0,dmid,drift
198,0.7360594795539034,0.8823529411764706,0.22727272727272727,0.08450704225352113,full_ft_seed0,dmid,drift
199,0.7397769516728625,0.8823529411764706,0.22613065326633167,0.08571428571428572,full_ft_seed0,dmid,drift
200,0.7434944237918215,0.8823529411764706,0.225,0.08695652173913043,full_ft_seed0,dmid,drift
201,0.7472118959107806,0.8823529411764706,0.22388059701492538,0.08823529411764706,full_ft_seed0,dmid,drift
202,0.7509293680297398,0.8823529411764706,0.22277227722772278,0.08955223880597014,full_ft_seed0,dmid,drift
203,0.7546468401486989,0.8823529411764706,0.22167487684729065,0.09090909090909091,full_ft_seed0,dmid,drift
204,0.758364312267658,0.9019607843137255,0.22549019607843138,0.07692307692307693,full_ft_seed0,dmid,drift
205,0.7620817843866171,0.9019607843137255,0.22439024390243903,0.078125,full_ft_seed0,dmid,drift
206,0.7657992565055762,0.9019607843137255,0.22330097087378642,0.07936507936507936,full_ft_seed0,dmid,drift
207,0.7695167286245354,0.9019607843137255,0.2222222222222222,0.08064516129032258,full_ft_seed0,dmid,drift
208,0.7732342007434945,0.9019607843137255,0.22115384615384615,0.08196721311475409,full_ft_seed0,dmid,drift
209,0.7769516728624535,0.9019607843137255,0.22009569377990432,0.08333333333333333,full_ft_seed0,dmid,drift
210,0.7806691449814126,0.9019607843137255,0.21904761904761905,0.0847457627118644,full_ft_seed0,dmid,drift
211,0.7843866171003717,0.9019607843137255,0.21800947867298578,0.08620689655172414,full_ft_seed0,dmid,drift
212,0.7881040892193308,0.9215686274509803,0.22169811320754718,0.07017543859649122,full_ft_seed0,dmid,drift
213,0.79182156133829,0.9215686274509803,0.22065727699530516,0.07142857142857142,full_ft_seed0,dmid,drift
214,0.7955390334572491,0.9215686274509803,0.21962616822429906,0.07272727272727272,full_ft_seed0,dmid,drift
215,0.7992565055762082,0.9215686274509803,0.2186046511627907,0.07407407407407407,full_ft_seed0,dmid,drift
216,0.8029739776951673,0.9215686274509803,0.2175925925925926,0.07547169811320754,full_ft_seed0,dmid,drift
217,0.8066914498141264,0.9215686274509803,0.21658986175115208,0.07692307692307693,full_ft_seed0,dmid,drift
218,0.8104089219330854,0.9215686274509803,0.21559633027522937,0.0784313725490196,full_ft_seed0,dmid,drift
219,0.8141263940520446,0.9215686274509803,0.2146118721461187,0.08,full_ft_seed0,dmid,drift
220,0.8178438661710037,0.9215686274509803,0.21363636363636362,0.08163265306122448,full_ft_seed0,dmid,drift
221,0.8215613382899628,0.9215686274509803,0.21266968325791855,0.08333333333333333,full_ft_seed0,dmid,drift
222,0.8252788104089219,0.9215686274509803,0.21171171171171171,0.0851063829787234,full_ft_seed0,dmid,drift
223,0.828996282527881,0.9411764705882353,0.21524663677130046,0.06521739130434782,full_ft_seed0,dmid,drift
224,0.8327137546468402,0.9411764705882353,0.21428571428571427,0.06666666666666667,full_ft_seed0,dmid,drift
225,0.8364312267657993,0.9411764705882353,0.21333333333333335,0.06818181818181818,full_ft_seed0,dmid,drift
226,0.8401486988847584,0.9411764705882353,0.21238938053097345,0.06976744186046512,full_ft_seed0,dmid,drift
227,0.8438661710037175,0.9411764705882353,0.21145374449339208,0.07142857142857142,full_ft_seed0,dmid,drift
228,0.8475836431226765,0.9411764705882353,0.21052631578947367,0.07317073170731707,full_ft_seed0,dmid,drift
229,0.8513011152416357,0.9411764705882353,0.2096069868995633,0.075,full_ft_seed0,dmid,drift
230,0.8550185873605948,0.9411764705882353,0.20869565217391303,0.07692307692307693,full_ft_seed0,dmid,drift
231,0.8587360594795539,0.9411764705882353,0.2077922077922078,0.07894736842105263,full_ft_seed0,dmid,drift
232,0.862453531598513,0.9411764705882353,0.20689655172413793,0.08108108108108109,full_ft_seed0,dmid,drift
233,0.8661710037174721,0.9411764705882353,0.20600858369098712,0.08333333333333333,full_ft_seed0,dmid,drift
234,0.8698884758364313,0.9411764705882353,0.20512820512820512,0.08571428571428572,full_ft_seed0,dmid,drift
235,0.8736059479553904,0.9411764705882353,0.20425531914893616,0.08823529411764706,full_ft_seed0,dmid,drift
236,0.8773234200743495,0.9411764705882353,0.2033898305084746,0.09090909090909091,full_ft_seed0,dmid,drift
237,0.8810408921933085,0.9411764705882353,0.20253164556962025,0.09375,full_ft_seed0,dmid,drift
238,0.8847583643122676,0.9607843137254902,0.20588235294117646,0.06451612903225806,full_ft_seed0,dmid,drift
239,0.8884758364312267,0.9607843137254902,0.20502092050209206,0.06666666666666667,full_ft_seed0,dmid,drift
240,0.8921933085501859,0.9607843137254902,0.20416666666666666,0.06896551724137931,full_ft_seed0,dmid,drift
241,0.895910780669145,0.9607843137254902,0.2033195020746888,0.07142857142857142,full_ft_seed0,dmid,drift
242,0.8996282527881041,0.9607843137254902,0.2024793388429752,0.07407407407407407,full_ft_seed0,dmid,drift
243,0.9033457249070632,0.9607843137254902,0.20164609053497942,0.07692307692307693,full_ft_seed0,dmid,drift
244,0.9070631970260223,0.9607843137254902,0.20081967213114754,0.08,full_ft_seed0,dmid,drift
245,0.9107806691449815,0.9607843137254902,0.2,0.08333333333333333,full_ft_seed0,dmid,drift
246,0.9144981412639405,0.9607843137254902,0.1991869918699187,0.08695652173913043,full_ft_seed0,dmid,drift
247,0.9182156133828996,0.9607843137254902,0.19838056680161945,0.09090909090909091,full_ft_seed0,dmid,drift
248,0.9219330855018587,0.9607843137254902,0.1975806451612903,0.09523809523809523,full_ft_seed0,dmid,drift
249,0.9256505576208178,0.9607843137254902,0.19678714859437751,0.1,full_ft_seed0,dmid,drift
250,0.929368029739777,0.9607843137254902,0.196,0.10526315789473684,full_ft_seed0,dmid,drift
251,0.9330855018587361,0.9607843137254902,0.1952191235059761,0.1111111111111111,full_ft_seed0,dmid,drift
252,0.9368029739776952,0.9607843137254902,0.19444444444444445,0.11764705882352941,full_ft_seed0,dmid,drift
253,0.9405204460966543,0.9607843137254902,0.19367588932806323,0.125,full_ft_seed0,dmid,drift
254,0.9442379182156134,0.9607843137254902,0.19291338582677164,0.13333333333333333,full_ft_seed0,dmid,drift
255,0.9479553903345725,0.9607843137254902,0.19215686274509805,0.14285714285714285,full_ft_seed0,dmid,drift
256,0.9516728624535316,0.9607843137254902,0.19140625,0.15384615384615385,full_ft_seed0,dmid,drift
257,0.9553903345724907,0.9607843137254902,0.19066147859922178,0.16666666666666666,full_ft_seed0,dmid,drift
258,0.9591078066914498,0.9607843137254902,0.18992248062015504,0.18181818181818182,full_ft_seed0,dmid,drift
259,0.9628252788104089,0.9607843137254902,0.1891891891891892,0.2,full_ft_seed0,dmid,drift
260,0.966542750929368,0.9803921568627451,0.19230769230769232,0.1111111111111111,full_ft_seed0,dmid,drift
261,0.9702602230483272,0.9803921568627451,0.19157088122605365,0.125,full_ft_seed0,dmid,drift
262,0.9739776951672863,0.9803921568627451,0.19083969465648856,0.14285714285714285,full_ft_seed0,dmid,drift
263,0.9776951672862454,0.9803921568627451,0.19011406844106463,0.16666666666666666,full_ft_seed0,dmid,drift
264,0.9814126394052045,0.9803921568627451,0.1893939393939394,0.2,full_ft_seed0,dmid,drift
265,0.9851301115241635,0.9803921568627451,0.18867924528301888,0.25,full_ft_seed0,dmid,drift
266,0.9888475836431226,0.9803921568627451,0.18796992481203006,0.3333333333333333,full_ft_seed0,dmid,drift
267,0.9925650557620818,0.9803921568627451,0.18726591760299627,0.5,full_ft_seed0,dmid,drift
268,0.9962825278810409,0.9803921568627451,0.1865671641791045,1.0,full_ft_seed0,dmid,drift
269,1.0,1.0,0.1895910780669145,,full_ft_seed0,dmid,drift
0,0.0,0.0,,0.1895910780669145,full_ft_seed0,dmid,iou_pred
1,0.0037174721189591076,0.0,0.0,0.19029850746268656,full_ft_seed0,dmid,iou_pred
2,0.007434944237918215,0.0,0.0,0.19101123595505617,full_ft_seed0,dmid,iou_pred
3,0.011152416356877323,0.0,0.0,0.19172932330827067,full_ft_seed0,dmid,iou_pred
4,0.01486988847583643,0.0,0.0,0.19245283018867926,full_ft_seed0,dmid,iou_pred
5,0.01858736059479554,0.0,0.0,0.19318181818181818,full_ft_seed0,dmid,iou_pred
6,0.022304832713754646,0.0,0.0,0.19391634980988592,full_ft_seed0,dmid,iou_pred
7,0.026022304832713755,0.0,0.0,0.1946564885496183,full_ft_seed0,dmid,iou_pred
8,0.02973977695167286,0.0,0.0,0.19540229885057472,full_ft_seed0,dmid,iou_pred
9,0.03345724907063197,0.0,0.0,0.19615384615384615,full_ft_seed0,dmid,iou_pred
10,0.03717472118959108,0.0,0.0,0.1969111969111969,full_ft_seed0,dmid,iou_pred
11,0.040892193308550186,0.0,0.0,0.19767441860465115,full_ft_seed0,dmid,iou_pred
12,0.04460966542750929,0.0,0.0,0.19844357976653695,full_ft_seed0,dmid,iou_pred
13,0.048327137546468404,0.0,0.0,0.19921875,full_ft_seed0,dmid,iou_pred
14,0.05204460966542751,0.0,0.0,0.2,full_ft_seed0,dmid,iou_pred
15,0.055762081784386616,0.0,0.0,0.20078740157480315,full_ft_seed0,dmid,iou_pred
16,0.05947955390334572,0.0,0.0,0.2015810276679842,full_ft_seed0,dmid,iou_pred
17,0.06319702602230483,0.0,0.0,0.20238095238095238,full_ft_seed0,dmid,iou_pred
18,0.06691449814126393,0.0,0.0,0.20318725099601595,full_ft_seed0,dmid,iou_pred
19,0.07063197026022305,0.0,0.0,0.204,full_ft_seed0,dmid,iou_pred
20,0.07434944237918216,0.0,0.0,0.20481927710843373,full_ft_seed0,dmid,iou_pred
21,0.07806691449814127,0.0,0.0,0.2056451612903226,full_ft_seed0,dmid,iou_pred
22,0.08178438661710037,0.0,0.0,0.20647773279352227,full_ft_seed0,dmid,iou_pred
23,0.08550185873605948,0.0,0.0,0.2073170731707317,full_ft_seed0,dmid,iou_pred
24,0.08921933085501858,0.0196078431372549,0.041666666666666664,0.20408163265306123,full_ft_seed0,dmid,iou_pred
25,0.09293680297397769,0.0196078431372549,0.04,0.20491803278688525,full_ft_seed0,dmid,iou_pred
26,0.09665427509293681,0.0392156862745098,0.07692307692307693,0.20164609053497942,full_ft_seed0,dmid,iou_pred
27,0.10037174721189591,0.0392156862745098,0.07407407407407407,0.2024793388429752,full_ft_seed0,dmid,iou_pred
28,0.10408921933085502,0.0392156862745098,0.07142857142857142,0.2033195020746888,full_ft_seed0,dmid,iou_pred
29,0.10780669144981413,0.0392156862745098,0.06896551724137931,0.20416666666666666,full_ft_seed0,dmid,iou_pred
30,0.11152416356877323,0.0392156862745098,0.06666666666666667,0.20502092050209206,full_ft_seed0,dmid,iou_pred
31,0.11524163568773234,0.0392156862745098,0.06451612903225806,0.20588235294117646,full_ft_seed0,dmid,iou_pred
32,0.11895910780669144,0.0392156862745098,0.0625,0.20675105485232068,full_ft_seed0,dmid,iou_pred
33,0.12267657992565056,0.0392156862745098,0.06060606060606061,0.2076271186440678,full_ft_seed0,dmid,iou_pred
34,0.12639405204460966,0.0392156862745098,0.058823529411764705,0.20851063829787234,full_ft_seed0,dmid,iou_pred
35,0.13011152416356878,0.0392156862745098,0.05714285714285714,0.2094017094017094,full_ft_seed0,dmid,iou_pred
36,0.13382899628252787,0.0392156862745098,0.05555555555555555,0.21030042918454936,full_ft_seed0,dmid,iou_pred
37,0.137546468401487,0.0392156862745098,0.05405405405405406,0.21120689655172414,full_ft_seed0,dmid,iou_pred
38,0.1412639405204461,0.0392156862745098,0.05263157894736842,0.21212121212121213,full_ft_seed0,dmid,iou_pred
39,0.1449814126394052,0.058823529411764705,0.07692307692307693,0.20869565217391303,full_ft_seed0,dmid,iou_pred
40,0.14869888475836432,0.058823529411764705,0.075,0.2096069868995633,full_ft_seed0,dmid,iou_pred
41,0.1524163568773234,0.058823529411764705,0.07317073170731707,0.21052631578947367,full_ft_seed0,dmid,iou_pred
42,0.15613382899628253,0.058823529411764705,0.07142857142857142,0.21145374449339208,full_ft_seed0,dmid,iou_pred
43,0.15985130111524162,0.058823529411764705,0.06976744186046512,0.21238938053097345,full_ft_seed0,dmid,iou_pred
44,0.16356877323420074,0.058823529411764705,0.06818181818181818,0.21333333333333335,full_ft_seed0,dmid,iou_pred
45,0.16728624535315986,0.058823529411764705,0.06666666666666667,0.21428571428571427,full_ft_seed0,dmid,iou_pred
46,0.17100371747211895,0.058823529411764705,0.06521739130434782,0.21524663677130046,full_ft_seed0,dmid,iou_pred
47,0.17472118959107807,0.058823529411764705,0.06382978723404255,0.21621621621621623,full_ft_seed0,dmid,iou_pred
48,0.17843866171003717,0.058823529411764705,0.0625,0.2171945701357466,full_ft_seed0,dmid,iou_pred
49,0.1821561338289963,0.058823529411764705,0.061224489795918366,0.21818181818181817,full_ft_seed0,dmid,iou_pred
50,0.18587360594795538,0.058823529411764705,0.06,0.2191780821917808,full_ft_seed0,dmid,iou_pred
51,0.1895910780669145,0.058823529411764705,0.058823529411764705,0.22018348623853212,full_ft_seed0,dmid,iou_pred
52,0.19330855018587362,0.058823529411764705,0.057692307692307696,0.22119815668202766,full_ft_seed0,dmid,iou_pred
53,0.1970260223048327,0.058823529411764705,0.05660377358490566,0.2222222222222222,full_ft_seed0,dmid,iou_pred
54,0.20074349442379183,0.058823529411764705,0.05555555555555555,0.22325581395348837,full_ft_seed0,dmid,iou_pred
55,0.20446096654275092,0.058823529411764705,0.05454545454545454,0.22429906542056074,full_ft_seed0,dmid,iou_pred
56,0.20817843866171004,0.058823529411764705,0.05357142857142857,0.22535211267605634,full_ft_seed0,dmid,iou_pred
57,0.21189591078066913,0.058823529411764705,0.05263157894736842,0.22641509433962265,full_ft_seed0,dmid,iou_pred
58,0.21561338289962825,0.058823529411764705,0.05172413793103448,0.22748815165876776,full_ft_seed0,dmid,iou_pred
59,0.21933085501858737,0.058823529411764705,0.05084745762711865,0.22857142857142856,full_ft_seed0,dmid,iou_pred
60,0.22304832713754646,0.058823529411764705,0.05,0.22966507177033493,full_ft_seed0,dmid,iou_pred
61,0.22676579925650558,0.058823529411764705,0.04918032786885246,0.23076923076923078,full_ft_seed0,dmid,iou_pred
62,0.23048327137546468,0.058823529411764705,0.04838709677419355,0.2318840579710145,full_ft_seed0,dmid,iou_pred
63,0.2342007434944238,0.058823529411764705,0.047619047619047616,0.23300970873786409,full_ft_seed0,dmid,iou_pred
64,0.2379182156133829,0.058823529411764705,0.046875,0.23414634146341465,full_ft_seed0,dmid,iou_pred
65,0.241635687732342,0.058823529411764705,0.046153846153846156,0.23529411764705882,full_ft_seed0,dmid,iou_pred
66,0.24535315985130113,0.0784313725490196,0.06060606060606061,0.2315270935960591,full_ft_seed0,dmid,iou_pred
67,0.24907063197026022,0.0784313725490196,0.05970149253731343,0.23267326732673269,full_ft_seed0,dmid,iou_pred
68,0.2527881040892193,0.0784313725490196,0.058823529411764705,0.23383084577114427,full_ft_seed0,dmid,iou_pred
69,0.25650557620817843,0.0784313725490196,0.057971014492753624,0.235,full_ft_seed0,dmid,iou_pred
70,0.26022304832713755,0.0784313725490196,0.05714285714285714,0.23618090452261306,full_ft_seed0,dmid,iou_pred
71,0.26394052044609667,0.0784313725490196,0.056338028169014086,0.23737373737373738,full_ft_seed0,dmid,iou_pred
72,0.26765799256505574,0.0784313725490196,0.05555555555555555,0.23857868020304568,full_ft_seed0,dmid,iou_pred
73,0.27137546468401486,0.0784313725490196,0.0547945205479452,0.23979591836734693,full_ft_seed0,dmid,iou_pred
74,0.275092936802974,0.09803921568627451,0.06756756756756757,0.2358974358974359,full_ft_seed0,dmid,iou_pred
75,0.2788104089219331,0.09803921568627451,0.06666666666666667,0.23711340206185566,full_ft_seed0,dmid,iou_pred
76,0.2825278810408922,0.09803921568627451,0.06578947368421052,0.23834196891191708,full_ft_seed0,dmid,iou_pred
77,0.2862453531598513,0.09803921568627451,0.06493506493506493,0.23958333333333334,full_ft_seed0,dmid,iou_pred
78,0.2899628252788104,0.09803921568627451,0.0641025641025641,0.24083769633507854,full_ft_seed0,dmid,iou_pred
79,0.2936802973977695,0.09803921568627451,0.06329113924050633,0.24210526315789474,full_ft_seed0,dmid,iou_pred
80,0.29739776951672864,0.09803921568627451,0.0625,0.24338624338624337,full_ft_seed0,dmid,iou_pred
81,0.30111524163568776,0.09803921568627451,0.06172839506172839,0.24468085106382978,full_ft_seed0,dmid,iou_pred
82,0.3048327137546468,0.09803921568627451,0.06097560975609756,0.24598930481283424,full_ft_seed0,dmid,iou_pred
83,0.30855018587360594,0.09803921568627451,0.060240963855421686,0.24731182795698925,full_ft_seed0,dmid,iou_pred
84,0.31226765799256506,0.09803921568627451,0.05952380952380952,0.24864864864864866,full_ft_seed0,dmid,iou_pred
85,0.3159851301115242,0.09803921568627451,0.058823529411764705,0.25,full_ft_seed0,dmid,iou_pred
86,0.31970260223048325,0.09803921568627451,0.05813953488372093,0.25136612021857924,full_ft_seed0,dmid,iou_pred
87,0.32342007434944237,0.09803921568627451,0.05747126436781609,0.25274725274725274,full_ft_seed0,dmid,iou_pred
88,0.3271375464684015,0.09803921568627451,0.056818181818181816,0.2541436464088398,full_ft_seed0,dmid,iou_pred
89,0.3308550185873606,0.09803921568627451,0.056179775280898875,0.25555555555555554,full_ft_seed0,dmid,iou_pred
90,0.3345724907063197,0.09803921568627451,0.05555555555555555,0.2569832402234637,full_ft_seed0,dmid,iou_pred
91,0.3382899628252788,0.09803921568627451,0.054945054945054944,0.25842696629213485,full_ft_seed0,dmid,iou_pred
92,0.3420074349442379,0.09803921568627451,0.05434782608695652,0.2598870056497175,full_ft_seed0,dmid,iou_pred
93,0.34572490706319703,0.09803921568627451,0.053763440860215055,0.26136363636363635,full_ft_seed0,dmid,iou_pred
94,0.34944237918215615,0.09803921568627451,0.05319148936170213,0.26285714285714284,full_ft_seed0,dmid,iou_pred
95,0.35315985130111527,0.09803921568627451,0.05263157894736842,0.26436781609195403,full_ft_seed0,dmid,iou_pred
96,0.35687732342007433,0.09803921568627451,0.052083333333333336,0.2658959537572254,full_ft_seed0,dmid,iou_pred
97,0.36059479553903345,0.09803921568627451,0.05154639175257732,0.26744186046511625,full_ft_seed0,dmid,iou_pred
98,0.3643122676579926,0.11764705882352941,0.061224489795918366,0.2631578947368421,full_ft_seed0,dmid,iou_pred
99,0.3680297397769517,0.11764705882352941,0.06060606060606061,0.2647058823529412,full_ft_seed0,dmid,iou_pred
100,0.37174721189591076,0.13725490196078433,0.07,0.2603550295857988,full_ft_seed0,dmid,iou_pred
101,0.3754646840148699,0.13725490196078433,0.06930693069306931,0.2619047619047619,full_ft_seed0,dmid,iou_pred
102,0.379182156133829,0.13725490196078433,0.06862745098039216,0.2634730538922156,full_ft_seed0,dmid,iou_pred
103,0.3828996282527881,0.13725490196078433,0.06796116504854369,0.26506024096385544,full_ft_seed0,dmid,iou_pred
104,0.38661710037174724,0.13725490196078433,0.0673076923076923,0.26666666666666666,full_ft_seed0,dmid,iou_pred
105,0.3903345724907063,0.13725490196078433,0.06666666666666667,0.2682926829268293,full_ft_seed0,dmid,iou_pred
106,0.3940520446096654,0.13725490196078433,0.0660377358490566,0.26993865030674846,full_ft_seed0,dmid,iou_pred
107,0.39776951672862454,0.13725490196078433,0.06542056074766354,0.2716049382716049,full_ft_seed0,dmid,iou_pred
108,0.40148698884758366,0.13725490196078433,0.06481481481481481,0.2732919254658385,full_ft_seed0,dmid,iou_pred
109,0.4052044609665427,0.13725490196078433,0.06422018348623854,0.275,full_ft_seed0,dmid,iou_pred
110,0.40892193308550184,0.13725490196078433,0.06363636363636363,0.27672955974842767,full_ft_seed0,dmid,iou_pred
111,0.41263940520446096,0.13725490196078433,0.06306306306306306,0.27848101265822783,full_ft_seed0,dmid,iou_pred
112,0.4163568773234201,0.13725490196078433,0.0625,0.2802547770700637,full_ft_seed0,dmid,iou_pred
113,0.4200743494423792,0.13725490196078433,0.061946902654867256,0.28205128205128205,full_ft_seed0,dmid,iou_pred
114,0.42379182156133827,0.13725490196078433,0.06140350877192982,0.2838709677419355,full_ft_seed0,dmid,iou_pred
115,0.4275092936802974,0.13725490196078433,0.06086956521739131,0.2857142857142857,full_ft_seed0,dmid,iou_pred
116,0.4312267657992565,0.13725490196078433,0.0603448275862069,0.2875816993464052,full_ft_seed0,dmid,iou_pred
117,0.4349442379182156,0.13725490196078433,0.05982905982905983,0.2894736842105263,full_ft_seed0,dmid,iou_pred
118,0.43866171003717475,0.1568627450980392,0.06779661016949153,0.2847682119205298,full_ft_seed0,dmid,iou_pred
119,0.4423791821561338,0.1568627450980392,0.06722689075630252,0.2866666666666667,full_ft_seed0,dmid,iou_pred
120,0.44609665427509293,0.17647058823529413,0.075,0.28187919463087246,full_ft_seed0,dmid,iou_pred
121,0.44981412639405205,0.17647058823529413,0.0743801652892562,0.28378378378378377,full_ft_seed0,dmid,iou_pred
122,0.45353159851301117,0.17647058823529413,0.07377049180327869,0.2857142857142857,full_ft_seed0,dmid,iou_pred
123,0.45724907063197023,0.17647058823529413,0.07317073170731707,0.2876712328767123,full_ft_seed0,dmid,iou_pred
124,0.46096654275092935,0.17647058823529413,0.07258064516129033,0.2896551724137931,full_ft_seed0,dmid,iou_pred
125,0.4646840148698885,0.17647058823529413,0.072,0.2916666666666667,full_ft_seed0,dmid,iou_pred
126,0.4684014869888476,0.17647058823529413,0.07142857142857142,0.2937062937062937,full_ft_seed0,dmid,iou_pred
127,0.4721189591078067,0.17647058823529413,0.07086614173228346,0.29577464788732394,full_ft_seed0,dmid,iou_pred
128,0.4758364312267658,0.17647058823529413,0.0703125,0.2978723404255319,full_ft_seed0,dmid,iou_pred
129,0.4795539033457249,0.17647058823529413,0.06976744186046512,0.3,full_ft_seed0,dmid,iou_pred
130,0.483271375464684,0.19607843137254902,0.07692307692307693,0.2949640287769784,full_ft_seed0,dmid,iou_pred
131,0.48698884758364314,0.19607843137254902,0.07633587786259542,0.2971014492753623,full_ft_seed0,dmid,iou_pred
132,0.49070631970260226,0.21568627450980393,0.08333333333333333,0.291970802919708,full_ft_seed0,dmid,iou_pred
133,0.4944237918215613,0.21568627450980393,0.08270676691729323,0.29411764705882354,full_ft_seed0,dmid,iou_pred
134,0.49814126394052044,0.21568627450980393,0.08208955223880597,0.2962962962962963,full_ft_seed0,dmid,iou_pred
135,0.5018587360594795,0.21568627450980393,0.08148148148148149,0.29850746268656714,full_ft_seed0,dmid,iou_pred
136,0.5055762081784386,0.23529411764705882,0.08823529411764706,0.2932330827067669,full_ft_seed0,dmid,iou_pred
137,0.5092936802973977,0.23529411764705882,0.08759124087591241,0.29545454545454547,full_ft_seed0,dmid,iou_pred
138,0.5130111524163569,0.23529411764705882,0.08695652173913043,0.29770992366412213,full_ft_seed0,dmid,iou_pred
139,0.516728624535316,0.23529411764705882,0.08633093525179857,0.3,full_ft_seed0,dmid,iou_pred
140,0.5204460966542751,0.23529411764705882,0.08571428571428572,0.3023255813953488,full_ft_seed0,dmid,iou_pred
141,0.5241635687732342,0.23529411764705882,0.0851063829787234,0.3046875,full_ft_seed0,dmid,iou_pred
142,0.5278810408921933,0.23529411764705882,0.08450704225352113,0.30708661417322836,full_ft_seed0,dmid,iou_pred
143,0.5315985130111525,0.23529411764705882,0.08391608391608392,0.30952380952380953,full_ft_seed0,dmid,iou_pred
144,0.5353159851301115,0.23529411764705882,0.08333333333333333,0.312,full_ft_seed0,dmid,iou_pred
145,0.5390334572490706,0.2549019607843137,0.0896551724137931,0.3064516129032258,full_ft_seed0,dmid,iou_pred
146,0.5427509293680297,0.27450980392156865,0.0958904109589041,0.3008130081300813,full_ft_seed0,dmid,iou_pred
147,0.5464684014869888,0.27450980392156865,0.09523809523809523,0.30327868852459017,full_ft_seed0,dmid,iou_pred
148,0.550185873605948,0.27450980392156865,0.0945945945945946,0.30578512396694213,full_ft_seed0,dmid,iou_pred
149,0.5539033457249071,0.27450980392156865,0.09395973154362416,0.30833333333333335,full_ft_seed0,dmid,iou_pred
150,0.5576208178438662,0.29411764705882354,0.1,0.3025210084033613,full_ft_seed0,dmid,iou_pred
151,0.5613382899628253,0.29411764705882354,0.09933774834437085,0.3050847457627119,full_ft_seed0,dmid,iou_pred
152,0.5650557620817844,0.29411764705882354,0.09868421052631579,0.3076923076923077,full_ft_seed0,dmid,iou_pred
153,0.5687732342007435,0.3137254901960784,0.10457516339869281,0.3017241379310345,full_ft_seed0,dmid,iou_pred
154,0.5724907063197026,0.3333333333333333,0.11038961038961038,0.2956521739130435,full_ft_seed0,dmid,iou_pred
155,0.5762081784386617,0.3333333333333333,0.10967741935483871,0.2982456140350877,full_ft_seed0,dmid,iou_pred
156,0.5799256505576208,0.35294117647058826,0.11538461538461539,0.2920353982300885,full_ft_seed0,dmid,iou_pred
157,0.5836431226765799,0.35294117647058826,0.11464968152866242,0.29464285714285715,full_ft_seed0,dmid,iou_pred
158,0.587360594795539,0.35294117647058826,0.11392405063291139,0.2972972972972973,full_ft_seed0,dmid,iou_pred
159,0.5910780669144982,0.35294117647058826,0.11320754716981132,0.3,full_ft_seed0,dmid,iou_pred
160,0.5947955390334573,0.37254901960784315,0.11875,0.29357798165137616,full_ft_seed0,dmid,iou_pred
161,0.5985130111524164,0.39215686274509803,0.12422360248447205,0.28703703703703703,full_ft_seed0,dmid,iou_pred
162,0.6022304832713755,0.39215686274509803,0.12345679012345678,0.2897196261682243,full_ft_seed0,dmid,iou_pred
163,0.6059479553903345,0.39215686274509803,0.12269938650306748,0.29245283018867924,full_ft_seed0,dmid,iou_pred
164,0.6096654275092936,0.39215686274509803,0.12195121951219512,0.29523809523809524,full_ft_seed0,dmid,iou_pred
165,0.6133828996282528,0.39215686274509803,0.12121212121212122,0.2980769230769231,full_ft_seed0,dmid,iou_pred
166,0.6171003717472119,0.39215686274509803,0.12048192771084337,0.30097087378640774,full_ft_seed0,dmid,iou_pred
167,0.620817843866171,0.39215686274509803,0.11976047904191617,0.30392156862745096,full_ft_seed0,dmid,iou_pred
168,0.6245353159851301,0.4117647058823529,0.125,0.297029702970297,full_ft_seed0,dmid,iou_pred
169,0.6282527881040892,0.4117647058823529,0.1242603550295858,0.3,full_ft_seed0,dmid,iou_pred
170,0.6319702602230484,0.4117647058823529,0.12352941176470589,0.30303030303030304,full_ft_seed0,dmid,iou_pred
171,0.6356877323420075,0.4117647058823529,0.12280701754385964,0.30612244897959184,full_ft_seed0,dmid,iou_pred
172,0.6394052044609665,0.4117647058823529,0.12209302325581395,0.30927835051546393,full_ft_seed0,dmid,iou_pred
173,0.6431226765799256,0.4117647058823529,0.12138728323699421,0.3125,full_ft_seed0,dmid,iou_pred
174,0.6468401486988847,0.4117647058823529,0.1206896551724138,0.3157894736842105,full_ft_seed0,dmid,iou_pred
175,0.6505576208178439,0.4117647058823529,0.12,0.3191489361702128,full_ft_seed0,dmid,iou_pred
176,0.654275092936803,0.4117647058823529,0.11931818181818182,0.3225806451612903,full_ft_seed0,dmid,iou_pred
177,0.6579925650557621,0.4117647058823529,0.11864406779661017,0.32608695652173914,full_ft_seed0,dmid,iou_pred
178,0.6617100371747212,0.4117647058823529,0.11797752808988764,0.32967032967032966,full_ft_seed0,dmid,iou_pred
179,0.6654275092936803,0.43137254901960786,0.12290502793296089,0.32222222222222224,full_ft_seed0,dmid,iou_pred
180,0.6691449814126395,0.45098039215686275,0.12777777777777777,0.3146067415730337,full_ft_seed0,dmid,iou_pred
181,0.6728624535315985,0.45098039215686275,0.1270718232044199,0.3181818181818182,full_ft_seed0,dmid,iou_pred
182,0.6765799256505576,0.45098039215686275,0.12637362637362637,0.3218390804597701,full_ft_seed0,dmid,iou_pred
183,0.6802973977695167,0.45098039215686275,0.12568306010928962,0.32558139534883723,full_ft_seed0,dmid,iou_pred
184,0.6840148698884758,0.45098039215686275,0.125,0.32941176470588235,full_ft_seed0,dmid,iou_pred
185,0.6877323420074349,0.45098039215686275,0.12432432432432433,0.3333333333333333,full_ft_seed0,dmid,iou_pred
186,0.6914498141263941,0.45098039215686275,0.12365591397849462,0.3373493975903614,full_ft_seed0,dmid,iou_pred
187,0.6951672862453532,0.45098039215686275,0.12299465240641712,0.34146341463414637,full_ft_seed0,dmid,iou_pred
188,0.6988847583643123,0.45098039215686275,0.12234042553191489,0.345679012345679,full_ft_seed0,dmid,iou_pred
189,0.7026022304832714,0.45098039215686275,0.12169312169312169,0.35,full_ft_seed0,dmid,iou_pred
190,0.7063197026022305,0.45098039215686275,0.12105263157894737,0.35443037974683544,full_ft_seed0,dmid,iou_pred
191,0.7100371747211895,0.45098039215686275,0.12041884816753927,0.358974358974359,full_ft_seed0,dmid,iou_pred
192,0.7137546468401487,0.45098039215686275,0.11979166666666667,0.36363636363636365,full_ft_seed0,dmid,iou_pred
193,0.7174721189591078,0.45098039215686275,0.11917098445595854,0.3684210526315789,full_ft_seed0,dmid,iou_pred
194,0.7211895910780669,0.45098039215686275,0.11855670103092783,0.37333333333333335,full_ft_seed0,dmid,iou_pred
195,0.724907063197026,0.45098039215686275,0.11794871794871795,0.3783783783783784,full_ft_seed0,dmid,iou_pred
196,0.7286245353159851,0.45098039215686275,0.11734693877551021,0.3835616438356164,full_ft_seed0,dmid,iou_pred
197,0.7323420074349443,0.45098039215686275,0.116751269035533,0.3888888888888889,full_ft_seed0,dmid,iou_pred
198,0.7360594795539034,0.47058823529411764,0.12121212121212122,0.38028169014084506,full_ft_seed0,dmid,iou_pred
199,0.7397769516728625,0.47058823529411764,0.12060301507537688,0.38571428571428573,full_ft_seed0,dmid,iou_pred
200,0.7434944237918215,0.47058823529411764,0.12,0.391304347826087,full_ft_seed0,dmid,iou_pred
201,0.7472118959107806,0.47058823529411764,0.11940298507462686,0.39705882352941174,full_ft_seed0,dmid,iou_pred
202,0.7509293680297398,0.47058823529411764,0.1188118811881188,0.40298507462686567,full_ft_seed0,dmid,iou_pred
203,0.7546468401486989,0.47058823529411764,0.11822660098522167,0.4090909090909091,full_ft_seed0,dmid,iou_pred
204,0.758364312267658,0.47058823529411764,0.11764705882352941,0.4153846153846154,full_ft_seed0,dmid,iou_pred
205,0.7620817843866171,0.47058823529411764,0.11707317073170732,0.421875,full_ft_seed0,dmid,iou_pred
206,0.7657992565055762,0.47058823529411764,0.11650485436893204,0.42857142857142855,full_ft_seed0,dmid,iou_pred
207,0.7695167286245354,0.49019607843137253,0.12077294685990338,0.41935483870967744,full_ft_seed0,dmid,iou_pred
208,0.7732342007434945,0.5098039215686274,0.125,0.4098360655737705,full_ft_seed0,dmid,iou_pred
209,0.7769516728624535,0.5294117647058824,0.1291866028708134,0.4,full_ft_seed0,dmid,iou_pred
210,0.7806691449814126,0.5294117647058824,0.12857142857142856,0.4067796610169492,full_ft_seed0,dmid,iou_pred
211,0.7843866171003717,0.5294117647058824,0.12796208530805686,0.41379310344827586,full_ft_seed0,dmid,iou_pred
212,0.7881040892193308,0.5294117647058824,0.12735849056603774,0.42105263157894735,full_ft_seed0,dmid,iou_pred
213,0.79182156133829,0.5490196078431373,0.13145539906103287,0.4107142857142857,full_ft_seed0,dmid,iou_pred
214,0.7955390334572491,0.5490196078431373,0.1308411214953271,0.41818181818181815,full_ft_seed0,dmid,iou_pred
215,0.7992565055762082,0.5686274509803921,0.13488372093023257,0.4074074074074074,full_ft_seed0,dmid,iou_pred
216,0.8029739776951673,0.5882352941176471,0.1388888888888889,0.39622641509433965,full_ft_seed0,dmid,iou_pred
217,0.8066914498141264,0.6078431372549019,0.14285714285714285,0.38461538461538464,full_ft_seed0,dmid,iou_pred
218,0.8104089219330854,0.6078431372549019,0.14220183486238533,0.39215686274509803,full_ft_seed0,dmid,iou_pred
219,0.8141263940520446,0.6078431372549019,0.1415525114155251,0.4,full_ft_seed0,dmid,iou_pred
220,0.8178438661710037,0.6274509803921569,0.14545454545454545,0.3877551020408163,full_ft_seed0,dmid,iou_pred
221,0.8215613382899628,0.6470588235294118,0.1493212669683258,0.375,full_ft_seed0,dmid,iou_pred
222,0.8252788104089219,0.6666666666666666,0.15315315315315314,0.3617021276595745,full_ft_seed0,dmid,iou_pred
223,0.828996282527881,0.6666666666666666,0.15246636771300448,0.3695652173913043,full_ft_seed0,dmid,iou_pred
224,0.8327137546468402,0.6862745098039216,0.15625,0.35555555555555557,full_ft_seed0,dmid,iou_pred
225,0.8364312267657993,0.6862745098039216,0.15555555555555556,0.36363636363636365,full_ft_seed0,dmid,iou_pred
226,0.8401486988847584,0.7058823529411765,0.1592920353982301,0.3488372093023256,full_ft_seed0,dmid,iou_pred
227,0.8438661710037175,0.7058823529411765,0.15859030837004406,0.35714285714285715,full_ft_seed0,dmid,iou_pred
228,0.8475836431226765,0.7058823529411765,0.15789473684210525,0.36585365853658536,full_ft_seed0,dmid,iou_pred
229,0.8513011152416357,0.7058823529411765,0.1572052401746725,0.375,full_ft_seed0,dmid,iou_pred
230,0.8550185873605948,0.7254901960784313,0.1608695652173913,0.358974358974359,full_ft_seed0,dmid,iou_pred
231,0.8587360594795539,0.7254901960784313,0.16017316017316016,0.3684210526315789,full_ft_seed0,dmid,iou_pred
232,0.862453531598513,0.7450980392156863,0.16379310344827586,0.35135135135135137,full_ft_seed0,dmid,iou_pred
233,0.8661710037174721,0.7450980392156863,0.1630901287553648,0.3611111111111111,full_ft_seed0,dmid,iou_pred
234,0.8698884758364313,0.7647058823529411,0.16666666666666666,0.34285714285714286,full_ft_seed0,dmid,iou_pred
235,0.8736059479553904,0.7647058823529411,0.16595744680851063,0.35294117647058826,full_ft_seed0,dmid,iou_pred
236,0.8773234200743495,0.7647058823529411,0.1652542372881356,0.36363636363636365,full_ft_seed0,dmid,iou_pred
237,0.8810408921933085,0.7647058823529411,0.16455696202531644,0.375,full_ft_seed0,dmid,iou_pred
238,0.8847583643122676,0.7647058823529411,0.1638655462184874,0.3870967741935484,full_ft_seed0,dmid,iou_pred
239,0.8884758364312267,0.7647058823529411,0.16317991631799164,0.4,full_ft_seed0,dmid,iou_pred
240,0.8921933085501859,0.7647058823529411,0.1625,0.41379310344827586,full_ft_seed0,dmid,iou_pred
241,0.895910780669145,0.7843137254901961,0.16597510373443983,0.39285714285714285,full_ft_seed0,dmid,iou_pred
242,0.8996282527881041,0.7843137254901961,0.1652892561983471,0.4074074074074074,full_ft_seed0,dmid,iou_pred
243,0.9033457249070632,0.7843137254901961,0.1646090534979424,0.4230769230769231,full_ft_seed0,dmid,iou_pred
244,0.9070631970260223,0.7843137254901961,0.16393442622950818,0.44,full_ft_seed0,dmid,iou_pred
245,0.9107806691449815,0.803921568627451,0.1673469387755102,0.4166666666666667,full_ft_seed0,dmid,iou_pred
246,0.9144981412639405,0.8235294117647058,0.17073170731707318,0.391304347826087,full_ft_seed0,dmid,iou_pred
247,0.9182156133828996,0.8431372549019608,0.17408906882591094,0.36363636363636365,full_ft_seed0,dmid,iou_pred
248,0.9219330855018587,0.8431372549019608,0.17338709677419356,0.38095238095238093,full_ft_seed0,dmid,iou_pred
249,0.9256505576208178,0.8431372549019608,0.17269076305220885,0.4,full_ft_seed0,dmid,iou_pred
250,0.929368029739777,0.8627450980392157,0.176,0.3684210526315789,full_ft_seed0,dmid,iou_pred
251,0.9330855018587361,0.8627450980392157,0.1752988047808765,0.3888888888888889,full_ft_seed0,dmid,iou_pred
252,0.9368029739776952,0.8627450980392157,0.1746031746031746,0.4117647058823529,full_ft_seed0,dmid,iou_pred
253,0.9405204460966543,0.8627450980392157,0.17391304347826086,0.4375,full_ft_seed0,dmid,iou_pred
254,0.9442379182156134,0.8823529411764706,0.17716535433070865,0.4,full_ft_seed0,dmid,iou_pred
255,0.9479553903345725,0.9019607843137255,0.1803921568627451,0.35714285714285715,full_ft_seed0,dmid,iou_pred
256,0.9516728624535316,0.9215686274509803,0.18359375,0.3076923076923077,full_ft_seed0,dmid,iou_pred
257,0.9553903345724907,0.9411764705882353,0.1867704280155642,0.25,full_ft_seed0,dmid,iou_pred
258,0.9591078066914498,0.9411764705882353,0.18604651162790697,0.2727272727272727,full_ft_seed0,dmid,iou_pred
259,0.9628252788104089,0.9411764705882353,0.18532818532818532,0.3,full_ft_seed0,dmid,iou_pred
260,0.966542750929368,0.9607843137254902,0.18846153846153846,0.2222222222222222,full_ft_seed0,dmid,iou_pred
261,0.9702602230483272,0.9803921568627451,0.19157088122605365,0.125,full_ft_seed0,dmid,iou_pred
262,0.9739776951672863,0.9803921568627451,0.19083969465648856,0.14285714285714285,full_ft_seed0,dmid,iou_pred
263,0.9776951672862454,0.9803921568627451,0.19011406844106463,0.16666666666666666,full_ft_seed0,dmid,iou_pred
264,0.9814126394052045,0.9803921568627451,0.1893939393939394,0.2,full_ft_seed0,dmid,iou_pred
265,0.9851301115241635,1.0,0.19245283018867926,0.0,full_ft_seed0,dmid,iou_pred
266,0.9888475836431226,1.0,0.19172932330827067,0.0,full_ft_seed0,dmid,iou_pred
267,0.9925650557620818,1.0,0.19101123595505617,0.0,full_ft_seed0,dmid,iou_pred
268,0.9962825278810409,1.0,0.19029850746268656,0.0,full_ft_seed0,dmid,iou_pred
269,1.0,1.0,0.1895910780669145,,full_ft_seed0,dmid,iou_pred
